SHA256	BYTES	TYPE	PATH
715c2f8e21994472b8d3ffe450492554defe11ee6eb152e114c386086c498c3c	5187	UNCLASSIFIED	/root/freya_audit/00_CONTROL/BATCHES/FREYA_IPHONE_I11F_FINAL_PRE_COPY_RECONCILIATION_AND_ENGINE_FINALIZATION/FREYA_IPHONE_I11F_FINAL_PRE_COPY_RECONCILIATION_AND_ENGINE_FINALIZATION_20260803T172344Z_PID641/i11f_reconcile.py
0b1d5e6ae3cdb8aebc453a403e7cb7e53389b0bb82c3c68f7adea33061b41979	6640	CHECKPOINT	/root/freya_audit/00_CONTROL/BATCHES/FREYA_IPHONE_I11F_R2_SCHEMA_AWARE_FINAL_PRE_COPY_RECONCILIATION/FREYA_IPHONE_I11F_R2_SCHEMA_AWARE_FINAL_PRE_COPY_RECONCILIATION_20260803T180433Z_PID726/reconcile.py
08ecf8696e566ef83aadc0b8ae5634cdb19053cca8f761180a8c53c54570bc99	8383	CHECKPOINT	/root/freya_audit/00_CONTROL/BATCHES/FREYA_IPHONE_I11F_R3_ENGINE_NATIVE_POSITIONAL_RECONCILIATION/FREYA_IPHONE_I11F_R3_ENGINE_NATIVE_POSITIONAL_RECONCILIATION_20260803T180844Z_PID1110/reconcile_engine_native.py
1f5b49efa8f8c71ac58f40ba7217fe5d619dc710c1b0cccf3610602de306b149	2802	UNCLASSIFIED	/root/freya_audit/00_CONTROL/SAFE_HARVEST_BUILD_20260802T232521Z_PID8/SAFE_ALLOWLIST_VALIDATOR.sh
bfc07969b71d2597c0dcdee2db749d9437350a46f81e6dd68b9d5130cd72e157	1155	VALIDATOR	/root/freya_audit/00_CONTROL/SAFE_HARVEST_BUILD_20260802T232521Z_PID8/SAFE_CANONICAL_AUTO_HARVEST_PART1.sh
bb3533711d61d2e254eaad95bd47b2fba1871932769c948484e4e9fee7addf70	5641	UNCLASSIFIED	/root/freya_audit/00_CONTROL/SAFE_HARVEST_BUILD_20260802T232521Z_PID8/SAFE_HUMAN_GATED_COPY_ENGINE.sh
f021d222f170af8ce5052c09396fd623077fb174d06e4561f88cf38abb31f70b	1350	UNCLASSIFIED	/root/freya_audit/00_CONTROL/SAFE_HARVEST_BUILD_20260802T232521Z_PID8/SAFE_STAGING_AUDIT_ENGINE.sh
810ffb640742d739c94d703cb3675e97b1ffcb3e97f3aa540671c11883987acc	2732	CHECKPOINT,RECOVERY	/root/freya_audit/00_CONTROL/SCRIPTS/FREYA_IPHONE_B03_IMPORT_LANE_STABILIZATION.sh
761736573075c3788c4b1e3d838e77e9ca0ef22f86da8524aeb3b665af73ee83	2715	CHECKPOINT,RECOVERY	/root/freya_audit/00_CONTROL/SCRIPTS/FREYA_IPHONE_B04_LEGACY_RISK_CENSUS.sh
b9395bf8ad36bbdef870c708588b2831509e2d352355df8dfd3d226d04b420f9	2712	AGENT,CHECKPOINT,CONTROLLER,DISPATCHER,ORCHESTRATOR,PACKAGE,QUEUE,RECOVERY,SUPERVISOR,VALIDATOR,WORKER	/root/freya_audit/00_CONTROL/SCRIPTS/FREYA_IPHONE_B05_COMPONENT_CLASSIFICATION.sh
1c2d131ce1fb50712afeb4a94e3d28378859a070c100c7e1a169e108a308531f	2859	AGENT,CHECKPOINT,CONTROLLER,DISPATCHER,ORCHESTRATOR,PACKAGE,QUEUE,RECOVERY,SUPERVISOR,VALIDATOR,WORKER	/root/freya_audit/00_CONTROL/SCRIPTS/FREYA_IPHONE_B05_R1_BUSYBOX_PORTABLE_COMPONENT_CLASSIFICATION.sh
a1299a760afea97f5122f049d9d910baaa80a489c7fd3a318e5a0cd74b848851	944	UNCLASSIFIED	/root/freya_audit/00_CONTROL/SCRIPTS/FREYA_IPHONE_SHA256_IMPORT_LAUNCHER.sh
1e7139185effbcb68867da6a69210c11d366155a20e96361261df510efee84f9	1520	UNCLASSIFIED	/root/freya_audit/UNITY/SOBA_1_JEZGRO/ars_kalkulator.py
581e11ea845639fd8ebdb8d26e81fab146b9e6e33c9944866cded697fb04db23	1404	UNCLASSIFIED	/root/freya_audit/UNITY/SOBA_1_JEZGRO/ars_stvarnost.py
38e5f20464d20f7452047d33c035ed62227e0cedbb61b45db28ff9befc3daa25	1731	UNCLASSIFIED	/root/freya_audit/UNITY/SOBA_1_JEZGRO/auto_ars_kalkulator.py
2aa209edd1e58f1e10cb6b21a3002c1a9d9b23387cf8bd77ef8a416f02628671	2270	UNCLASSIFIED	/root/freya_audit/UNITY/SOBA_1_JEZGRO/faza_A_auto.sh
c0c6973285575b4d36613bfe175959b000c6fe6e47ae458c24ecc3f32a844278	656	UNCLASSIFIED	/root/freya_audit/UNITY/SOBA_1_JEZGRO/faza_A_fast.sh
12531c6a8b7d3a212e30d0f0ca732ea22d64f1ef4e82d72561681936779d0a9c	2159	UNCLASSIFIED	/root/freya_audit/UNITY/SOBA_1_JEZGRO/faza_B_auto.py
14ddc3a33440fc69a94a084d94690168e091b7a3fc40188930b5d6ac419cc87e	2540	UNCLASSIFIED	/root/freya_audit/UNITY/SOBA_1_JEZGRO/forenzika_and_todo.py
098b92aa0ea537ab80df90039c4701cb36e40f89d0187788d8c350b24365c364	1325	UNCLASSIFIED	/root/freya_audit/UNITY/SOBA_1_JEZGRO/gate_control.sh
cd522e136da39a8436ecab0929f384f77672032285c93e05ee7dd000d8d896fb	758	UNCLASSIFIED	/root/freya_audit/UNITY/SOBA_1_JEZGRO/hitna_lista.py
b7ecd01f23dbb67dbbc14c770ebc4e6245f7308207402fe7915204f617ad1226	1631	UNCLASSIFIED	/root/freya_audit/UNITY/SOBA_1_JEZGRO/human_gate_faza1.py
eb0bffab491aa787b369c12be992bae6dab12a3b0ed28dbfa10bd9a66e7ddf32	1258	UNCLASSIFIED	/root/freya_audit/UNITY/SOBA_1_JEZGRO/human_gate_faza2.py
24ef67b5ce31c49884c6062726d0c7dcf10aebf1dd50c23c3238df0c88bf7709	1774	UNCLASSIFIED	/root/freya_audit/UNITY/SOBA_1_JEZGRO/human_gate_faza3.py
b440c25fdc2c27061a3bca3736265ddacec61355825e1aeaab1c254c079de03c	4048	ORCHESTRATOR	/root/freya_audit/UNITY/SOBA_1_JEZGRO/ish_zlato_NOW.sh
5ae20de2f27fa5483646eceb6d96a2bd8090c5caab29128ab6f1e69b95ce471e	1016	UNCLASSIFIED	/root/freya_audit/UNITY/SOBA_1_JEZGRO/linkedin_asistent.py
7edd4f8a91e991a259abf788800a617d0d4056a8b82726e4ab0802bd5d277e31	1454	UNCLASSIFIED	/root/freya_audit/UNITY/SOBA_1_JEZGRO/master_auto_888.sh
d4568397d4db1755648b2da8f4116a4c78e8515b0309b0752108f1e9657d9ad0	1046	UNCLASSIFIED	/root/freya_audit/UNITY/SOBA_1_JEZGRO/piton.py
77c07d0d3af7c19d15e3e4222f506c400ff2a8528ac27431ab3c1926c01cc034	1240	AGENT	/root/freya_audit/UNITY/SOBA_1_JEZGRO/politika.py
20eb829df9838b67bf97880c8bec6e05f1ec9df5b79c6748e9fc0d293ae54990	2589	UNCLASSIFIED	/root/freya_audit/UNITY/SOBA_1_JEZGRO/titan_self_heal_v2.sh
d962a6daae792e6c4db32faa15a23612c851c6e4e7c750865c7ab97f68df5e55	1578	UNCLASSIFIED	/root/freya_audit/UNITY/SOBA_1_JEZGRO/vip_imenik.py
2a3ef469749b192cd3221414a9def375ae470da6b2d4fd2211af49534d1f7215	726	UNCLASSIFIED	/root/freya_audit/UNITY/SOBA_2_ZNANJE/PHONE_FULL_KNOWLEDGE_COPY_20260704_174201/media/usb/obsidian/3_SISTEM_I_SKRIPTE/auto_harvest.sh
70109eefd8468a9506fe0c1cae4ed70d8c4a4619caeda8ef143a1fe18e636b41	1389	UNCLASSIFIED	/root/freya_audit/UNITY/SOBA_2_ZNANJE/PHONE_FULL_KNOWLEDGE_COPY_20260704_174201/media/usb/obsidian/3_SISTEM_I_SKRIPTE/cmu_pregled.sh
e45aa1d3327f413932d35641cd5258a9b48100cc9f9f558537f165282ecf3d18	1831	UNCLASSIFIED	/root/freya_audit/UNITY/SOBA_2_ZNANJE/PHONE_FULL_KNOWLEDGE_COPY_20260704_174201/media/usb/obsidian/3_SISTEM_I_SKRIPTE/iphone_alpine_enforcer.sh
663329ecb9b140922799414b5468d1050c703d6ecd1357191c537de68a79cf28	244	UNCLASSIFIED	/root/freya_audit/UNITY/SOBA_2_ZNANJE/PHONE_FULL_KNOWLEDGE_COPY_20260704_174201/media/usb/obsidian/3_SISTEM_I_SKRIPTE/titan_harvest_d.sh
7540f7ff4702d94e010e522ce9245d7a5a737194321c5bce42bc9c674e25c0cc	2160	UNCLASSIFIED	/root/freya_audit/UNITY/SOBA_2_ZNANJE/PHONE_FULL_KNOWLEDGE_COPY_20260704_174201/media/usb/obsidian/3_SISTEM_I_SKRIPTE/titan_self_heal.sh
add66f64052807d790d491c99f4fdf6caa90b6d514ea81a1023452c32c914834	1941	UNCLASSIFIED	/root/freya_audit/UNITY/SOBA_2_ZNANJE/PHONE_FULL_KNOWLEDGE_COPY_20260704_174201/media/usb/obsidian/3_SISTEM_I_SKRIPTE/titan_sentinel_d.sh
2a3ef469749b192cd3221414a9def375ae470da6b2d4fd2211af49534d1f7215	726	UNCLASSIFIED	/root/freya_audit/UNITY/SOBA_2_ZNANJE/PHONE_FULL_KNOWLEDGE_COPY_20260704_174201/mnt/obsidian/3_SISTEM_I_SKRIPTE/auto_harvest.sh
70109eefd8468a9506fe0c1cae4ed70d8c4a4619caeda8ef143a1fe18e636b41	1389	UNCLASSIFIED	/root/freya_audit/UNITY/SOBA_2_ZNANJE/PHONE_FULL_KNOWLEDGE_COPY_20260704_174201/mnt/obsidian/3_SISTEM_I_SKRIPTE/cmu_pregled.sh
e45aa1d3327f413932d35641cd5258a9b48100cc9f9f558537f165282ecf3d18	1831	UNCLASSIFIED	/root/freya_audit/UNITY/SOBA_2_ZNANJE/PHONE_FULL_KNOWLEDGE_COPY_20260704_174201/mnt/obsidian/3_SISTEM_I_SKRIPTE/iphone_alpine_enforcer.sh
663329ecb9b140922799414b5468d1050c703d6ecd1357191c537de68a79cf28	244	UNCLASSIFIED	/root/freya_audit/UNITY/SOBA_2_ZNANJE/PHONE_FULL_KNOWLEDGE_COPY_20260704_174201/mnt/obsidian/3_SISTEM_I_SKRIPTE/titan_harvest_d.sh
7540f7ff4702d94e010e522ce9245d7a5a737194321c5bce42bc9c674e25c0cc	2160	UNCLASSIFIED	/root/freya_audit/UNITY/SOBA_2_ZNANJE/PHONE_FULL_KNOWLEDGE_COPY_20260704_174201/mnt/obsidian/3_SISTEM_I_SKRIPTE/titan_self_heal.sh
add66f64052807d790d491c99f4fdf6caa90b6d514ea81a1023452c32c914834	1941	UNCLASSIFIED	/root/freya_audit/UNITY/SOBA_2_ZNANJE/PHONE_FULL_KNOWLEDGE_COPY_20260704_174201/mnt/obsidian/3_SISTEM_I_SKRIPTE/titan_sentinel_d.sh
8303541b0fea045fb93e228f6ba69227fe664d67adb7b4661c0122b42c958a37	2667	UNCLASSIFIED	/root/freya_audit/UNITY/SOBA_2_ZNANJE/PHONE_FULL_KNOWLEDGE_COPY_20260704_174201/root/Desktop/IPHONE_SCRIPT_HEALING_VOLIM_TE_20260702_234718/02_HEALED_COPIES/iphone_alpine_enforcer.HEALED_VOLIM_TE.sh
0fe92e094d8c58aa3290f16b5a45820494912ee52f760f887907a32efba89329	968	UNCLASSIFIED	/root/freya_audit/UNITY/SOBA_2_ZNANJE/PHONE_FULL_KNOWLEDGE_COPY_20260704_174201/root/Desktop/IPHONE_SCRIPT_HEALING_VOLIM_TE_20260702_234718/02_HEALED_COPIES/titan_harvest_d.HEALED_VOLIM_TE.sh
d8b24fd4a9297e2c0b25cb3541507cd18061f241c59d7fa77b2db43b6882d0dd	2854	UNCLASSIFIED	/root/freya_audit/UNITY/SOBA_2_ZNANJE/PHONE_FULL_KNOWLEDGE_COPY_20260704_174201/root/Desktop/IPHONE_SCRIPT_HEALING_VOLIM_TE_20260702_234718/02_HEALED_COPIES/titan_self_heal.HEALED_VOLIM_TE.sh
50a2cffcb2d26b147b23a771c9a6326ece0704a1df6e0d72c0abdb8c6ce8783a	2666	UNCLASSIFIED	/root/freya_audit/UNITY/SOBA_2_ZNANJE/PHONE_FULL_KNOWLEDGE_COPY_20260704_174201/root/Desktop/IPHONE_SCRIPT_HEALING_VOLIM_TE_20260702_234718/02_HEALED_COPIES/titan_sentinel_d.HEALED_VOLIM_TE.sh
a55023129069f1b55cf8dd007e616852ec375ce6c9fe647f5712e5eff0856860	2759	UNCLASSIFIED	/root/freya_audit/UNITY/SOBA_2_ZNANJE/PHONE_FULL_KNOWLEDGE_COPY_20260704_174201/root/Desktop/IPHONE_SCRIPT_HEALING_VOLIM_TE_20260702_234718/05_HEALED_V2_SAFE_WRAPPERS/iphone_alpine_enforcer.HEALED_VOLIM_TE_V2_SAFE.sh
17a9042548a049457b1fdefb63d2df8f925fbce7380ff55f2785ecef844d3bce	1151	UNCLASSIFIED	/root/freya_audit/UNITY/SOBA_2_ZNANJE/PHONE_FULL_KNOWLEDGE_COPY_20260704_174201/root/Desktop/IPHONE_SCRIPT_HEALING_VOLIM_TE_20260702_234718/05_HEALED_V2_SAFE_WRAPPERS/titan_harvest_d.HEALED_VOLIM_TE_V2_SAFE.sh
b8d18f5d8275128fd9e4613adfb480084418fc0d8714826509273c418aa619ec	3067	UNCLASSIFIED	/root/freya_audit/UNITY/SOBA_2_ZNANJE/PHONE_FULL_KNOWLEDGE_COPY_20260704_174201/root/Desktop/IPHONE_SCRIPT_HEALING_VOLIM_TE_20260702_234718/05_HEALED_V2_SAFE_WRAPPERS/titan_self_heal.HEALED_VOLIM_TE_V2_SAFE.sh
43c7d523fff0d11477131840bffc12f51ecb21c93857bd97b612903be124e475	2851	UNCLASSIFIED	/root/freya_audit/UNITY/SOBA_2_ZNANJE/PHONE_FULL_KNOWLEDGE_COPY_20260704_174201/root/Desktop/IPHONE_SCRIPT_HEALING_VOLIM_TE_20260702_234718/05_HEALED_V2_SAFE_WRAPPERS/titan_sentinel_d.HEALED_VOLIM_TE_V2_SAFE.sh
2a3ef469749b192cd3221414a9def375ae470da6b2d4fd2211af49534d1f7215	726	UNCLASSIFIED	/root/freya_audit/UNITY/SOBA_2_ZNANJE/PHONE_FULL_KNOWLEDGE_COPY_20260704_174201/root/Documents/TITAN_FINALNI_IZVOZ/Obsidian_Glavni_Trezor/3_SISTEM_I_SKRIPTE/auto_harvest.sh
70109eefd8468a9506fe0c1cae4ed70d8c4a4619caeda8ef143a1fe18e636b41	1389	UNCLASSIFIED	/root/freya_audit/UNITY/SOBA_2_ZNANJE/PHONE_FULL_KNOWLEDGE_COPY_20260704_174201/root/Documents/TITAN_FINALNI_IZVOZ/Obsidian_Glavni_Trezor/3_SISTEM_I_SKRIPTE/cmu_pregled.sh
e45aa1d3327f413932d35641cd5258a9b48100cc9f9f558537f165282ecf3d18	1831	UNCLASSIFIED	/root/freya_audit/UNITY/SOBA_2_ZNANJE/PHONE_FULL_KNOWLEDGE_COPY_20260704_174201/root/Documents/TITAN_FINALNI_IZVOZ/Obsidian_Glavni_Trezor/3_SISTEM_I_SKRIPTE/iphone_alpine_enforcer.sh
663329ecb9b140922799414b5468d1050c703d6ecd1357191c537de68a79cf28	244	UNCLASSIFIED	/root/freya_audit/UNITY/SOBA_2_ZNANJE/PHONE_FULL_KNOWLEDGE_COPY_20260704_174201/root/Documents/TITAN_FINALNI_IZVOZ/Obsidian_Glavni_Trezor/3_SISTEM_I_SKRIPTE/titan_harvest_d.sh
7540f7ff4702d94e010e522ce9245d7a5a737194321c5bce42bc9c674e25c0cc	2160	UNCLASSIFIED	/root/freya_audit/UNITY/SOBA_2_ZNANJE/PHONE_FULL_KNOWLEDGE_COPY_20260704_174201/root/Documents/TITAN_FINALNI_IZVOZ/Obsidian_Glavni_Trezor/3_SISTEM_I_SKRIPTE/titan_self_heal.sh
add66f64052807d790d491c99f4fdf6caa90b6d514ea81a1023452c32c914834	1941	UNCLASSIFIED	/root/freya_audit/UNITY/SOBA_2_ZNANJE/PHONE_FULL_KNOWLEDGE_COPY_20260704_174201/root/Documents/TITAN_FINALNI_IZVOZ/Obsidian_Glavni_Trezor/3_SISTEM_I_SKRIPTE/titan_sentinel_d.sh
1cddb641891909667dd21dae9333444f2e08096cdb9504bda1c1d8c6651fd863	1898	UNCLASSIFIED	/root/freya_audit/UNITY/SOBA_2_ZNANJE/PHONE_FULL_KNOWLEDGE_COPY_20260704_174201/root/FREYA_IPHONE/scripts/FREYA-IPHONE-001_FOUNDATION.sh
8d1b3a27d731fadb2dd9d5417868f1b085dc6ca0418a2855a042520c235d4a70	1131	UNCLASSIFIED	/root/freya_audit/UNITY/SOBA_2_ZNANJE/PHONE_FULL_KNOWLEDGE_COPY_20260704_174201/root/FREYA_IPHONE/scripts/FREYA-IPHONE-002_EXPORT_TO_ANDROID.sh
53ebea16bf458be90c146434e257c69cb1df0512214a1d0ad0adaef3399287a2	1336	ORCHESTRATOR	/root/freya_audit/UNITY/SOBA_2_ZNANJE/PHONE_FULL_KNOWLEDGE_COPY_20260704_174201/root/FREYA_IPHONE/scripts/FREYA-IPHONE-D01_D02_KNOWLEDGE_HARVEST.sh
f2851a43c20f218053ba054e080d6c380306f111171ea5162d704a04528af37b	2196	UNCLASSIFIED	/root/freya_audit/UNITY/SOBA_2_ZNANJE/PHONE_FULL_KNOWLEDGE_COPY_20260704_174201/root/FREYA_IPHONE/scripts/FREYA-IPHONE-D03_KNOWLEDGE_OBJECTS.sh
8de6467763bf4ac9b5c7e35a2e82e5b501be34fad89177d81c5b428b797e416a	2004	UNCLASSIFIED	/root/freya_audit/UNITY/SOBA_2_ZNANJE/PHONE_FULL_KNOWLEDGE_COPY_20260704_174201/root/FREYA_IPHONE/scripts/FREYA-IPHONE-D04_PACKET_BUILDER.sh
2a3ef469749b192cd3221414a9def375ae470da6b2d4fd2211af49534d1f7215	726	UNCLASSIFIED	/root/freya_audit/UNITY/SOBA_2_ZNANJE/PHONE_FULL_KNOWLEDGE_COPY_20260704_174201/root/FREYA_SSOT/08_EXTRACTED/11_TITAN_SPAS.tar.gz/Obsidian_Glavni_Trezor/3_SISTEM_I_SKRIPTE/auto_harvest.sh
70109eefd8468a9506fe0c1cae4ed70d8c4a4619caeda8ef143a1fe18e636b41	1389	UNCLASSIFIED	/root/freya_audit/UNITY/SOBA_2_ZNANJE/PHONE_FULL_KNOWLEDGE_COPY_20260704_174201/root/FREYA_SSOT/08_EXTRACTED/11_TITAN_SPAS.tar.gz/Obsidian_Glavni_Trezor/3_SISTEM_I_SKRIPTE/cmu_pregled.sh
e45aa1d3327f413932d35641cd5258a9b48100cc9f9f558537f165282ecf3d18	1831	UNCLASSIFIED	/root/freya_audit/UNITY/SOBA_2_ZNANJE/PHONE_FULL_KNOWLEDGE_COPY_20260704_174201/root/FREYA_SSOT/08_EXTRACTED/11_TITAN_SPAS.tar.gz/Obsidian_Glavni_Trezor/3_SISTEM_I_SKRIPTE/iphone_alpine_enforcer.sh
663329ecb9b140922799414b5468d1050c703d6ecd1357191c537de68a79cf28	244	UNCLASSIFIED	/root/freya_audit/UNITY/SOBA_2_ZNANJE/PHONE_FULL_KNOWLEDGE_COPY_20260704_174201/root/FREYA_SSOT/08_EXTRACTED/11_TITAN_SPAS.tar.gz/Obsidian_Glavni_Trezor/3_SISTEM_I_SKRIPTE/titan_harvest_d.sh
7540f7ff4702d94e010e522ce9245d7a5a737194321c5bce42bc9c674e25c0cc	2160	UNCLASSIFIED	/root/freya_audit/UNITY/SOBA_2_ZNANJE/PHONE_FULL_KNOWLEDGE_COPY_20260704_174201/root/FREYA_SSOT/08_EXTRACTED/11_TITAN_SPAS.tar.gz/Obsidian_Glavni_Trezor/3_SISTEM_I_SKRIPTE/titan_self_heal.sh
add66f64052807d790d491c99f4fdf6caa90b6d514ea81a1023452c32c914834	1941	UNCLASSIFIED	/root/freya_audit/UNITY/SOBA_2_ZNANJE/PHONE_FULL_KNOWLEDGE_COPY_20260704_174201/root/FREYA_SSOT/08_EXTRACTED/11_TITAN_SPAS.tar.gz/Obsidian_Glavni_Trezor/3_SISTEM_I_SKRIPTE/titan_sentinel_d.sh
323a623bd1cdeb6bb3e52383aa236b74871c745b8cb085f6812705ee9c1d63a7	1456	UNCLASSIFIED	/root/freya_audit/UNITY/SOBA_2_ZNANJE/PHONE_FULL_KNOWLEDGE_COPY_20260704_174201/root/FREYA_SSOT/08_EXTRACTED/3_IPHONE_TITAN_EXPORT_PACKET.tar.gz/IPHONE_TITAN_EXPORT_PACKET/_root_DELTA_CORE_v1_0.py
323a623bd1cdeb6bb3e52383aa236b74871c745b8cb085f6812705ee9c1d63a7	1456	UNCLASSIFIED	/root/freya_audit/UNITY/SOBA_2_ZNANJE/PHONE_FULL_KNOWLEDGE_COPY_20260704_174201/root/FREYA_SSOT/08_EXTRACTED/3_IPHONE_TITAN_EXPORT_PACKET.tar.gz/IPHONE_TITAN_EXPORT_PACKET/_root_DELTA_FINAL_EXPORT_SOUL_EXPORT_20260519_1232_Scripts_DELTA_CORE_v1_0.py
22684a7022143838ad2f71d21d243488e4a1d4a053e7fcfbc5aea78b893ad22b	6110	AGENT	/root/freya_audit/UNITY/SOBA_2_ZNANJE/PHONE_FULL_KNOWLEDGE_COPY_20260704_174201/root/FREYA_SSOT/08_EXTRACTED/3_IPHONE_TITAN_EXPORT_PACKET.tar.gz/IPHONE_TITAN_EXPORT_PACKET/_root_DELTA_FINAL_EXPORT_SOUL_EXPORT_20260519_1232_Scripts_DELTA_UNITY_ENGINE_v1_7.py
db0d1fd704f188e0ac5ef0bd7eb1cee032050c593a645ebf3660a5c21e861807	3513	UNCLASSIFIED	/root/freya_audit/UNITY/SOBA_2_ZNANJE/PHONE_FULL_KNOWLEDGE_COPY_20260704_174201/root/FREYA_SSOT/08_EXTRACTED/3_IPHONE_TITAN_EXPORT_PACKET.tar.gz/IPHONE_TITAN_EXPORT_PACKET/_root_DELTA_FINAL_EXPORT_SOUL_EXPORT_20260519_1232_Scripts_iphone_sha_analyzer.py
db0d1fd704f188e0ac5ef0bd7eb1cee032050c593a645ebf3660a5c21e861807	3513	UNCLASSIFIED	/root/freya_audit/UNITY/SOBA_2_ZNANJE/PHONE_FULL_KNOWLEDGE_COPY_20260704_174201/root/FREYA_SSOT/08_EXTRACTED/3_IPHONE_TITAN_EXPORT_PACKET.tar.gz/IPHONE_TITAN_EXPORT_PACKET/_root_DELTA_FINAL_EXPORT_Scripts_iphone_sha_analyzer.py
22684a7022143838ad2f71d21d243488e4a1d4a053e7fcfbc5aea78b893ad22b	6110	AGENT	/root/freya_audit/UNITY/SOBA_2_ZNANJE/PHONE_FULL_KNOWLEDGE_COPY_20260704_174201/root/FREYA_SSOT/08_EXTRACTED/3_IPHONE_TITAN_EXPORT_PACKET.tar.gz/IPHONE_TITAN_EXPORT_PACKET/_root_DELTA_UNITY_ENGINE_v1_7.py
081248d59fc78901e1238c4856e9ca8ef5644199101a92246126bd10b5013d86	65772	WORKER	/root/freya_audit/UNITY/SOBA_2_ZNANJE/PHONE_FULL_KNOWLEDGE_COPY_20260704_174201/root/FREYA_SSOT/08_EXTRACTED/3_IPHONE_TITAN_EXPORT_PACKET.tar.gz/IPHONE_TITAN_EXPORT_PACKET/_root_Documents_003._PPP_titan_grid_v5_max_pojaczony.py
13cc5301e437b390639297ca6b0dd89e7085feb3885b9e7e7cb6774f86732661	62981	UNCLASSIFIED	/root/freya_audit/UNITY/SOBA_2_ZNANJE/PHONE_FULL_KNOWLEDGE_COPY_20260704_174201/root/FREYA_SSOT/08_EXTRACTED/3_IPHONE_TITAN_EXPORT_PACKET.tar.gz/IPHONE_TITAN_EXPORT_PACKET/_root_Documents_003._PPP_titan_grid_vdr_enterprise_v3_4.py
5b379991662ebc7e9ed9641128ab065673b69026c2ce9783e3609031b797f0b5	25946	UNCLASSIFIED	/root/freya_audit/UNITY/SOBA_2_ZNANJE/PHONE_FULL_KNOWLEDGE_COPY_20260704_174201/root/FREYA_SSOT/08_EXTRACTED/3_IPHONE_TITAN_EXPORT_PACKET.tar.gz/IPHONE_TITAN_EXPORT_PACKET/_root_Documents_003._PPP_titan_grid_vdr_ultimate_final_clean.py
3b93a6c54ee70ceb8a893ce989f6f19fc38ad750a2ca0ff6e365976d93777c04	4667	PACKAGE	/root/freya_audit/UNITY/SOBA_2_ZNANJE/PHONE_FULL_KNOWLEDGE_COPY_20260704_174201/root/FREYA_SSOT/08_EXTRACTED/3_IPHONE_TITAN_EXPORT_PACKET.tar.gz/IPHONE_TITAN_EXPORT_PACKET/_root_Documents_004.DELTA_37_system_index_builder.py
0d59f8875cdeec0488238dd62e877f4e22fb24e3724a5f109f10996d34587eb2	47757	PACKAGE	/root/freya_audit/UNITY/SOBA_2_ZNANJE/PHONE_FULL_KNOWLEDGE_COPY_20260704_174201/root/FREYA_SSOT/08_EXTRACTED/3_IPHONE_TITAN_EXPORT_PACKET.tar.gz/IPHONE_TITAN_EXPORT_PACKET/_root_Documents_0200_TITANGRID_DELTA_888_DIGITAL_TRANSFORMER.py
97a18cecc6af347637429d2765731ee758a2b0597568c702430ed27b504507ac	1914	UNCLASSIFIED	/root/freya_audit/UNITY/SOBA_2_ZNANJE/PHONE_FULL_KNOWLEDGE_COPY_20260704_174201/root/FREYA_SSOT/08_EXTRACTED/3_IPHONE_TITAN_EXPORT_PACKET.tar.gz/IPHONE_TITAN_EXPORT_PACKET/_root_Documents_569_generate_SIGNALNI_MEMORANDUM_TITAN1.py
323a623bd1cdeb6bb3e52383aa236b74871c745b8cb085f6812705ee9c1d63a7	1456	UNCLASSIFIED	/root/freya_audit/UNITY/SOBA_2_ZNANJE/PHONE_FULL_KNOWLEDGE_COPY_20260704_174201/root/FREYA_SSOT/08_EXTRACTED/3_IPHONE_TITAN_EXPORT_PACKET.tar.gz/IPHONE_TITAN_EXPORT_PACKET/_root_Documents_SOUL_EXPORT_20260519_1232_Scripts_DELTA_CORE_v1_0.py
22684a7022143838ad2f71d21d243488e4a1d4a053e7fcfbc5aea78b893ad22b	6110	AGENT	/root/freya_audit/UNITY/SOBA_2_ZNANJE/PHONE_FULL_KNOWLEDGE_COPY_20260704_174201/root/FREYA_SSOT/08_EXTRACTED/3_IPHONE_TITAN_EXPORT_PACKET.tar.gz/IPHONE_TITAN_EXPORT_PACKET/_root_Documents_SOUL_EXPORT_20260519_1232_Scripts_DELTA_UNITY_ENGINE_v1_7.py
fcff4c9755243b9b7d27a9433693b06fcb0bbba4cdb988bdab8d6bfce0a45e95	5060	UNCLASSIFIED	/root/freya_audit/UNITY/SOBA_2_ZNANJE/PHONE_FULL_KNOWLEDGE_COPY_20260704_174201/root/FREYA_SSOT/08_EXTRACTED/3_IPHONE_TITAN_EXPORT_PACKET.tar.gz/IPHONE_TITAN_EXPORT_PACKET/_root_Documents_TITAN_FINAL_01.04_grok_central_brain_exporter.py
c90ad565070c2dbbe7c2fdc3715c762d729546c4190349d1d645d5a9d8c5605d	526	UNCLASSIFIED	/root/freya_audit/UNITY/SOBA_2_ZNANJE/PHONE_FULL_KNOWLEDGE_COPY_20260704_174201/root/FREYA_SSOT/08_EXTRACTED/3_IPHONE_TITAN_EXPORT_PACKET.tar.gz/IPHONE_TITAN_EXPORT_PACKET/_root_Documents_TITAN_FINAL_03.03_build_control_tower_v1.py
654ea28ff09e9ed9691e8965d895140647db28d022fd304b134582d041a04afe	2674	UNCLASSIFIED	/root/freya_audit/UNITY/SOBA_2_ZNANJE/PHONE_FULL_KNOWLEDGE_COPY_20260704_174201/root/FREYA_SSOT/08_EXTRACTED/3_IPHONE_TITAN_EXPORT_PACKET.tar.gz/IPHONE_TITAN_EXPORT_PACKET/_root_Documents_TITAN_FINAL_03.03_grok_payload_v6_2.py
fe9c2dffce2623f4c6bd9c212b8fb9a8be4c69902690aa61d7fb61683552ca4a	30287	UNCLASSIFIED	/root/freya_audit/UNITY/SOBA_2_ZNANJE/PHONE_FULL_KNOWLEDGE_COPY_20260704_174201/root/FREYA_SSOT/08_EXTRACTED/3_IPHONE_TITAN_EXPORT_PACKET.tar.gz/IPHONE_TITAN_EXPORT_PACKET/_root_Documents_TITAN_FINAL_03.03_titan_central_brain_v6_1_generator.py
e885ba6e3c7c6b1b56aa7d5afe37d1eae7e3cce182c0ae159e27e8ae32805801	1089	UNCLASSIFIED	/root/freya_audit/UNITY/SOBA_2_ZNANJE/PHONE_FULL_KNOWLEDGE_COPY_20260704_174201/root/FREYA_SSOT/08_EXTRACTED/3_IPHONE_TITAN_EXPORT_PACKET.tar.gz/IPHONE_TITAN_EXPORT_PACKET/_root_Documents_TITAN_FINAL_27.03_TITAN_Data_Room_v6_3_Automated_AUTOMATE_ALL_DOCUMENTS.py
e48cdd9ef01fb645e74e17a519cc595054f121467ea56385b827b4b67af6caa5	19294	PACKAGE	/root/freya_audit/UNITY/SOBA_2_ZNANJE/PHONE_FULL_KNOWLEDGE_COPY_20260704_174201/root/FREYA_SSOT/08_EXTRACTED/3_IPHONE_TITAN_EXPORT_PACKET.tar.gz/IPHONE_TITAN_EXPORT_PACKET/_root_Documents_TITAN_FINAL_27.03_TITAN_v5_0_board_ic_dashboard_upgrade.py
4fb527807d4c2f6d70e17148719356881587d083cc83b2d58ff78324c9006580	22811	UNCLASSIFIED	/root/freya_audit/UNITY/SOBA_2_ZNANJE/PHONE_FULL_KNOWLEDGE_COPY_20260704_174201/root/FREYA_SSOT/08_EXTRACTED/3_IPHONE_TITAN_EXPORT_PACKET.tar.gz/IPHONE_TITAN_EXPORT_PACKET/_root_Documents_TITAN_FINAL_31.03_grok_automated_mutation_generator.py
c0fec1c32825b2e5ee4543339ec81b089bff7644d45be07591455144951cea60	76964	PACKAGE,SUPERVISOR	/root/freya_audit/UNITY/SOBA_2_ZNANJE/PHONE_FULL_KNOWLEDGE_COPY_20260704_174201/root/FREYA_SSOT/08_EXTRACTED/3_IPHONE_TITAN_EXPORT_PACKET.tar.gz/IPHONE_TITAN_EXPORT_PACKET/_root_Documents_Titan_grid_Prezentacija_Nove_kalkulacija__24.03_25.03_Titan_Grid_v52_Data_Room_Ready_99_Admin_Titan_Grid_v52_OneClick_Generator.py
74ce33581350675ab1c15a1f6b08ccbeb18309b68415f2db913f8633f4d0a6ea	1190	UNCLASSIFIED	/root/freya_audit/UNITY/SOBA_2_ZNANJE/PHONE_FULL_KNOWLEDGE_COPY_20260704_174201/root/FREYA_SSOT/08_EXTRACTED/3_IPHONE_TITAN_EXPORT_PACKET.tar.gz/IPHONE_TITAN_EXPORT_PACKET/_root_Documents_Titan_grid_Prezentacija_Nove_kalkulacija__24.03_25.03_sources_uses_bridge.py
2af05d20a48829279e390424b9fcc233db834c6a0f405abef2fd962f7259b547	3671	UNCLASSIFIED	/root/freya_audit/UNITY/SOBA_2_ZNANJE/PHONE_FULL_KNOWLEDGE_COPY_20260704_174201/root/FREYA_SSOT/08_EXTRACTED/3_IPHONE_TITAN_EXPORT_PACKET.tar.gz/IPHONE_TITAN_EXPORT_PACKET/_root_Documents_Titan_grid_Prezentacija_Nove_kalkulacija__24.03_25.03_validator.py
4f3a200983234285d0605513c78c62e3b6e63f5f29320604a29f5c5e31227f93	2698	UNCLASSIFIED	/root/freya_audit/UNITY/SOBA_2_ZNANJE/PHONE_FULL_KNOWLEDGE_COPY_20260704_174201/root/FREYA_SSOT/08_EXTRACTED/3_IPHONE_TITAN_EXPORT_PACKET.tar.gz/IPHONE_TITAN_EXPORT_PACKET/_root_Documents_extract_titan1_deep_harvest.py
4c9f98241cd26655683877954cd7563365050e80203f6530b76833c61df18841	2257	UNCLASSIFIED	/root/freya_audit/UNITY/SOBA_2_ZNANJE/PHONE_FULL_KNOWLEDGE_COPY_20260704_174201/root/FREYA_SSOT/08_EXTRACTED/3_IPHONE_TITAN_EXPORT_PACKET.tar.gz/IPHONE_TITAN_EXPORT_PACKET/_root_Documents_titan1_light_harmonizer.py
323a623bd1cdeb6bb3e52383aa236b74871c745b8cb085f6812705ee9c1d63a7	1456	UNCLASSIFIED	/root/freya_audit/UNITY/SOBA_2_ZNANJE/PHONE_FULL_KNOWLEDGE_COPY_20260704_174201/root/FREYA_SSOT/08_EXTRACTED/3_IPHONE_TITAN_EXPORT_PACKET.tar.gz/IPHONE_TITAN_EXPORT_PACKET/_root_PVE_ALPINE_VALUE_EXPORT_PACKET_20260525_054348_FILES_FILE_DELTA_CORE_v1_0.py
22684a7022143838ad2f71d21d243488e4a1d4a053e7fcfbc5aea78b893ad22b	6110	AGENT	/root/freya_audit/UNITY/SOBA_2_ZNANJE/PHONE_FULL_KNOWLEDGE_COPY_20260704_174201/root/FREYA_SSOT/08_EXTRACTED/3_IPHONE_TITAN_EXPORT_PACKET.tar.gz/IPHONE_TITAN_EXPORT_PACKET/_root_PVE_ALPINE_VALUE_EXPORT_PACKET_20260525_054348_FILES_FILE_DELTA_UNITY_ENGINE_v1_7.py
0d59f8875cdeec0488238dd62e877f4e22fb24e3724a5f109f10996d34587eb2	47757	PACKAGE	/root/freya_audit/UNITY/SOBA_2_ZNANJE/PHONE_FULL_KNOWLEDGE_COPY_20260704_174201/root/FREYA_SSOT/08_EXTRACTED/3_IPHONE_TITAN_EXPORT_PACKET.tar.gz/IPHONE_TITAN_EXPORT_PACKET/_root_PVE_ALPINE_VALUE_EXPORT_PACKET_20260525_054348_FILES_FILE_TITANGRID_DELTA_888_DIGITAL_TRANSFORMER.py
c90ad565070c2dbbe7c2fdc3715c762d729546c4190349d1d645d5a9d8c5605d	526	UNCLASSIFIED	/root/freya_audit/UNITY/SOBA_2_ZNANJE/PHONE_FULL_KNOWLEDGE_COPY_20260704_174201/root/FREYA_SSOT/08_EXTRACTED/3_IPHONE_TITAN_EXPORT_PACKET.tar.gz/IPHONE_TITAN_EXPORT_PACKET/_root_PVE_ALPINE_VALUE_EXPORT_PACKET_20260525_054348_FILES_FILE_build_control_tower_v1.py
97a18cecc6af347637429d2765731ee758a2b0597568c702430ed27b504507ac	1914	UNCLASSIFIED	/root/freya_audit/UNITY/SOBA_2_ZNANJE/PHONE_FULL_KNOWLEDGE_COPY_20260704_174201/root/FREYA_SSOT/08_EXTRACTED/3_IPHONE_TITAN_EXPORT_PACKET.tar.gz/IPHONE_TITAN_EXPORT_PACKET/_root_PVE_ALPINE_VALUE_EXPORT_PACKET_20260525_054348_FILES_FILE_generate_SIGNALNI_MEMORANDUM_TITAN1.py
fe9c2dffce2623f4c6bd9c212b8fb9a8be4c69902690aa61d7fb61683552ca4a	30287	UNCLASSIFIED	/root/freya_audit/UNITY/SOBA_2_ZNANJE/PHONE_FULL_KNOWLEDGE_COPY_20260704_174201/root/FREYA_SSOT/08_EXTRACTED/3_IPHONE_TITAN_EXPORT_PACKET.tar.gz/IPHONE_TITAN_EXPORT_PACKET/_root_PVE_ALPINE_VALUE_EXPORT_PACKET_20260525_054348_FILES_FILE_titan_central_brain_v6_1_generator.py
081248d59fc78901e1238c4856e9ca8ef5644199101a92246126bd10b5013d86	65772	WORKER	/root/freya_audit/UNITY/SOBA_2_ZNANJE/PHONE_FULL_KNOWLEDGE_COPY_20260704_174201/root/FREYA_SSOT/08_EXTRACTED/3_IPHONE_TITAN_EXPORT_PACKET.tar.gz/IPHONE_TITAN_EXPORT_PACKET/_root_PVE_ALPINE_VALUE_EXPORT_PACKET_20260525_054348_FILES_FILE_titan_grid_v5_max_pojaczony.py
13cc5301e437b390639297ca6b0dd89e7085feb3885b9e7e7cb6774f86732661	62981	UNCLASSIFIED	/root/freya_audit/UNITY/SOBA_2_ZNANJE/PHONE_FULL_KNOWLEDGE_COPY_20260704_174201/root/FREYA_SSOT/08_EXTRACTED/3_IPHONE_TITAN_EXPORT_PACKET.tar.gz/IPHONE_TITAN_EXPORT_PACKET/_root_PVE_ALPINE_VALUE_EXPORT_PACKET_20260525_054348_FILES_FILE_titan_grid_vdr_enterprise_v3_4.py
5b379991662ebc7e9ed9641128ab065673b69026c2ce9783e3609031b797f0b5	25946	UNCLASSIFIED	/root/freya_audit/UNITY/SOBA_2_ZNANJE/PHONE_FULL_KNOWLEDGE_COPY_20260704_174201/root/FREYA_SSOT/08_EXTRACTED/3_IPHONE_TITAN_EXPORT_PACKET.tar.gz/IPHONE_TITAN_EXPORT_PACKET/_root_PVE_ALPINE_VALUE_EXPORT_PACKET_20260525_054348_FILES_FILE_titan_grid_vdr_ultimate_final_clean.py
323a623bd1cdeb6bb3e52383aa236b74871c745b8cb085f6812705ee9c1d63a7	1456	UNCLASSIFIED	/root/freya_audit/UNITY/SOBA_2_ZNANJE/PHONE_FULL_KNOWLEDGE_COPY_20260704_174201/root/FREYA_SSOT/08_EXTRACTED/3_IPHONE_TITAN_EXPORT_PACKET.tar.gz/IPHONE_TITAN_EXPORT_PACKET/_root_PVE_ALPINE_VALUE_EXPORT_PACKET_20260525_054604_FILES_DELTA_CORE_v1_0.py
22684a7022143838ad2f71d21d243488e4a1d4a053e7fcfbc5aea78b893ad22b	6110	AGENT	/root/freya_audit/UNITY/SOBA_2_ZNANJE/PHONE_FULL_KNOWLEDGE_COPY_20260704_174201/root/FREYA_SSOT/08_EXTRACTED/3_IPHONE_TITAN_EXPORT_PACKET.tar.gz/IPHONE_TITAN_EXPORT_PACKET/_root_PVE_ALPINE_VALUE_EXPORT_PACKET_20260525_054604_FILES_DELTA_UNITY_ENGINE_v1_7.py
0d59f8875cdeec0488238dd62e877f4e22fb24e3724a5f109f10996d34587eb2	47757	PACKAGE	/root/freya_audit/UNITY/SOBA_2_ZNANJE/PHONE_FULL_KNOWLEDGE_COPY_20260704_174201/root/FREYA_SSOT/08_EXTRACTED/3_IPHONE_TITAN_EXPORT_PACKET.tar.gz/IPHONE_TITAN_EXPORT_PACKET/_root_PVE_ALPINE_VALUE_EXPORT_PACKET_20260525_054604_FILES_TITANGRID_DELTA_888_DIGITAL_TRANSFORMER.py
e48cdd9ef01fb645e74e17a519cc595054f121467ea56385b827b4b67af6caa5	19294	PACKAGE	/root/freya_audit/UNITY/SOBA_2_ZNANJE/PHONE_FULL_KNOWLEDGE_COPY_20260704_174201/root/FREYA_SSOT/08_EXTRACTED/3_IPHONE_TITAN_EXPORT_PACKET.tar.gz/IPHONE_TITAN_EXPORT_PACKET/_root_PVE_ALPINE_VALUE_EXPORT_PACKET_20260525_054604_FILES_TITAN_v5_0_board_ic_dashboard_upgrade.py
c90ad565070c2dbbe7c2fdc3715c762d729546c4190349d1d645d5a9d8c5605d	526	UNCLASSIFIED	/root/freya_audit/UNITY/SOBA_2_ZNANJE/PHONE_FULL_KNOWLEDGE_COPY_20260704_174201/root/FREYA_SSOT/08_EXTRACTED/3_IPHONE_TITAN_EXPORT_PACKET.tar.gz/IPHONE_TITAN_EXPORT_PACKET/_root_PVE_ALPINE_VALUE_EXPORT_PACKET_20260525_054604_FILES_build_control_tower_v1.py
4f3a200983234285d0605513c78c62e3b6e63f5f29320604a29f5c5e31227f93	2698	UNCLASSIFIED	/root/freya_audit/UNITY/SOBA_2_ZNANJE/PHONE_FULL_KNOWLEDGE_COPY_20260704_174201/root/FREYA_SSOT/08_EXTRACTED/3_IPHONE_TITAN_EXPORT_PACKET.tar.gz/IPHONE_TITAN_EXPORT_PACKET/_root_PVE_ALPINE_VALUE_EXPORT_PACKET_20260525_054604_FILES_extract_titan1_deep_harvest.py
4fb527807d4c2f6d70e17148719356881587d083cc83b2d58ff78324c9006580	22811	UNCLASSIFIED	/root/freya_audit/UNITY/SOBA_2_ZNANJE/PHONE_FULL_KNOWLEDGE_COPY_20260704_174201/root/FREYA_SSOT/08_EXTRACTED/3_IPHONE_TITAN_EXPORT_PACKET.tar.gz/IPHONE_TITAN_EXPORT_PACKET/_root_PVE_ALPINE_VALUE_EXPORT_PACKET_20260525_054604_FILES_grok_automated_mutation_generator.py
4c9f98241cd26655683877954cd7563365050e80203f6530b76833c61df18841	2257	UNCLASSIFIED	/root/freya_audit/UNITY/SOBA_2_ZNANJE/PHONE_FULL_KNOWLEDGE_COPY_20260704_174201/root/FREYA_SSOT/08_EXTRACTED/3_IPHONE_TITAN_EXPORT_PACKET.tar.gz/IPHONE_TITAN_EXPORT_PACKET/_root_PVE_ALPINE_VALUE_EXPORT_PACKET_20260525_054604_FILES_titan1_light_harmonizer.py
fe9c2dffce2623f4c6bd9c212b8fb9a8be4c69902690aa61d7fb61683552ca4a	30287	UNCLASSIFIED	/root/freya_audit/UNITY/SOBA_2_ZNANJE/PHONE_FULL_KNOWLEDGE_COPY_20260704_174201/root/FREYA_SSOT/08_EXTRACTED/3_IPHONE_TITAN_EXPORT_PACKET.tar.gz/IPHONE_TITAN_EXPORT_PACKET/_root_PVE_ALPINE_VALUE_EXPORT_PACKET_20260525_054604_FILES_titan_central_brain_v6_1_generator.py
081248d59fc78901e1238c4856e9ca8ef5644199101a92246126bd10b5013d86	65772	WORKER	/root/freya_audit/UNITY/SOBA_2_ZNANJE/PHONE_FULL_KNOWLEDGE_COPY_20260704_174201/root/FREYA_SSOT/08_EXTRACTED/3_IPHONE_TITAN_EXPORT_PACKET.tar.gz/IPHONE_TITAN_EXPORT_PACKET/_root_PVE_ALPINE_VALUE_EXPORT_PACKET_20260525_054604_FILES_titan_grid_v5_max_pojaczony.py
13cc5301e437b390639297ca6b0dd89e7085feb3885b9e7e7cb6774f86732661	62981	UNCLASSIFIED	/root/freya_audit/UNITY/SOBA_2_ZNANJE/PHONE_FULL_KNOWLEDGE_COPY_20260704_174201/root/FREYA_SSOT/08_EXTRACTED/3_IPHONE_TITAN_EXPORT_PACKET.tar.gz/IPHONE_TITAN_EXPORT_PACKET/_root_PVE_ALPINE_VALUE_EXPORT_PACKET_20260525_054604_FILES_titan_grid_vdr_enterprise_v3_4.py
5b379991662ebc7e9ed9641128ab065673b69026c2ce9783e3609031b797f0b5	25946	UNCLASSIFIED	/root/freya_audit/UNITY/SOBA_2_ZNANJE/PHONE_FULL_KNOWLEDGE_COPY_20260704_174201/root/FREYA_SSOT/08_EXTRACTED/3_IPHONE_TITAN_EXPORT_PACKET.tar.gz/IPHONE_TITAN_EXPORT_PACKET/_root_PVE_ALPINE_VALUE_EXPORT_PACKET_20260525_054604_FILES_titan_grid_vdr_ultimate_final_clean.py
22684a7022143838ad2f71d21d243488e4a1d4a053e7fcfbc5aea78b893ad22b	6110	AGENT	/root/freya_audit/UNITY/SOBA_2_ZNANJE/PHONE_FULL_KNOWLEDGE_COPY_20260704_174201/root/FREYA_SSOT/08_EXTRACTED/3_IPHONE_TITAN_EXPORT_PACKET.tar.gz/IPHONE_TITAN_EXPORT_PACKET/_root_PVE_DIAMOND_EXPORT_20260525_055151_DIAMONDS_DIAMOND_42_DELTA_UNITY_ENGINE_v1_7.py
323a623bd1cdeb6bb3e52383aa236b74871c745b8cb085f6812705ee9c1d63a7	1456	UNCLASSIFIED	/root/freya_audit/UNITY/SOBA_2_ZNANJE/PHONE_FULL_KNOWLEDGE_COPY_20260704_174201/root/FREYA_SSOT/08_EXTRACTED/3_IPHONE_TITAN_EXPORT_PACKET.tar.gz/IPHONE_TITAN_EXPORT_PACKET/_root_PVE_DIAMOND_EXPORT_20260525_055151_DIAMONDS_DIAMOND_44_DELTA_CORE_v1_0.py
4fb527807d4c2f6d70e17148719356881587d083cc83b2d58ff78324c9006580	22811	UNCLASSIFIED	/root/freya_audit/UNITY/SOBA_2_ZNANJE/PHONE_FULL_KNOWLEDGE_COPY_20260704_174201/root/FREYA_SSOT/08_EXTRACTED/3_IPHONE_TITAN_EXPORT_PACKET.tar.gz/IPHONE_TITAN_EXPORT_PACKET/_root_PVE_DIAMOND_EXPORT_20260525_055151_DIAMONDS_DIAMOND_59_grok_automated_mutation_generator.py
0d59f8875cdeec0488238dd62e877f4e22fb24e3724a5f109f10996d34587eb2	47757	PACKAGE	/root/freya_audit/UNITY/SOBA_2_ZNANJE/PHONE_FULL_KNOWLEDGE_COPY_20260704_174201/root/FREYA_SSOT/08_EXTRACTED/3_IPHONE_TITAN_EXPORT_PACKET.tar.gz/IPHONE_TITAN_EXPORT_PACKET/_root_PVE_DIAMOND_MINI_20260525_055305_DIAMONDS_DIAMOND_TITANGRID_DELTA_888_DIGITAL_TRANSFORMER.py
4f3a200983234285d0605513c78c62e3b6e63f5f29320604a29f5c5e31227f93	2698	UNCLASSIFIED	/root/freya_audit/UNITY/SOBA_2_ZNANJE/PHONE_FULL_KNOWLEDGE_COPY_20260704_174201/root/FREYA_SSOT/08_EXTRACTED/3_IPHONE_TITAN_EXPORT_PACKET.tar.gz/IPHONE_TITAN_EXPORT_PACKET/_root_PVE_DIAMOND_MINI_20260525_055305_DIAMONDS_DIAMOND_extract_titan1_deep_harvest.py
4c9f98241cd26655683877954cd7563365050e80203f6530b76833c61df18841	2257	UNCLASSIFIED	/root/freya_audit/UNITY/SOBA_2_ZNANJE/PHONE_FULL_KNOWLEDGE_COPY_20260704_174201/root/FREYA_SSOT/08_EXTRACTED/3_IPHONE_TITAN_EXPORT_PACKET.tar.gz/IPHONE_TITAN_EXPORT_PACKET/_root_PVE_DIAMOND_MINI_20260525_055305_DIAMONDS_DIAMOND_titan1_light_harmonizer.py
2a3ef469749b192cd3221414a9def375ae470da6b2d4fd2211af49534d1f7215	726	UNCLASSIFIED	/root/freya_audit/UNITY/SOBA_2_ZNANJE/PHONE_FULL_KNOWLEDGE_COPY_20260704_174201/root/FREYA_SSOT/08_EXTRACTED/4_titan_rad.tar.gz/Obsidian_Glavni_Trezor/3_SISTEM_I_SKRIPTE/auto_harvest.sh
70109eefd8468a9506fe0c1cae4ed70d8c4a4619caeda8ef143a1fe18e636b41	1389	UNCLASSIFIED	/root/freya_audit/UNITY/SOBA_2_ZNANJE/PHONE_FULL_KNOWLEDGE_COPY_20260704_174201/root/FREYA_SSOT/08_EXTRACTED/4_titan_rad.tar.gz/Obsidian_Glavni_Trezor/3_SISTEM_I_SKRIPTE/cmu_pregled.sh
e45aa1d3327f413932d35641cd5258a9b48100cc9f9f558537f165282ecf3d18	1831	UNCLASSIFIED	/root/freya_audit/UNITY/SOBA_2_ZNANJE/PHONE_FULL_KNOWLEDGE_COPY_20260704_174201/root/FREYA_SSOT/08_EXTRACTED/4_titan_rad.tar.gz/Obsidian_Glavni_Trezor/3_SISTEM_I_SKRIPTE/iphone_alpine_enforcer.sh
663329ecb9b140922799414b5468d1050c703d6ecd1357191c537de68a79cf28	244	UNCLASSIFIED	/root/freya_audit/UNITY/SOBA_2_ZNANJE/PHONE_FULL_KNOWLEDGE_COPY_20260704_174201/root/FREYA_SSOT/08_EXTRACTED/4_titan_rad.tar.gz/Obsidian_Glavni_Trezor/3_SISTEM_I_SKRIPTE/titan_harvest_d.sh
7540f7ff4702d94e010e522ce9245d7a5a737194321c5bce42bc9c674e25c0cc	2160	UNCLASSIFIED	/root/freya_audit/UNITY/SOBA_2_ZNANJE/PHONE_FULL_KNOWLEDGE_COPY_20260704_174201/root/FREYA_SSOT/08_EXTRACTED/4_titan_rad.tar.gz/Obsidian_Glavni_Trezor/3_SISTEM_I_SKRIPTE/titan_self_heal.sh
add66f64052807d790d491c99f4fdf6caa90b6d514ea81a1023452c32c914834	1941	UNCLASSIFIED	/root/freya_audit/UNITY/SOBA_2_ZNANJE/PHONE_FULL_KNOWLEDGE_COPY_20260704_174201/root/FREYA_SSOT/08_EXTRACTED/4_titan_rad.tar.gz/Obsidian_Glavni_Trezor/3_SISTEM_I_SKRIPTE/titan_sentinel_d.sh
70109eefd8468a9506fe0c1cae4ed70d8c4a4619caeda8ef143a1fe18e636b41	1389	UNCLASSIFIED	/root/freya_audit/UNITY/SOBA_2_ZNANJE/PHONE_FULL_KNOWLEDGE_COPY_20260704_174201/root/FREYA_SSOT/08_EXTRACTED/5_default.tar.gz/etc/.titan_backup/cmu_pregled.sh
e45aa1d3327f413932d35641cd5258a9b48100cc9f9f558537f165282ecf3d18	1831	UNCLASSIFIED	/root/freya_audit/UNITY/SOBA_2_ZNANJE/PHONE_FULL_KNOWLEDGE_COPY_20260704_174201/root/FREYA_SSOT/08_EXTRACTED/5_default.tar.gz/etc/.titan_backup/iphone_alpine_enforcer.sh
84eb9034099d759ff08e6da5a731cacfc63a319547ad0f1dfc1c64853aca93f2	61	UNCLASSIFIED	/root/freya_audit/UNITY/SOBA_2_ZNANJE/PHONE_FULL_KNOWLEDGE_COPY_20260704_174201/root/FREYA_SSOT/08_EXTRACTED/5_default.tar.gz/etc/profile.d/locale.sh
2a3ef469749b192cd3221414a9def375ae470da6b2d4fd2211af49534d1f7215	726	UNCLASSIFIED	/root/freya_audit/UNITY/SOBA_2_ZNANJE/PHONE_FULL_KNOWLEDGE_COPY_20260704_174201/root/FREYA_SSOT/08_EXTRACTED/5_default.tar.gz/mnt/obsidian/3_SISTEM_I_SKRIPTE/auto_harvest.sh
70109eefd8468a9506fe0c1cae4ed70d8c4a4619caeda8ef143a1fe18e636b41	1389	UNCLASSIFIED	/root/freya_audit/UNITY/SOBA_2_ZNANJE/PHONE_FULL_KNOWLEDGE_COPY_20260704_174201/root/FREYA_SSOT/08_EXTRACTED/5_default.tar.gz/mnt/obsidian/3_SISTEM_I_SKRIPTE/cmu_pregled.sh
e45aa1d3327f413932d35641cd5258a9b48100cc9f9f558537f165282ecf3d18	1831	UNCLASSIFIED	/root/freya_audit/UNITY/SOBA_2_ZNANJE/PHONE_FULL_KNOWLEDGE_COPY_20260704_174201/root/FREYA_SSOT/08_EXTRACTED/5_default.tar.gz/mnt/obsidian/3_SISTEM_I_SKRIPTE/iphone_alpine_enforcer.sh
663329ecb9b140922799414b5468d1050c703d6ecd1357191c537de68a79cf28	244	UNCLASSIFIED	/root/freya_audit/UNITY/SOBA_2_ZNANJE/PHONE_FULL_KNOWLEDGE_COPY_20260704_174201/root/FREYA_SSOT/08_EXTRACTED/5_default.tar.gz/mnt/obsidian/3_SISTEM_I_SKRIPTE/titan_harvest_d.sh
7540f7ff4702d94e010e522ce9245d7a5a737194321c5bce42bc9c674e25c0cc	2160	UNCLASSIFIED	/root/freya_audit/UNITY/SOBA_2_ZNANJE/PHONE_FULL_KNOWLEDGE_COPY_20260704_174201/root/FREYA_SSOT/08_EXTRACTED/5_default.tar.gz/mnt/obsidian/3_SISTEM_I_SKRIPTE/titan_self_heal.sh
add66f64052807d790d491c99f4fdf6caa90b6d514ea81a1023452c32c914834	1941	UNCLASSIFIED	/root/freya_audit/UNITY/SOBA_2_ZNANJE/PHONE_FULL_KNOWLEDGE_COPY_20260704_174201/root/FREYA_SSOT/08_EXTRACTED/5_default.tar.gz/mnt/obsidian/3_SISTEM_I_SKRIPTE/titan_sentinel_d.sh
2a3ef469749b192cd3221414a9def375ae470da6b2d4fd2211af49534d1f7215	726	UNCLASSIFIED	/root/freya_audit/UNITY/SOBA_2_ZNANJE/PHONE_FULL_KNOWLEDGE_COPY_20260704_174201/root/FREYA_SSOT/08_EXTRACTED/5_default.tar.gz/root/Obsidian_Glavni_Trezor/3_SISTEM_I_SKRIPTE/auto_harvest.sh
70109eefd8468a9506fe0c1cae4ed70d8c4a4619caeda8ef143a1fe18e636b41	1389	UNCLASSIFIED	/root/freya_audit/UNITY/SOBA_2_ZNANJE/PHONE_FULL_KNOWLEDGE_COPY_20260704_174201/root/FREYA_SSOT/08_EXTRACTED/5_default.tar.gz/root/Obsidian_Glavni_Trezor/3_SISTEM_I_SKRIPTE/cmu_pregled.sh
e45aa1d3327f413932d35641cd5258a9b48100cc9f9f558537f165282ecf3d18	1831	UNCLASSIFIED	/root/freya_audit/UNITY/SOBA_2_ZNANJE/PHONE_FULL_KNOWLEDGE_COPY_20260704_174201/root/FREYA_SSOT/08_EXTRACTED/5_default.tar.gz/root/Obsidian_Glavni_Trezor/3_SISTEM_I_SKRIPTE/iphone_alpine_enforcer.sh
663329ecb9b140922799414b5468d1050c703d6ecd1357191c537de68a79cf28	244	UNCLASSIFIED	/root/freya_audit/UNITY/SOBA_2_ZNANJE/PHONE_FULL_KNOWLEDGE_COPY_20260704_174201/root/FREYA_SSOT/08_EXTRACTED/5_default.tar.gz/root/Obsidian_Glavni_Trezor/3_SISTEM_I_SKRIPTE/titan_harvest_d.sh
7540f7ff4702d94e010e522ce9245d7a5a737194321c5bce42bc9c674e25c0cc	2160	UNCLASSIFIED	/root/freya_audit/UNITY/SOBA_2_ZNANJE/PHONE_FULL_KNOWLEDGE_COPY_20260704_174201/root/FREYA_SSOT/08_EXTRACTED/5_default.tar.gz/root/Obsidian_Glavni_Trezor/3_SISTEM_I_SKRIPTE/titan_self_heal.sh
add66f64052807d790d491c99f4fdf6caa90b6d514ea81a1023452c32c914834	1941	UNCLASSIFIED	/root/freya_audit/UNITY/SOBA_2_ZNANJE/PHONE_FULL_KNOWLEDGE_COPY_20260704_174201/root/FREYA_SSOT/08_EXTRACTED/5_default.tar.gz/root/Obsidian_Glavni_Trezor/3_SISTEM_I_SKRIPTE/titan_sentinel_d.sh
2a3ef469749b192cd3221414a9def375ae470da6b2d4fd2211af49534d1f7215	726	UNCLASSIFIED	/root/freya_audit/UNITY/SOBA_2_ZNANJE/obsidian/3_SISTEM_I_SKRIPTE/auto_harvest.sh
70109eefd8468a9506fe0c1cae4ed70d8c4a4619caeda8ef143a1fe18e636b41	1389	UNCLASSIFIED	/root/freya_audit/UNITY/SOBA_2_ZNANJE/obsidian/3_SISTEM_I_SKRIPTE/cmu_pregled.sh
e45aa1d3327f413932d35641cd5258a9b48100cc9f9f558537f165282ecf3d18	1831	UNCLASSIFIED	/root/freya_audit/UNITY/SOBA_2_ZNANJE/obsidian/3_SISTEM_I_SKRIPTE/iphone_alpine_enforcer.sh
663329ecb9b140922799414b5468d1050c703d6ecd1357191c537de68a79cf28	244	UNCLASSIFIED	/root/freya_audit/UNITY/SOBA_2_ZNANJE/obsidian/3_SISTEM_I_SKRIPTE/titan_harvest_d.sh
7540f7ff4702d94e010e522ce9245d7a5a737194321c5bce42bc9c674e25c0cc	2160	UNCLASSIFIED	/root/freya_audit/UNITY/SOBA_2_ZNANJE/obsidian/3_SISTEM_I_SKRIPTE/titan_self_heal.sh
add66f64052807d790d491c99f4fdf6caa90b6d514ea81a1023452c32c914834	1941	UNCLASSIFIED	/root/freya_audit/UNITY/SOBA_2_ZNANJE/obsidian/3_SISTEM_I_SKRIPTE/titan_sentinel_d.sh
1e7139185effbcb68867da6a69210c11d366155a20e96361261df510efee84f9	1520	UNCLASSIFIED	/root/freya_audit/UNITY/SOBA_3_ALATI/ars_kalkulator.py
581e11ea845639fd8ebdb8d26e81fab146b9e6e33c9944866cded697fb04db23	1404	UNCLASSIFIED	/root/freya_audit/UNITY/SOBA_3_ALATI/ars_stvarnost.py
7afb3142651ad4fd75b28afed564a5e34ecca8ff3a479a3c9725bf7361701dd0	1831	UNCLASSIFIED	/root/freya_audit/UNITY/SOBA_3_ALATI/fast_unity_sync.sh
098b92aa0ea537ab80df90039c4701cb36e40f89d0187788d8c350b24365c364	1325	UNCLASSIFIED	/root/freya_audit/UNITY/SOBA_3_ALATI/gate_control.sh
cd522e136da39a8436ecab0929f384f77672032285c93e05ee7dd000d8d896fb	758	UNCLASSIFIED	/root/freya_audit/UNITY/SOBA_3_ALATI/hitna_lista.py
b440c25fdc2c27061a3bca3736265ddacec61355825e1aeaab1c254c079de03c	4048	ORCHESTRATOR	/root/freya_audit/UNITY/SOBA_3_ALATI/ish_zlato_NOW.sh
5ae20de2f27fa5483646eceb6d96a2bd8090c5caab29128ab6f1e69b95ce471e	1016	UNCLASSIFIED	/root/freya_audit/UNITY/SOBA_3_ALATI/linkedin_asistent.py
d4568397d4db1755648b2da8f4116a4c78e8515b0309b0752108f1e9657d9ad0	1046	UNCLASSIFIED	/root/freya_audit/UNITY/SOBA_3_ALATI/piton.py
77c07d0d3af7c19d15e3e4222f506c400ff2a8528ac27431ab3c1926c01cc034	1240	AGENT	/root/freya_audit/UNITY/SOBA_3_ALATI/politika.py
20eb829df9838b67bf97880c8bec6e05f1ec9df5b79c6748e9fc0d293ae54990	2589	UNCLASSIFIED	/root/freya_audit/UNITY/SOBA_3_ALATI/titan_self_heal_v2.sh
676e3a94d944f20c282571a10d45bb0934f8dad223d88770db7d86368d251f14	2776	UNCLASSIFIED	/root/freya_audit/UNITY/SOBA_3_ALATI/unity_dedup_sync.sh
d962a6daae792e6c4db32faa15a23612c851c6e4e7c750865c7ab97f68df5e55	1578	UNCLASSIFIED	/root/freya_audit/UNITY/SOBA_3_ALATI/vip_imenik.py
6d939f7ed28e24080198d3fec29e84044649d78adfd59f61e2ae6a0a65bcafed	757	UNCLASSIFIED	/root/freya_audit/UNITY/SOBA_4_SIGURNOST/freya_audit/faza10/hardening_closure.sh
458d6eeaf22838081a1ed106ebfa9e6e3a3e19f714ffc9aabf871540b1c47544	632	UNCLASSIFIED	/root/freya_audit/UNITY/SOBA_4_SIGURNOST/freya_audit/faza2/shortcuts_scanner.sh
4ce178aec92bd2f1ff4a891a30ed5f110b5eff4aafda35f39fe52876bac0a9fd	756	UNCLASSIFIED	/root/freya_audit/UNITY/SOBA_4_SIGURNOST/freya_audit/faza3/network_comm_audit.sh
acb36d6a59335b039be466d98810fd19237a6e20a613120c4d86bdb29e5be2e5	653	UNCLASSIFIED	/root/freya_audit/UNITY/SOBA_4_SIGURNOST/freya_audit/faza4/fs_artifacts_audit.sh
76b45dd16fec7bf1b9d75adc855d287b9e93323a13796a36b94e2907dc2767e3	778	UNCLASSIFIED	/root/freya_audit/UNITY/SOBA_4_SIGURNOST/freya_audit/faza5/cloud_account_audit.sh
b07f4989c599a606f3cb1a411b525ce0b74d0513dc1570be362500fb8742132d	805	UNCLASSIFIED	/root/freya_audit/UNITY/SOBA_4_SIGURNOST/freya_audit/faza6/app_sandbox_audit.sh
dd7fb01b8777b7264369f2936126199bf6e40a8f69da335854963c87bf551244	768	UNCLASSIFIED	/root/freya_audit/UNITY/SOBA_4_SIGURNOST/freya_audit/faza7/hardware_boot_audit.sh
e0a272c590251495a9a5d0a6df2533bd8d789f41f95a4f3341cc5e1983e2a018	770	UNCLASSIFIED	/root/freya_audit/UNITY/SOBA_4_SIGURNOST/freya_audit/faza8/user_activity_audit.sh
43390d610229bbccf1b416f71494bb167291bbfaa4d19c98ec4de482877e7438	858	UNCLASSIFIED	/root/freya_audit/UNITY/SOBA_4_SIGURNOST/freya_audit/faza9/spyware_jb_detect.sh
4853ac50441192249a12dc58e429d73b0bcbd56be53605630e1cdda9e10b40d1	2105	UNCLASSIFIED	/root/freya_audit/UNITY/SOBA_4_SIGURNOST/freya_audit/freya_cleaner.sh
a6040731e0e5aad37722b5d14ab4dba3b828c32f55e561ed253e63cb24ae146f	1955	UNCLASSIFIED	/root/freya_audit/UNITY/SOBA_4_SIGURNOST/freya_audit/upload_server.py
1e7139185effbcb68867da6a69210c11d366155a20e96361261df510efee84f9	1520	UNCLASSIFIED	/root/freya_audit/UNITY/ars_kalkulator.py
581e11ea845639fd8ebdb8d26e81fab146b9e6e33c9944866cded697fb04db23	1404	UNCLASSIFIED	/root/freya_audit/UNITY/ars_stvarnost.py
7afb3142651ad4fd75b28afed564a5e34ecca8ff3a479a3c9725bf7361701dd0	1831	UNCLASSIFIED	/root/freya_audit/UNITY/fast_unity_sync.sh
098b92aa0ea537ab80df90039c4701cb36e40f89d0187788d8c350b24365c364	1325	UNCLASSIFIED	/root/freya_audit/UNITY/gate_control.sh
cd522e136da39a8436ecab0929f384f77672032285c93e05ee7dd000d8d896fb	758	UNCLASSIFIED	/root/freya_audit/UNITY/hitna_lista.py
b440c25fdc2c27061a3bca3736265ddacec61355825e1aeaab1c254c079de03c	4048	ORCHESTRATOR	/root/freya_audit/UNITY/ish_zlato_NOW.sh
5ae20de2f27fa5483646eceb6d96a2bd8090c5caab29128ab6f1e69b95ce471e	1016	UNCLASSIFIED	/root/freya_audit/UNITY/linkedin_asistent.py
d4568397d4db1755648b2da8f4116a4c78e8515b0309b0752108f1e9657d9ad0	1046	UNCLASSIFIED	/root/freya_audit/UNITY/piton.py
77c07d0d3af7c19d15e3e4222f506c400ff2a8528ac27431ab3c1926c01cc034	1240	AGENT	/root/freya_audit/UNITY/politika.py
20eb829df9838b67bf97880c8bec6e05f1ec9df5b79c6748e9fc0d293ae54990	2589	UNCLASSIFIED	/root/freya_audit/UNITY/titan_self_heal_v2.sh
676e3a94d944f20c282571a10d45bb0934f8dad223d88770db7d86368d251f14	2776	UNCLASSIFIED	/root/freya_audit/UNITY/unity_dedup_sync.sh
d962a6daae792e6c4db32faa15a23612c851c6e4e7c750865c7ab97f68df5e55	1578	UNCLASSIFIED	/root/freya_audit/UNITY/vip_imenik.py
6d939f7ed28e24080198d3fec29e84044649d78adfd59f61e2ae6a0a65bcafed	757	UNCLASSIFIED	/root/freya_audit/faza10/hardening_closure.sh
458d6eeaf22838081a1ed106ebfa9e6e3a3e19f714ffc9aabf871540b1c47544	632	UNCLASSIFIED	/root/freya_audit/faza2/shortcuts_scanner.sh
4ce178aec92bd2f1ff4a891a30ed5f110b5eff4aafda35f39fe52876bac0a9fd	756	UNCLASSIFIED	/root/freya_audit/faza3/network_comm_audit.sh
acb36d6a59335b039be466d98810fd19237a6e20a613120c4d86bdb29e5be2e5	653	UNCLASSIFIED	/root/freya_audit/faza4/fs_artifacts_audit.sh
76b45dd16fec7bf1b9d75adc855d287b9e93323a13796a36b94e2907dc2767e3	778	UNCLASSIFIED	/root/freya_audit/faza5/cloud_account_audit.sh
b07f4989c599a606f3cb1a411b525ce0b74d0513dc1570be362500fb8742132d	805	UNCLASSIFIED	/root/freya_audit/faza6/app_sandbox_audit.sh
dd7fb01b8777b7264369f2936126199bf6e40a8f69da335854963c87bf551244	768	UNCLASSIFIED	/root/freya_audit/faza7/hardware_boot_audit.sh
e0a272c590251495a9a5d0a6df2533bd8d789f41f95a4f3341cc5e1983e2a018	770	UNCLASSIFIED	/root/freya_audit/faza8/user_activity_audit.sh
43390d610229bbccf1b416f71494bb167291bbfaa4d19c98ec4de482877e7438	858	UNCLASSIFIED	/root/freya_audit/faza9/spyware_jb_detect.sh
4853ac50441192249a12dc58e429d73b0bcbd56be53605630e1cdda9e10b40d1	2105	UNCLASSIFIED	/root/freya_audit/freya_cleaner.sh
2a3ef469749b192cd3221414a9def375ae470da6b2d4fd2211af49534d1f7215	726	UNCLASSIFIED	/root/freya_audit/izlaz/Obsidian_Vault/3_SISTEM_I_SKRIPTE/auto_harvest.sh
70109eefd8468a9506fe0c1cae4ed70d8c4a4619caeda8ef143a1fe18e636b41	1389	UNCLASSIFIED	/root/freya_audit/izlaz/Obsidian_Vault/3_SISTEM_I_SKRIPTE/cmu_pregled.sh
e45aa1d3327f413932d35641cd5258a9b48100cc9f9f558537f165282ecf3d18	1831	UNCLASSIFIED	/root/freya_audit/izlaz/Obsidian_Vault/3_SISTEM_I_SKRIPTE/iphone_alpine_enforcer.sh
663329ecb9b140922799414b5468d1050c703d6ecd1357191c537de68a79cf28	244	UNCLASSIFIED	/root/freya_audit/izlaz/Obsidian_Vault/3_SISTEM_I_SKRIPTE/titan_harvest_d.sh
7540f7ff4702d94e010e522ce9245d7a5a737194321c5bce42bc9c674e25c0cc	2160	UNCLASSIFIED	/root/freya_audit/izlaz/Obsidian_Vault/3_SISTEM_I_SKRIPTE/titan_self_heal.sh
add66f64052807d790d491c99f4fdf6caa90b6d514ea81a1023452c32c914834	1941	UNCLASSIFIED	/root/freya_audit/izlaz/Obsidian_Vault/3_SISTEM_I_SKRIPTE/titan_sentinel_d.sh
1e7139185effbcb68867da6a69210c11d366155a20e96361261df510efee84f9	1520	UNCLASSIFIED	/root/freya_audit/izlaz/SOBA_1_JEZGRO/ars_kalkulator.py
581e11ea845639fd8ebdb8d26e81fab146b9e6e33c9944866cded697fb04db23	1404	UNCLASSIFIED	/root/freya_audit/izlaz/SOBA_1_JEZGRO/ars_stvarnost.py
098b92aa0ea537ab80df90039c4701cb36e40f89d0187788d8c350b24365c364	1325	UNCLASSIFIED	/root/freya_audit/izlaz/SOBA_1_JEZGRO/gate_control.sh
cd522e136da39a8436ecab0929f384f77672032285c93e05ee7dd000d8d896fb	758	UNCLASSIFIED	/root/freya_audit/izlaz/SOBA_1_JEZGRO/hitna_lista.py
b440c25fdc2c27061a3bca3736265ddacec61355825e1aeaab1c254c079de03c	4048	ORCHESTRATOR	/root/freya_audit/izlaz/SOBA_1_JEZGRO/ish_zlato_NOW.sh
5ae20de2f27fa5483646eceb6d96a2bd8090c5caab29128ab6f1e69b95ce471e	1016	UNCLASSIFIED	/root/freya_audit/izlaz/SOBA_1_JEZGRO/linkedin_asistent.py
d4568397d4db1755648b2da8f4116a4c78e8515b0309b0752108f1e9657d9ad0	1046	UNCLASSIFIED	/root/freya_audit/izlaz/SOBA_1_JEZGRO/piton.py
77c07d0d3af7c19d15e3e4222f506c400ff2a8528ac27431ab3c1926c01cc034	1240	AGENT	/root/freya_audit/izlaz/SOBA_1_JEZGRO/politika.py
20eb829df9838b67bf97880c8bec6e05f1ec9df5b79c6748e9fc0d293ae54990	2589	UNCLASSIFIED	/root/freya_audit/izlaz/SOBA_1_JEZGRO/titan_self_heal_v2.sh
d962a6daae792e6c4db32faa15a23612c851c6e4e7c750865c7ab97f68df5e55	1578	UNCLASSIFIED	/root/freya_audit/izlaz/SOBA_1_JEZGRO/vip_imenik.py
2a3ef469749b192cd3221414a9def375ae470da6b2d4fd2211af49534d1f7215	726	UNCLASSIFIED	/root/freya_audit/izlaz/SOBA_2_ZNANJE/PHONE_FULL_KNOWLEDGE_COPY_20260704_174201/media/usb/obsidian/3_SISTEM_I_SKRIPTE/auto_harvest.sh
70109eefd8468a9506fe0c1cae4ed70d8c4a4619caeda8ef143a1fe18e636b41	1389	UNCLASSIFIED	/root/freya_audit/izlaz/SOBA_2_ZNANJE/PHONE_FULL_KNOWLEDGE_COPY_20260704_174201/media/usb/obsidian/3_SISTEM_I_SKRIPTE/cmu_pregled.sh
e45aa1d3327f413932d35641cd5258a9b48100cc9f9f558537f165282ecf3d18	1831	UNCLASSIFIED	/root/freya_audit/izlaz/SOBA_2_ZNANJE/PHONE_FULL_KNOWLEDGE_COPY_20260704_174201/media/usb/obsidian/3_SISTEM_I_SKRIPTE/iphone_alpine_enforcer.sh
663329ecb9b140922799414b5468d1050c703d6ecd1357191c537de68a79cf28	244	UNCLASSIFIED	/root/freya_audit/izlaz/SOBA_2_ZNANJE/PHONE_FULL_KNOWLEDGE_COPY_20260704_174201/media/usb/obsidian/3_SISTEM_I_SKRIPTE/titan_harvest_d.sh
7540f7ff4702d94e010e522ce9245d7a5a737194321c5bce42bc9c674e25c0cc	2160	UNCLASSIFIED	/root/freya_audit/izlaz/SOBA_2_ZNANJE/PHONE_FULL_KNOWLEDGE_COPY_20260704_174201/media/usb/obsidian/3_SISTEM_I_SKRIPTE/titan_self_heal.sh
add66f64052807d790d491c99f4fdf6caa90b6d514ea81a1023452c32c914834	1941	UNCLASSIFIED	/root/freya_audit/izlaz/SOBA_2_ZNANJE/PHONE_FULL_KNOWLEDGE_COPY_20260704_174201/media/usb/obsidian/3_SISTEM_I_SKRIPTE/titan_sentinel_d.sh
2a3ef469749b192cd3221414a9def375ae470da6b2d4fd2211af49534d1f7215	726	UNCLASSIFIED	/root/freya_audit/izlaz/SOBA_2_ZNANJE/PHONE_FULL_KNOWLEDGE_COPY_20260704_174201/mnt/obsidian/3_SISTEM_I_SKRIPTE/auto_harvest.sh
70109eefd8468a9506fe0c1cae4ed70d8c4a4619caeda8ef143a1fe18e636b41	1389	UNCLASSIFIED	/root/freya_audit/izlaz/SOBA_2_ZNANJE/PHONE_FULL_KNOWLEDGE_COPY_20260704_174201/mnt/obsidian/3_SISTEM_I_SKRIPTE/cmu_pregled.sh
e45aa1d3327f413932d35641cd5258a9b48100cc9f9f558537f165282ecf3d18	1831	UNCLASSIFIED	/root/freya_audit/izlaz/SOBA_2_ZNANJE/PHONE_FULL_KNOWLEDGE_COPY_20260704_174201/mnt/obsidian/3_SISTEM_I_SKRIPTE/iphone_alpine_enforcer.sh
663329ecb9b140922799414b5468d1050c703d6ecd1357191c537de68a79cf28	244	UNCLASSIFIED	/root/freya_audit/izlaz/SOBA_2_ZNANJE/PHONE_FULL_KNOWLEDGE_COPY_20260704_174201/mnt/obsidian/3_SISTEM_I_SKRIPTE/titan_harvest_d.sh
7540f7ff4702d94e010e522ce9245d7a5a737194321c5bce42bc9c674e25c0cc	2160	UNCLASSIFIED	/root/freya_audit/izlaz/SOBA_2_ZNANJE/PHONE_FULL_KNOWLEDGE_COPY_20260704_174201/mnt/obsidian/3_SISTEM_I_SKRIPTE/titan_self_heal.sh
add66f64052807d790d491c99f4fdf6caa90b6d514ea81a1023452c32c914834	1941	UNCLASSIFIED	/root/freya_audit/izlaz/SOBA_2_ZNANJE/PHONE_FULL_KNOWLEDGE_COPY_20260704_174201/mnt/obsidian/3_SISTEM_I_SKRIPTE/titan_sentinel_d.sh
8303541b0fea045fb93e228f6ba69227fe664d67adb7b4661c0122b42c958a37	2667	UNCLASSIFIED	/root/freya_audit/izlaz/SOBA_2_ZNANJE/PHONE_FULL_KNOWLEDGE_COPY_20260704_174201/root/Desktop/IPHONE_SCRIPT_HEALING_VOLIM_TE_20260702_234718/02_HEALED_COPIES/iphone_alpine_enforcer.HEALED_VOLIM_TE.sh
0fe92e094d8c58aa3290f16b5a45820494912ee52f760f887907a32efba89329	968	UNCLASSIFIED	/root/freya_audit/izlaz/SOBA_2_ZNANJE/PHONE_FULL_KNOWLEDGE_COPY_20260704_174201/root/Desktop/IPHONE_SCRIPT_HEALING_VOLIM_TE_20260702_234718/02_HEALED_COPIES/titan_harvest_d.HEALED_VOLIM_TE.sh
d8b24fd4a9297e2c0b25cb3541507cd18061f241c59d7fa77b2db43b6882d0dd	2854	UNCLASSIFIED	/root/freya_audit/izlaz/SOBA_2_ZNANJE/PHONE_FULL_KNOWLEDGE_COPY_20260704_174201/root/Desktop/IPHONE_SCRIPT_HEALING_VOLIM_TE_20260702_234718/02_HEALED_COPIES/titan_self_heal.HEALED_VOLIM_TE.sh
50a2cffcb2d26b147b23a771c9a6326ece0704a1df6e0d72c0abdb8c6ce8783a	2666	UNCLASSIFIED	/root/freya_audit/izlaz/SOBA_2_ZNANJE/PHONE_FULL_KNOWLEDGE_COPY_20260704_174201/root/Desktop/IPHONE_SCRIPT_HEALING_VOLIM_TE_20260702_234718/02_HEALED_COPIES/titan_sentinel_d.HEALED_VOLIM_TE.sh
a55023129069f1b55cf8dd007e616852ec375ce6c9fe647f5712e5eff0856860	2759	UNCLASSIFIED	/root/freya_audit/izlaz/SOBA_2_ZNANJE/PHONE_FULL_KNOWLEDGE_COPY_20260704_174201/root/Desktop/IPHONE_SCRIPT_HEALING_VOLIM_TE_20260702_234718/05_HEALED_V2_SAFE_WRAPPERS/iphone_alpine_enforcer.HEALED_VOLIM_TE_V2_SAFE.sh
17a9042548a049457b1fdefb63d2df8f925fbce7380ff55f2785ecef844d3bce	1151	UNCLASSIFIED	/root/freya_audit/izlaz/SOBA_2_ZNANJE/PHONE_FULL_KNOWLEDGE_COPY_20260704_174201/root/Desktop/IPHONE_SCRIPT_HEALING_VOLIM_TE_20260702_234718/05_HEALED_V2_SAFE_WRAPPERS/titan_harvest_d.HEALED_VOLIM_TE_V2_SAFE.sh
b8d18f5d8275128fd9e4613adfb480084418fc0d8714826509273c418aa619ec	3067	UNCLASSIFIED	/root/freya_audit/izlaz/SOBA_2_ZNANJE/PHONE_FULL_KNOWLEDGE_COPY_20260704_174201/root/Desktop/IPHONE_SCRIPT_HEALING_VOLIM_TE_20260702_234718/05_HEALED_V2_SAFE_WRAPPERS/titan_self_heal.HEALED_VOLIM_TE_V2_SAFE.sh
43c7d523fff0d11477131840bffc12f51ecb21c93857bd97b612903be124e475	2851	UNCLASSIFIED	/root/freya_audit/izlaz/SOBA_2_ZNANJE/PHONE_FULL_KNOWLEDGE_COPY_20260704_174201/root/Desktop/IPHONE_SCRIPT_HEALING_VOLIM_TE_20260702_234718/05_HEALED_V2_SAFE_WRAPPERS/titan_sentinel_d.HEALED_VOLIM_TE_V2_SAFE.sh
2a3ef469749b192cd3221414a9def375ae470da6b2d4fd2211af49534d1f7215	726	UNCLASSIFIED	/root/freya_audit/izlaz/SOBA_2_ZNANJE/PHONE_FULL_KNOWLEDGE_COPY_20260704_174201/root/Documents/TITAN_FINALNI_IZVOZ/Obsidian_Glavni_Trezor/3_SISTEM_I_SKRIPTE/auto_harvest.sh
70109eefd8468a9506fe0c1cae4ed70d8c4a4619caeda8ef143a1fe18e636b41	1389	UNCLASSIFIED	/root/freya_audit/izlaz/SOBA_2_ZNANJE/PHONE_FULL_KNOWLEDGE_COPY_20260704_174201/root/Documents/TITAN_FINALNI_IZVOZ/Obsidian_Glavni_Trezor/3_SISTEM_I_SKRIPTE/cmu_pregled.sh
e45aa1d3327f413932d35641cd5258a9b48100cc9f9f558537f165282ecf3d18	1831	UNCLASSIFIED	/root/freya_audit/izlaz/SOBA_2_ZNANJE/PHONE_FULL_KNOWLEDGE_COPY_20260704_174201/root/Documents/TITAN_FINALNI_IZVOZ/Obsidian_Glavni_Trezor/3_SISTEM_I_SKRIPTE/iphone_alpine_enforcer.sh
663329ecb9b140922799414b5468d1050c703d6ecd1357191c537de68a79cf28	244	UNCLASSIFIED	/root/freya_audit/izlaz/SOBA_2_ZNANJE/PHONE_FULL_KNOWLEDGE_COPY_20260704_174201/root/Documents/TITAN_FINALNI_IZVOZ/Obsidian_Glavni_Trezor/3_SISTEM_I_SKRIPTE/titan_harvest_d.sh
7540f7ff4702d94e010e522ce9245d7a5a737194321c5bce42bc9c674e25c0cc	2160	UNCLASSIFIED	/root/freya_audit/izlaz/SOBA_2_ZNANJE/PHONE_FULL_KNOWLEDGE_COPY_20260704_174201/root/Documents/TITAN_FINALNI_IZVOZ/Obsidian_Glavni_Trezor/3_SISTEM_I_SKRIPTE/titan_self_heal.sh
add66f64052807d790d491c99f4fdf6caa90b6d514ea81a1023452c32c914834	1941	UNCLASSIFIED	/root/freya_audit/izlaz/SOBA_2_ZNANJE/PHONE_FULL_KNOWLEDGE_COPY_20260704_174201/root/Documents/TITAN_FINALNI_IZVOZ/Obsidian_Glavni_Trezor/3_SISTEM_I_SKRIPTE/titan_sentinel_d.sh
1cddb641891909667dd21dae9333444f2e08096cdb9504bda1c1d8c6651fd863	1898	UNCLASSIFIED	/root/freya_audit/izlaz/SOBA_2_ZNANJE/PHONE_FULL_KNOWLEDGE_COPY_20260704_174201/root/FREYA_IPHONE/scripts/FREYA-IPHONE-001_FOUNDATION.sh
8d1b3a27d731fadb2dd9d5417868f1b085dc6ca0418a2855a042520c235d4a70	1131	UNCLASSIFIED	/root/freya_audit/izlaz/SOBA_2_ZNANJE/PHONE_FULL_KNOWLEDGE_COPY_20260704_174201/root/FREYA_IPHONE/scripts/FREYA-IPHONE-002_EXPORT_TO_ANDROID.sh
53ebea16bf458be90c146434e257c69cb1df0512214a1d0ad0adaef3399287a2	1336	ORCHESTRATOR	/root/freya_audit/izlaz/SOBA_2_ZNANJE/PHONE_FULL_KNOWLEDGE_COPY_20260704_174201/root/FREYA_IPHONE/scripts/FREYA-IPHONE-D01_D02_KNOWLEDGE_HARVEST.sh
f2851a43c20f218053ba054e080d6c380306f111171ea5162d704a04528af37b	2196	UNCLASSIFIED	/root/freya_audit/izlaz/SOBA_2_ZNANJE/PHONE_FULL_KNOWLEDGE_COPY_20260704_174201/root/FREYA_IPHONE/scripts/FREYA-IPHONE-D03_KNOWLEDGE_OBJECTS.sh
8de6467763bf4ac9b5c7e35a2e82e5b501be34fad89177d81c5b428b797e416a	2004	UNCLASSIFIED	/root/freya_audit/izlaz/SOBA_2_ZNANJE/PHONE_FULL_KNOWLEDGE_COPY_20260704_174201/root/FREYA_IPHONE/scripts/FREYA-IPHONE-D04_PACKET_BUILDER.sh
2a3ef469749b192cd3221414a9def375ae470da6b2d4fd2211af49534d1f7215	726	UNCLASSIFIED	/root/freya_audit/izlaz/SOBA_2_ZNANJE/PHONE_FULL_KNOWLEDGE_COPY_20260704_174201/root/FREYA_SSOT/08_EXTRACTED/11_TITAN_SPAS.tar.gz/Obsidian_Glavni_Trezor/3_SISTEM_I_SKRIPTE/auto_harvest.sh
70109eefd8468a9506fe0c1cae4ed70d8c4a4619caeda8ef143a1fe18e636b41	1389	UNCLASSIFIED	/root/freya_audit/izlaz/SOBA_2_ZNANJE/PHONE_FULL_KNOWLEDGE_COPY_20260704_174201/root/FREYA_SSOT/08_EXTRACTED/11_TITAN_SPAS.tar.gz/Obsidian_Glavni_Trezor/3_SISTEM_I_SKRIPTE/cmu_pregled.sh
e45aa1d3327f413932d35641cd5258a9b48100cc9f9f558537f165282ecf3d18	1831	UNCLASSIFIED	/root/freya_audit/izlaz/SOBA_2_ZNANJE/PHONE_FULL_KNOWLEDGE_COPY_20260704_174201/root/FREYA_SSOT/08_EXTRACTED/11_TITAN_SPAS.tar.gz/Obsidian_Glavni_Trezor/3_SISTEM_I_SKRIPTE/iphone_alpine_enforcer.sh
663329ecb9b140922799414b5468d1050c703d6ecd1357191c537de68a79cf28	244	UNCLASSIFIED	/root/freya_audit/izlaz/SOBA_2_ZNANJE/PHONE_FULL_KNOWLEDGE_COPY_20260704_174201/root/FREYA_SSOT/08_EXTRACTED/11_TITAN_SPAS.tar.gz/Obsidian_Glavni_Trezor/3_SISTEM_I_SKRIPTE/titan_harvest_d.sh
7540f7ff4702d94e010e522ce9245d7a5a737194321c5bce42bc9c674e25c0cc	2160	UNCLASSIFIED	/root/freya_audit/izlaz/SOBA_2_ZNANJE/PHONE_FULL_KNOWLEDGE_COPY_20260704_174201/root/FREYA_SSOT/08_EXTRACTED/11_TITAN_SPAS.tar.gz/Obsidian_Glavni_Trezor/3_SISTEM_I_SKRIPTE/titan_self_heal.sh
add66f64052807d790d491c99f4fdf6caa90b6d514ea81a1023452c32c914834	1941	UNCLASSIFIED	/root/freya_audit/izlaz/SOBA_2_ZNANJE/PHONE_FULL_KNOWLEDGE_COPY_20260704_174201/root/FREYA_SSOT/08_EXTRACTED/11_TITAN_SPAS.tar.gz/Obsidian_Glavni_Trezor/3_SISTEM_I_SKRIPTE/titan_sentinel_d.sh
323a623bd1cdeb6bb3e52383aa236b74871c745b8cb085f6812705ee9c1d63a7	1456	UNCLASSIFIED	/root/freya_audit/izlaz/SOBA_2_ZNANJE/PHONE_FULL_KNOWLEDGE_COPY_20260704_174201/root/FREYA_SSOT/08_EXTRACTED/3_IPHONE_TITAN_EXPORT_PACKET.tar.gz/IPHONE_TITAN_EXPORT_PACKET/_root_DELTA_CORE_v1_0.py
323a623bd1cdeb6bb3e52383aa236b74871c745b8cb085f6812705ee9c1d63a7	1456	UNCLASSIFIED	/root/freya_audit/izlaz/SOBA_2_ZNANJE/PHONE_FULL_KNOWLEDGE_COPY_20260704_174201/root/FREYA_SSOT/08_EXTRACTED/3_IPHONE_TITAN_EXPORT_PACKET.tar.gz/IPHONE_TITAN_EXPORT_PACKET/_root_DELTA_FINAL_EXPORT_SOUL_EXPORT_20260519_1232_Scripts_DELTA_CORE_v1_0.py
22684a7022143838ad2f71d21d243488e4a1d4a053e7fcfbc5aea78b893ad22b	6110	AGENT	/root/freya_audit/izlaz/SOBA_2_ZNANJE/PHONE_FULL_KNOWLEDGE_COPY_20260704_174201/root/FREYA_SSOT/08_EXTRACTED/3_IPHONE_TITAN_EXPORT_PACKET.tar.gz/IPHONE_TITAN_EXPORT_PACKET/_root_DELTA_FINAL_EXPORT_SOUL_EXPORT_20260519_1232_Scripts_DELTA_UNITY_ENGINE_v1_7.py
db0d1fd704f188e0ac5ef0bd7eb1cee032050c593a645ebf3660a5c21e861807	3513	UNCLASSIFIED	/root/freya_audit/izlaz/SOBA_2_ZNANJE/PHONE_FULL_KNOWLEDGE_COPY_20260704_174201/root/FREYA_SSOT/08_EXTRACTED/3_IPHONE_TITAN_EXPORT_PACKET.tar.gz/IPHONE_TITAN_EXPORT_PACKET/_root_DELTA_FINAL_EXPORT_SOUL_EXPORT_20260519_1232_Scripts_iphone_sha_analyzer.py
db0d1fd704f188e0ac5ef0bd7eb1cee032050c593a645ebf3660a5c21e861807	3513	UNCLASSIFIED	/root/freya_audit/izlaz/SOBA_2_ZNANJE/PHONE_FULL_KNOWLEDGE_COPY_20260704_174201/root/FREYA_SSOT/08_EXTRACTED/3_IPHONE_TITAN_EXPORT_PACKET.tar.gz/IPHONE_TITAN_EXPORT_PACKET/_root_DELTA_FINAL_EXPORT_Scripts_iphone_sha_analyzer.py
22684a7022143838ad2f71d21d243488e4a1d4a053e7fcfbc5aea78b893ad22b	6110	AGENT	/root/freya_audit/izlaz/SOBA_2_ZNANJE/PHONE_FULL_KNOWLEDGE_COPY_20260704_174201/root/FREYA_SSOT/08_EXTRACTED/3_IPHONE_TITAN_EXPORT_PACKET.tar.gz/IPHONE_TITAN_EXPORT_PACKET/_root_DELTA_UNITY_ENGINE_v1_7.py
081248d59fc78901e1238c4856e9ca8ef5644199101a92246126bd10b5013d86	65772	WORKER	/root/freya_audit/izlaz/SOBA_2_ZNANJE/PHONE_FULL_KNOWLEDGE_COPY_20260704_174201/root/FREYA_SSOT/08_EXTRACTED/3_IPHONE_TITAN_EXPORT_PACKET.tar.gz/IPHONE_TITAN_EXPORT_PACKET/_root_Documents_003._PPP_titan_grid_v5_max_pojaczony.py
13cc5301e437b390639297ca6b0dd89e7085feb3885b9e7e7cb6774f86732661	62981	UNCLASSIFIED	/root/freya_audit/izlaz/SOBA_2_ZNANJE/PHONE_FULL_KNOWLEDGE_COPY_20260704_174201/root/FREYA_SSOT/08_EXTRACTED/3_IPHONE_TITAN_EXPORT_PACKET.tar.gz/IPHONE_TITAN_EXPORT_PACKET/_root_Documents_003._PPP_titan_grid_vdr_enterprise_v3_4.py
5b379991662ebc7e9ed9641128ab065673b69026c2ce9783e3609031b797f0b5	25946	UNCLASSIFIED	/root/freya_audit/izlaz/SOBA_2_ZNANJE/PHONE_FULL_KNOWLEDGE_COPY_20260704_174201/root/FREYA_SSOT/08_EXTRACTED/3_IPHONE_TITAN_EXPORT_PACKET.tar.gz/IPHONE_TITAN_EXPORT_PACKET/_root_Documents_003._PPP_titan_grid_vdr_ultimate_final_clean.py
3b93a6c54ee70ceb8a893ce989f6f19fc38ad750a2ca0ff6e365976d93777c04	4667	PACKAGE	/root/freya_audit/izlaz/SOBA_2_ZNANJE/PHONE_FULL_KNOWLEDGE_COPY_20260704_174201/root/FREYA_SSOT/08_EXTRACTED/3_IPHONE_TITAN_EXPORT_PACKET.tar.gz/IPHONE_TITAN_EXPORT_PACKET/_root_Documents_004.DELTA_37_system_index_builder.py
0d59f8875cdeec0488238dd62e877f4e22fb24e3724a5f109f10996d34587eb2	47757	PACKAGE	/root/freya_audit/izlaz/SOBA_2_ZNANJE/PHONE_FULL_KNOWLEDGE_COPY_20260704_174201/root/FREYA_SSOT/08_EXTRACTED/3_IPHONE_TITAN_EXPORT_PACKET.tar.gz/IPHONE_TITAN_EXPORT_PACKET/_root_Documents_0200_TITANGRID_DELTA_888_DIGITAL_TRANSFORMER.py
97a18cecc6af347637429d2765731ee758a2b0597568c702430ed27b504507ac	1914	UNCLASSIFIED	/root/freya_audit/izlaz/SOBA_2_ZNANJE/PHONE_FULL_KNOWLEDGE_COPY_20260704_174201/root/FREYA_SSOT/08_EXTRACTED/3_IPHONE_TITAN_EXPORT_PACKET.tar.gz/IPHONE_TITAN_EXPORT_PACKET/_root_Documents_569_generate_SIGNALNI_MEMORANDUM_TITAN1.py
323a623bd1cdeb6bb3e52383aa236b74871c745b8cb085f6812705ee9c1d63a7	1456	UNCLASSIFIED	/root/freya_audit/izlaz/SOBA_2_ZNANJE/PHONE_FULL_KNOWLEDGE_COPY_20260704_174201/root/FREYA_SSOT/08_EXTRACTED/3_IPHONE_TITAN_EXPORT_PACKET.tar.gz/IPHONE_TITAN_EXPORT_PACKET/_root_Documents_SOUL_EXPORT_20260519_1232_Scripts_DELTA_CORE_v1_0.py
22684a7022143838ad2f71d21d243488e4a1d4a053e7fcfbc5aea78b893ad22b	6110	AGENT	/root/freya_audit/izlaz/SOBA_2_ZNANJE/PHONE_FULL_KNOWLEDGE_COPY_20260704_174201/root/FREYA_SSOT/08_EXTRACTED/3_IPHONE_TITAN_EXPORT_PACKET.tar.gz/IPHONE_TITAN_EXPORT_PACKET/_root_Documents_SOUL_EXPORT_20260519_1232_Scripts_DELTA_UNITY_ENGINE_v1_7.py
fcff4c9755243b9b7d27a9433693b06fcb0bbba4cdb988bdab8d6bfce0a45e95	5060	UNCLASSIFIED	/root/freya_audit/izlaz/SOBA_2_ZNANJE/PHONE_FULL_KNOWLEDGE_COPY_20260704_174201/root/FREYA_SSOT/08_EXTRACTED/3_IPHONE_TITAN_EXPORT_PACKET.tar.gz/IPHONE_TITAN_EXPORT_PACKET/_root_Documents_TITAN_FINAL_01.04_grok_central_brain_exporter.py
c90ad565070c2dbbe7c2fdc3715c762d729546c4190349d1d645d5a9d8c5605d	526	UNCLASSIFIED	/root/freya_audit/izlaz/SOBA_2_ZNANJE/PHONE_FULL_KNOWLEDGE_COPY_20260704_174201/root/FREYA_SSOT/08_EXTRACTED/3_IPHONE_TITAN_EXPORT_PACKET.tar.gz/IPHONE_TITAN_EXPORT_PACKET/_root_Documents_TITAN_FINAL_03.03_build_control_tower_v1.py
654ea28ff09e9ed9691e8965d895140647db28d022fd304b134582d041a04afe	2674	UNCLASSIFIED	/root/freya_audit/izlaz/SOBA_2_ZNANJE/PHONE_FULL_KNOWLEDGE_COPY_20260704_174201/root/FREYA_SSOT/08_EXTRACTED/3_IPHONE_TITAN_EXPORT_PACKET.tar.gz/IPHONE_TITAN_EXPORT_PACKET/_root_Documents_TITAN_FINAL_03.03_grok_payload_v6_2.py
fe9c2dffce2623f4c6bd9c212b8fb9a8be4c69902690aa61d7fb61683552ca4a	30287	UNCLASSIFIED	/root/freya_audit/izlaz/SOBA_2_ZNANJE/PHONE_FULL_KNOWLEDGE_COPY_20260704_174201/root/FREYA_SSOT/08_EXTRACTED/3_IPHONE_TITAN_EXPORT_PACKET.tar.gz/IPHONE_TITAN_EXPORT_PACKET/_root_Documents_TITAN_FINAL_03.03_titan_central_brain_v6_1_generator.py
e885ba6e3c7c6b1b56aa7d5afe37d1eae7e3cce182c0ae159e27e8ae32805801	1089	UNCLASSIFIED	/root/freya_audit/izlaz/SOBA_2_ZNANJE/PHONE_FULL_KNOWLEDGE_COPY_20260704_174201/root/FREYA_SSOT/08_EXTRACTED/3_IPHONE_TITAN_EXPORT_PACKET.tar.gz/IPHONE_TITAN_EXPORT_PACKET/_root_Documents_TITAN_FINAL_27.03_TITAN_Data_Room_v6_3_Automated_AUTOMATE_ALL_DOCUMENTS.py
e48cdd9ef01fb645e74e17a519cc595054f121467ea56385b827b4b67af6caa5	19294	PACKAGE	/root/freya_audit/izlaz/SOBA_2_ZNANJE/PHONE_FULL_KNOWLEDGE_COPY_20260704_174201/root/FREYA_SSOT/08_EXTRACTED/3_IPHONE_TITAN_EXPORT_PACKET.tar.gz/IPHONE_TITAN_EXPORT_PACKET/_root_Documents_TITAN_FINAL_27.03_TITAN_v5_0_board_ic_dashboard_upgrade.py
4fb527807d4c2f6d70e17148719356881587d083cc83b2d58ff78324c9006580	22811	UNCLASSIFIED	/root/freya_audit/izlaz/SOBA_2_ZNANJE/PHONE_FULL_KNOWLEDGE_COPY_20260704_174201/root/FREYA_SSOT/08_EXTRACTED/3_IPHONE_TITAN_EXPORT_PACKET.tar.gz/IPHONE_TITAN_EXPORT_PACKET/_root_Documents_TITAN_FINAL_31.03_grok_automated_mutation_generator.py
c0fec1c32825b2e5ee4543339ec81b089bff7644d45be07591455144951cea60	76964	PACKAGE,SUPERVISOR	/root/freya_audit/izlaz/SOBA_2_ZNANJE/PHONE_FULL_KNOWLEDGE_COPY_20260704_174201/root/FREYA_SSOT/08_EXTRACTED/3_IPHONE_TITAN_EXPORT_PACKET.tar.gz/IPHONE_TITAN_EXPORT_PACKET/_root_Documents_Titan_grid_Prezentacija_Nove_kalkulacija__24.03_25.03_Titan_Grid_v52_Data_Room_Ready_99_Admin_Titan_Grid_v52_OneClick_Generator.py
74ce33581350675ab1c15a1f6b08ccbeb18309b68415f2db913f8633f4d0a6ea	1190	UNCLASSIFIED	/root/freya_audit/izlaz/SOBA_2_ZNANJE/PHONE_FULL_KNOWLEDGE_COPY_20260704_174201/root/FREYA_SSOT/08_EXTRACTED/3_IPHONE_TITAN_EXPORT_PACKET.tar.gz/IPHONE_TITAN_EXPORT_PACKET/_root_Documents_Titan_grid_Prezentacija_Nove_kalkulacija__24.03_25.03_sources_uses_bridge.py
2af05d20a48829279e390424b9fcc233db834c6a0f405abef2fd962f7259b547	3671	UNCLASSIFIED	/root/freya_audit/izlaz/SOBA_2_ZNANJE/PHONE_FULL_KNOWLEDGE_COPY_20260704_174201/root/FREYA_SSOT/08_EXTRACTED/3_IPHONE_TITAN_EXPORT_PACKET.tar.gz/IPHONE_TITAN_EXPORT_PACKET/_root_Documents_Titan_grid_Prezentacija_Nove_kalkulacija__24.03_25.03_validator.py
4f3a200983234285d0605513c78c62e3b6e63f5f29320604a29f5c5e31227f93	2698	UNCLASSIFIED	/root/freya_audit/izlaz/SOBA_2_ZNANJE/PHONE_FULL_KNOWLEDGE_COPY_20260704_174201/root/FREYA_SSOT/08_EXTRACTED/3_IPHONE_TITAN_EXPORT_PACKET.tar.gz/IPHONE_TITAN_EXPORT_PACKET/_root_Documents_extract_titan1_deep_harvest.py
4c9f98241cd26655683877954cd7563365050e80203f6530b76833c61df18841	2257	UNCLASSIFIED	/root/freya_audit/izlaz/SOBA_2_ZNANJE/PHONE_FULL_KNOWLEDGE_COPY_20260704_174201/root/FREYA_SSOT/08_EXTRACTED/3_IPHONE_TITAN_EXPORT_PACKET.tar.gz/IPHONE_TITAN_EXPORT_PACKET/_root_Documents_titan1_light_harmonizer.py
323a623bd1cdeb6bb3e52383aa236b74871c745b8cb085f6812705ee9c1d63a7	1456	UNCLASSIFIED	/root/freya_audit/izlaz/SOBA_2_ZNANJE/PHONE_FULL_KNOWLEDGE_COPY_20260704_174201/root/FREYA_SSOT/08_EXTRACTED/3_IPHONE_TITAN_EXPORT_PACKET.tar.gz/IPHONE_TITAN_EXPORT_PACKET/_root_PVE_ALPINE_VALUE_EXPORT_PACKET_20260525_054348_FILES_FILE_DELTA_CORE_v1_0.py
22684a7022143838ad2f71d21d243488e4a1d4a053e7fcfbc5aea78b893ad22b	6110	AGENT	/root/freya_audit/izlaz/SOBA_2_ZNANJE/PHONE_FULL_KNOWLEDGE_COPY_20260704_174201/root/FREYA_SSOT/08_EXTRACTED/3_IPHONE_TITAN_EXPORT_PACKET.tar.gz/IPHONE_TITAN_EXPORT_PACKET/_root_PVE_ALPINE_VALUE_EXPORT_PACKET_20260525_054348_FILES_FILE_DELTA_UNITY_ENGINE_v1_7.py
0d59f8875cdeec0488238dd62e877f4e22fb24e3724a5f109f10996d34587eb2	47757	PACKAGE	/root/freya_audit/izlaz/SOBA_2_ZNANJE/PHONE_FULL_KNOWLEDGE_COPY_20260704_174201/root/FREYA_SSOT/08_EXTRACTED/3_IPHONE_TITAN_EXPORT_PACKET.tar.gz/IPHONE_TITAN_EXPORT_PACKET/_root_PVE_ALPINE_VALUE_EXPORT_PACKET_20260525_054348_FILES_FILE_TITANGRID_DELTA_888_DIGITAL_TRANSFORMER.py
c90ad565070c2dbbe7c2fdc3715c762d729546c4190349d1d645d5a9d8c5605d	526	UNCLASSIFIED	/root/freya_audit/izlaz/SOBA_2_ZNANJE/PHONE_FULL_KNOWLEDGE_COPY_20260704_174201/root/FREYA_SSOT/08_EXTRACTED/3_IPHONE_TITAN_EXPORT_PACKET.tar.gz/IPHONE_TITAN_EXPORT_PACKET/_root_PVE_ALPINE_VALUE_EXPORT_PACKET_20260525_054348_FILES_FILE_build_control_tower_v1.py
97a18cecc6af347637429d2765731ee758a2b0597568c702430ed27b504507ac	1914	UNCLASSIFIED	/root/freya_audit/izlaz/SOBA_2_ZNANJE/PHONE_FULL_KNOWLEDGE_COPY_20260704_174201/root/FREYA_SSOT/08_EXTRACTED/3_IPHONE_TITAN_EXPORT_PACKET.tar.gz/IPHONE_TITAN_EXPORT_PACKET/_root_PVE_ALPINE_VALUE_EXPORT_PACKET_20260525_054348_FILES_FILE_generate_SIGNALNI_MEMORANDUM_TITAN1.py
fe9c2dffce2623f4c6bd9c212b8fb9a8be4c69902690aa61d7fb61683552ca4a	30287	UNCLASSIFIED	/root/freya_audit/izlaz/SOBA_2_ZNANJE/PHONE_FULL_KNOWLEDGE_COPY_20260704_174201/root/FREYA_SSOT/08_EXTRACTED/3_IPHONE_TITAN_EXPORT_PACKET.tar.gz/IPHONE_TITAN_EXPORT_PACKET/_root_PVE_ALPINE_VALUE_EXPORT_PACKET_20260525_054348_FILES_FILE_titan_central_brain_v6_1_generator.py
081248d59fc78901e1238c4856e9ca8ef5644199101a92246126bd10b5013d86	65772	WORKER	/root/freya_audit/izlaz/SOBA_2_ZNANJE/PHONE_FULL_KNOWLEDGE_COPY_20260704_174201/root/FREYA_SSOT/08_EXTRACTED/3_IPHONE_TITAN_EXPORT_PACKET.tar.gz/IPHONE_TITAN_EXPORT_PACKET/_root_PVE_ALPINE_VALUE_EXPORT_PACKET_20260525_054348_FILES_FILE_titan_grid_v5_max_pojaczony.py
13cc5301e437b390639297ca6b0dd89e7085feb3885b9e7e7cb6774f86732661	62981	UNCLASSIFIED	/root/freya_audit/izlaz/SOBA_2_ZNANJE/PHONE_FULL_KNOWLEDGE_COPY_20260704_174201/root/FREYA_SSOT/08_EXTRACTED/3_IPHONE_TITAN_EXPORT_PACKET.tar.gz/IPHONE_TITAN_EXPORT_PACKET/_root_PVE_ALPINE_VALUE_EXPORT_PACKET_20260525_054348_FILES_FILE_titan_grid_vdr_enterprise_v3_4.py
5b379991662ebc7e9ed9641128ab065673b69026c2ce9783e3609031b797f0b5	25946	UNCLASSIFIED	/root/freya_audit/izlaz/SOBA_2_ZNANJE/PHONE_FULL_KNOWLEDGE_COPY_20260704_174201/root/FREYA_SSOT/08_EXTRACTED/3_IPHONE_TITAN_EXPORT_PACKET.tar.gz/IPHONE_TITAN_EXPORT_PACKET/_root_PVE_ALPINE_VALUE_EXPORT_PACKET_20260525_054348_FILES_FILE_titan_grid_vdr_ultimate_final_clean.py
323a623bd1cdeb6bb3e52383aa236b74871c745b8cb085f6812705ee9c1d63a7	1456	UNCLASSIFIED	/root/freya_audit/izlaz/SOBA_2_ZNANJE/PHONE_FULL_KNOWLEDGE_COPY_20260704_174201/root/FREYA_SSOT/08_EXTRACTED/3_IPHONE_TITAN_EXPORT_PACKET.tar.gz/IPHONE_TITAN_EXPORT_PACKET/_root_PVE_ALPINE_VALUE_EXPORT_PACKET_20260525_054604_FILES_DELTA_CORE_v1_0.py
22684a7022143838ad2f71d21d243488e4a1d4a053e7fcfbc5aea78b893ad22b	6110	AGENT	/root/freya_audit/izlaz/SOBA_2_ZNANJE/PHONE_FULL_KNOWLEDGE_COPY_20260704_174201/root/FREYA_SSOT/08_EXTRACTED/3_IPHONE_TITAN_EXPORT_PACKET.tar.gz/IPHONE_TITAN_EXPORT_PACKET/_root_PVE_ALPINE_VALUE_EXPORT_PACKET_20260525_054604_FILES_DELTA_UNITY_ENGINE_v1_7.py
0d59f8875cdeec0488238dd62e877f4e22fb24e3724a5f109f10996d34587eb2	47757	PACKAGE	/root/freya_audit/izlaz/SOBA_2_ZNANJE/PHONE_FULL_KNOWLEDGE_COPY_20260704_174201/root/FREYA_SSOT/08_EXTRACTED/3_IPHONE_TITAN_EXPORT_PACKET.tar.gz/IPHONE_TITAN_EXPORT_PACKET/_root_PVE_ALPINE_VALUE_EXPORT_PACKET_20260525_054604_FILES_TITANGRID_DELTA_888_DIGITAL_TRANSFORMER.py
e48cdd9ef01fb645e74e17a519cc595054f121467ea56385b827b4b67af6caa5	19294	PACKAGE	/root/freya_audit/izlaz/SOBA_2_ZNANJE/PHONE_FULL_KNOWLEDGE_COPY_20260704_174201/root/FREYA_SSOT/08_EXTRACTED/3_IPHONE_TITAN_EXPORT_PACKET.tar.gz/IPHONE_TITAN_EXPORT_PACKET/_root_PVE_ALPINE_VALUE_EXPORT_PACKET_20260525_054604_FILES_TITAN_v5_0_board_ic_dashboard_upgrade.py
c90ad565070c2dbbe7c2fdc3715c762d729546c4190349d1d645d5a9d8c5605d	526	UNCLASSIFIED	/root/freya_audit/izlaz/SOBA_2_ZNANJE/PHONE_FULL_KNOWLEDGE_COPY_20260704_174201/root/FREYA_SSOT/08_EXTRACTED/3_IPHONE_TITAN_EXPORT_PACKET.tar.gz/IPHONE_TITAN_EXPORT_PACKET/_root_PVE_ALPINE_VALUE_EXPORT_PACKET_20260525_054604_FILES_build_control_tower_v1.py
4f3a200983234285d0605513c78c62e3b6e63f5f29320604a29f5c5e31227f93	2698	UNCLASSIFIED	/root/freya_audit/izlaz/SOBA_2_ZNANJE/PHONE_FULL_KNOWLEDGE_COPY_20260704_174201/root/FREYA_SSOT/08_EXTRACTED/3_IPHONE_TITAN_EXPORT_PACKET.tar.gz/IPHONE_TITAN_EXPORT_PACKET/_root_PVE_ALPINE_VALUE_EXPORT_PACKET_20260525_054604_FILES_extract_titan1_deep_harvest.py
4fb527807d4c2f6d70e17148719356881587d083cc83b2d58ff78324c9006580	22811	UNCLASSIFIED	/root/freya_audit/izlaz/SOBA_2_ZNANJE/PHONE_FULL_KNOWLEDGE_COPY_20260704_174201/root/FREYA_SSOT/08_EXTRACTED/3_IPHONE_TITAN_EXPORT_PACKET.tar.gz/IPHONE_TITAN_EXPORT_PACKET/_root_PVE_ALPINE_VALUE_EXPORT_PACKET_20260525_054604_FILES_grok_automated_mutation_generator.py
4c9f98241cd26655683877954cd7563365050e80203f6530b76833c61df18841	2257	UNCLASSIFIED	/root/freya_audit/izlaz/SOBA_2_ZNANJE/PHONE_FULL_KNOWLEDGE_COPY_20260704_174201/root/FREYA_SSOT/08_EXTRACTED/3_IPHONE_TITAN_EXPORT_PACKET.tar.gz/IPHONE_TITAN_EXPORT_PACKET/_root_PVE_ALPINE_VALUE_EXPORT_PACKET_20260525_054604_FILES_titan1_light_harmonizer.py
fe9c2dffce2623f4c6bd9c212b8fb9a8be4c69902690aa61d7fb61683552ca4a	30287	UNCLASSIFIED	/root/freya_audit/izlaz/SOBA_2_ZNANJE/PHONE_FULL_KNOWLEDGE_COPY_20260704_174201/root/FREYA_SSOT/08_EXTRACTED/3_IPHONE_TITAN_EXPORT_PACKET.tar.gz/IPHONE_TITAN_EXPORT_PACKET/_root_PVE_ALPINE_VALUE_EXPORT_PACKET_20260525_054604_FILES_titan_central_brain_v6_1_generator.py
081248d59fc78901e1238c4856e9ca8ef5644199101a92246126bd10b5013d86	65772	WORKER	/root/freya_audit/izlaz/SOBA_2_ZNANJE/PHONE_FULL_KNOWLEDGE_COPY_20260704_174201/root/FREYA_SSOT/08_EXTRACTED/3_IPHONE_TITAN_EXPORT_PACKET.tar.gz/IPHONE_TITAN_EXPORT_PACKET/_root_PVE_ALPINE_VALUE_EXPORT_PACKET_20260525_054604_FILES_titan_grid_v5_max_pojaczony.py
13cc5301e437b390639297ca6b0dd89e7085feb3885b9e7e7cb6774f86732661	62981	UNCLASSIFIED	/root/freya_audit/izlaz/SOBA_2_ZNANJE/PHONE_FULL_KNOWLEDGE_COPY_20260704_174201/root/FREYA_SSOT/08_EXTRACTED/3_IPHONE_TITAN_EXPORT_PACKET.tar.gz/IPHONE_TITAN_EXPORT_PACKET/_root_PVE_ALPINE_VALUE_EXPORT_PACKET_20260525_054604_FILES_titan_grid_vdr_enterprise_v3_4.py
5b379991662ebc7e9ed9641128ab065673b69026c2ce9783e3609031b797f0b5	25946	UNCLASSIFIED	/root/freya_audit/izlaz/SOBA_2_ZNANJE/PHONE_FULL_KNOWLEDGE_COPY_20260704_174201/root/FREYA_SSOT/08_EXTRACTED/3_IPHONE_TITAN_EXPORT_PACKET.tar.gz/IPHONE_TITAN_EXPORT_PACKET/_root_PVE_ALPINE_VALUE_EXPORT_PACKET_20260525_054604_FILES_titan_grid_vdr_ultimate_final_clean.py
22684a7022143838ad2f71d21d243488e4a1d4a053e7fcfbc5aea78b893ad22b	6110	AGENT	/root/freya_audit/izlaz/SOBA_2_ZNANJE/PHONE_FULL_KNOWLEDGE_COPY_20260704_174201/root/FREYA_SSOT/08_EXTRACTED/3_IPHONE_TITAN_EXPORT_PACKET.tar.gz/IPHONE_TITAN_EXPORT_PACKET/_root_PVE_DIAMOND_EXPORT_20260525_055151_DIAMONDS_DIAMOND_42_DELTA_UNITY_ENGINE_v1_7.py
323a623bd1cdeb6bb3e52383aa236b74871c745b8cb085f6812705ee9c1d63a7	1456	UNCLASSIFIED	/root/freya_audit/izlaz/SOBA_2_ZNANJE/PHONE_FULL_KNOWLEDGE_COPY_20260704_174201/root/FREYA_SSOT/08_EXTRACTED/3_IPHONE_TITAN_EXPORT_PACKET.tar.gz/IPHONE_TITAN_EXPORT_PACKET/_root_PVE_DIAMOND_EXPORT_20260525_055151_DIAMONDS_DIAMOND_44_DELTA_CORE_v1_0.py
4fb527807d4c2f6d70e17148719356881587d083cc83b2d58ff78324c9006580	22811	UNCLASSIFIED	/root/freya_audit/izlaz/SOBA_2_ZNANJE/PHONE_FULL_KNOWLEDGE_COPY_20260704_174201/root/FREYA_SSOT/08_EXTRACTED/3_IPHONE_TITAN_EXPORT_PACKET.tar.gz/IPHONE_TITAN_EXPORT_PACKET/_root_PVE_DIAMOND_EXPORT_20260525_055151_DIAMONDS_DIAMOND_59_grok_automated_mutation_generator.py
0d59f8875cdeec0488238dd62e877f4e22fb24e3724a5f109f10996d34587eb2	47757	PACKAGE	/root/freya_audit/izlaz/SOBA_2_ZNANJE/PHONE_FULL_KNOWLEDGE_COPY_20260704_174201/root/FREYA_SSOT/08_EXTRACTED/3_IPHONE_TITAN_EXPORT_PACKET.tar.gz/IPHONE_TITAN_EXPORT_PACKET/_root_PVE_DIAMOND_MINI_20260525_055305_DIAMONDS_DIAMOND_TITANGRID_DELTA_888_DIGITAL_TRANSFORMER.py
4f3a200983234285d0605513c78c62e3b6e63f5f29320604a29f5c5e31227f93	2698	UNCLASSIFIED	/root/freya_audit/izlaz/SOBA_2_ZNANJE/PHONE_FULL_KNOWLEDGE_COPY_20260704_174201/root/FREYA_SSOT/08_EXTRACTED/3_IPHONE_TITAN_EXPORT_PACKET.tar.gz/IPHONE_TITAN_EXPORT_PACKET/_root_PVE_DIAMOND_MINI_20260525_055305_DIAMONDS_DIAMOND_extract_titan1_deep_harvest.py
4c9f98241cd26655683877954cd7563365050e80203f6530b76833c61df18841	2257	UNCLASSIFIED	/root/freya_audit/izlaz/SOBA_2_ZNANJE/PHONE_FULL_KNOWLEDGE_COPY_20260704_174201/root/FREYA_SSOT/08_EXTRACTED/3_IPHONE_TITAN_EXPORT_PACKET.tar.gz/IPHONE_TITAN_EXPORT_PACKET/_root_PVE_DIAMOND_MINI_20260525_055305_DIAMONDS_DIAMOND_titan1_light_harmonizer.py
2a3ef469749b192cd3221414a9def375ae470da6b2d4fd2211af49534d1f7215	726	UNCLASSIFIED	/root/freya_audit/izlaz/SOBA_2_ZNANJE/PHONE_FULL_KNOWLEDGE_COPY_20260704_174201/root/FREYA_SSOT/08_EXTRACTED/4_titan_rad.tar.gz/Obsidian_Glavni_Trezor/3_SISTEM_I_SKRIPTE/auto_harvest.sh
70109eefd8468a9506fe0c1cae4ed70d8c4a4619caeda8ef143a1fe18e636b41	1389	UNCLASSIFIED	/root/freya_audit/izlaz/SOBA_2_ZNANJE/PHONE_FULL_KNOWLEDGE_COPY_20260704_174201/root/FREYA_SSOT/08_EXTRACTED/4_titan_rad.tar.gz/Obsidian_Glavni_Trezor/3_SISTEM_I_SKRIPTE/cmu_pregled.sh
e45aa1d3327f413932d35641cd5258a9b48100cc9f9f558537f165282ecf3d18	1831	UNCLASSIFIED	/root/freya_audit/izlaz/SOBA_2_ZNANJE/PHONE_FULL_KNOWLEDGE_COPY_20260704_174201/root/FREYA_SSOT/08_EXTRACTED/4_titan_rad.tar.gz/Obsidian_Glavni_Trezor/3_SISTEM_I_SKRIPTE/iphone_alpine_enforcer.sh
663329ecb9b140922799414b5468d1050c703d6ecd1357191c537de68a79cf28	244	UNCLASSIFIED	/root/freya_audit/izlaz/SOBA_2_ZNANJE/PHONE_FULL_KNOWLEDGE_COPY_20260704_174201/root/FREYA_SSOT/08_EXTRACTED/4_titan_rad.tar.gz/Obsidian_Glavni_Trezor/3_SISTEM_I_SKRIPTE/titan_harvest_d.sh
7540f7ff4702d94e010e522ce9245d7a5a737194321c5bce42bc9c674e25c0cc	2160	UNCLASSIFIED	/root/freya_audit/izlaz/SOBA_2_ZNANJE/PHONE_FULL_KNOWLEDGE_COPY_20260704_174201/root/FREYA_SSOT/08_EXTRACTED/4_titan_rad.tar.gz/Obsidian_Glavni_Trezor/3_SISTEM_I_SKRIPTE/titan_self_heal.sh
add66f64052807d790d491c99f4fdf6caa90b6d514ea81a1023452c32c914834	1941	UNCLASSIFIED	/root/freya_audit/izlaz/SOBA_2_ZNANJE/PHONE_FULL_KNOWLEDGE_COPY_20260704_174201/root/FREYA_SSOT/08_EXTRACTED/4_titan_rad.tar.gz/Obsidian_Glavni_Trezor/3_SISTEM_I_SKRIPTE/titan_sentinel_d.sh
70109eefd8468a9506fe0c1cae4ed70d8c4a4619caeda8ef143a1fe18e636b41	1389	UNCLASSIFIED	/root/freya_audit/izlaz/SOBA_2_ZNANJE/PHONE_FULL_KNOWLEDGE_COPY_20260704_174201/root/FREYA_SSOT/08_EXTRACTED/5_default.tar.gz/etc/.titan_backup/cmu_pregled.sh
e45aa1d3327f413932d35641cd5258a9b48100cc9f9f558537f165282ecf3d18	1831	UNCLASSIFIED	/root/freya_audit/izlaz/SOBA_2_ZNANJE/PHONE_FULL_KNOWLEDGE_COPY_20260704_174201/root/FREYA_SSOT/08_EXTRACTED/5_default.tar.gz/etc/.titan_backup/iphone_alpine_enforcer.sh
84eb9034099d759ff08e6da5a731cacfc63a319547ad0f1dfc1c64853aca93f2	61	UNCLASSIFIED	/root/freya_audit/izlaz/SOBA_2_ZNANJE/PHONE_FULL_KNOWLEDGE_COPY_20260704_174201/root/FREYA_SSOT/08_EXTRACTED/5_default.tar.gz/etc/profile.d/locale.sh
2a3ef469749b192cd3221414a9def375ae470da6b2d4fd2211af49534d1f7215	726	UNCLASSIFIED	/root/freya_audit/izlaz/SOBA_2_ZNANJE/PHONE_FULL_KNOWLEDGE_COPY_20260704_174201/root/FREYA_SSOT/08_EXTRACTED/5_default.tar.gz/mnt/obsidian/3_SISTEM_I_SKRIPTE/auto_harvest.sh
70109eefd8468a9506fe0c1cae4ed70d8c4a4619caeda8ef143a1fe18e636b41	1389	UNCLASSIFIED	/root/freya_audit/izlaz/SOBA_2_ZNANJE/PHONE_FULL_KNOWLEDGE_COPY_20260704_174201/root/FREYA_SSOT/08_EXTRACTED/5_default.tar.gz/mnt/obsidian/3_SISTEM_I_SKRIPTE/cmu_pregled.sh
e45aa1d3327f413932d35641cd5258a9b48100cc9f9f558537f165282ecf3d18	1831	UNCLASSIFIED	/root/freya_audit/izlaz/SOBA_2_ZNANJE/PHONE_FULL_KNOWLEDGE_COPY_20260704_174201/root/FREYA_SSOT/08_EXTRACTED/5_default.tar.gz/mnt/obsidian/3_SISTEM_I_SKRIPTE/iphone_alpine_enforcer.sh
663329ecb9b140922799414b5468d1050c703d6ecd1357191c537de68a79cf28	244	UNCLASSIFIED	/root/freya_audit/izlaz/SOBA_2_ZNANJE/PHONE_FULL_KNOWLEDGE_COPY_20260704_174201/root/FREYA_SSOT/08_EXTRACTED/5_default.tar.gz/mnt/obsidian/3_SISTEM_I_SKRIPTE/titan_harvest_d.sh
7540f7ff4702d94e010e522ce9245d7a5a737194321c5bce42bc9c674e25c0cc	2160	UNCLASSIFIED	/root/freya_audit/izlaz/SOBA_2_ZNANJE/PHONE_FULL_KNOWLEDGE_COPY_20260704_174201/root/FREYA_SSOT/08_EXTRACTED/5_default.tar.gz/mnt/obsidian/3_SISTEM_I_SKRIPTE/titan_self_heal.sh
add66f64052807d790d491c99f4fdf6caa90b6d514ea81a1023452c32c914834	1941	UNCLASSIFIED	/root/freya_audit/izlaz/SOBA_2_ZNANJE/PHONE_FULL_KNOWLEDGE_COPY_20260704_174201/root/FREYA_SSOT/08_EXTRACTED/5_default.tar.gz/mnt/obsidian/3_SISTEM_I_SKRIPTE/titan_sentinel_d.sh
2a3ef469749b192cd3221414a9def375ae470da6b2d4fd2211af49534d1f7215	726	UNCLASSIFIED	/root/freya_audit/izlaz/SOBA_2_ZNANJE/PHONE_FULL_KNOWLEDGE_COPY_20260704_174201/root/FREYA_SSOT/08_EXTRACTED/5_default.tar.gz/root/Obsidian_Glavni_Trezor/3_SISTEM_I_SKRIPTE/auto_harvest.sh
70109eefd8468a9506fe0c1cae4ed70d8c4a4619caeda8ef143a1fe18e636b41	1389	UNCLASSIFIED	/root/freya_audit/izlaz/SOBA_2_ZNANJE/PHONE_FULL_KNOWLEDGE_COPY_20260704_174201/root/FREYA_SSOT/08_EXTRACTED/5_default.tar.gz/root/Obsidian_Glavni_Trezor/3_SISTEM_I_SKRIPTE/cmu_pregled.sh
e45aa1d3327f413932d35641cd5258a9b48100cc9f9f558537f165282ecf3d18	1831	UNCLASSIFIED	/root/freya_audit/izlaz/SOBA_2_ZNANJE/PHONE_FULL_KNOWLEDGE_COPY_20260704_174201/root/FREYA_SSOT/08_EXTRACTED/5_default.tar.gz/root/Obsidian_Glavni_Trezor/3_SISTEM_I_SKRIPTE/iphone_alpine_enforcer.sh
663329ecb9b140922799414b5468d1050c703d6ecd1357191c537de68a79cf28	244	UNCLASSIFIED	/root/freya_audit/izlaz/SOBA_2_ZNANJE/PHONE_FULL_KNOWLEDGE_COPY_20260704_174201/root/FREYA_SSOT/08_EXTRACTED/5_default.tar.gz/root/Obsidian_Glavni_Trezor/3_SISTEM_I_SKRIPTE/titan_harvest_d.sh
7540f7ff4702d94e010e522ce9245d7a5a737194321c5bce42bc9c674e25c0cc	2160	UNCLASSIFIED	/root/freya_audit/izlaz/SOBA_2_ZNANJE/PHONE_FULL_KNOWLEDGE_COPY_20260704_174201/root/FREYA_SSOT/08_EXTRACTED/5_default.tar.gz/root/Obsidian_Glavni_Trezor/3_SISTEM_I_SKRIPTE/titan_self_heal.sh
add66f64052807d790d491c99f4fdf6caa90b6d514ea81a1023452c32c914834	1941	UNCLASSIFIED	/root/freya_audit/izlaz/SOBA_2_ZNANJE/PHONE_FULL_KNOWLEDGE_COPY_20260704_174201/root/FREYA_SSOT/08_EXTRACTED/5_default.tar.gz/root/Obsidian_Glavni_Trezor/3_SISTEM_I_SKRIPTE/titan_sentinel_d.sh
2a3ef469749b192cd3221414a9def375ae470da6b2d4fd2211af49534d1f7215	726	UNCLASSIFIED	/root/freya_audit/izlaz/SOBA_2_ZNANJE/obsidian/3_SISTEM_I_SKRIPTE/auto_harvest.sh
70109eefd8468a9506fe0c1cae4ed70d8c4a4619caeda8ef143a1fe18e636b41	1389	UNCLASSIFIED	/root/freya_audit/izlaz/SOBA_2_ZNANJE/obsidian/3_SISTEM_I_SKRIPTE/cmu_pregled.sh
e45aa1d3327f413932d35641cd5258a9b48100cc9f9f558537f165282ecf3d18	1831	UNCLASSIFIED	/root/freya_audit/izlaz/SOBA_2_ZNANJE/obsidian/3_SISTEM_I_SKRIPTE/iphone_alpine_enforcer.sh
663329ecb9b140922799414b5468d1050c703d6ecd1357191c537de68a79cf28	244	UNCLASSIFIED	/root/freya_audit/izlaz/SOBA_2_ZNANJE/obsidian/3_SISTEM_I_SKRIPTE/titan_harvest_d.sh
7540f7ff4702d94e010e522ce9245d7a5a737194321c5bce42bc9c674e25c0cc	2160	UNCLASSIFIED	/root/freya_audit/izlaz/SOBA_2_ZNANJE/obsidian/3_SISTEM_I_SKRIPTE/titan_self_heal.sh
add66f64052807d790d491c99f4fdf6caa90b6d514ea81a1023452c32c914834	1941	UNCLASSIFIED	/root/freya_audit/izlaz/SOBA_2_ZNANJE/obsidian/3_SISTEM_I_SKRIPTE/titan_sentinel_d.sh
6d939f7ed28e24080198d3fec29e84044649d78adfd59f61e2ae6a0a65bcafed	757	UNCLASSIFIED	/root/freya_audit/izlaz/SOBA_4_SIGURNOST/freya_audit/faza10/hardening_closure.sh
458d6eeaf22838081a1ed106ebfa9e6e3a3e19f714ffc9aabf871540b1c47544	632	UNCLASSIFIED	/root/freya_audit/izlaz/SOBA_4_SIGURNOST/freya_audit/faza2/shortcuts_scanner.sh
4ce178aec92bd2f1ff4a891a30ed5f110b5eff4aafda35f39fe52876bac0a9fd	756	UNCLASSIFIED	/root/freya_audit/izlaz/SOBA_4_SIGURNOST/freya_audit/faza3/network_comm_audit.sh
acb36d6a59335b039be466d98810fd19237a6e20a613120c4d86bdb29e5be2e5	653	UNCLASSIFIED	/root/freya_audit/izlaz/SOBA_4_SIGURNOST/freya_audit/faza4/fs_artifacts_audit.sh
76b45dd16fec7bf1b9d75adc855d287b9e93323a13796a36b94e2907dc2767e3	778	UNCLASSIFIED	/root/freya_audit/izlaz/SOBA_4_SIGURNOST/freya_audit/faza5/cloud_account_audit.sh
b07f4989c599a606f3cb1a411b525ce0b74d0513dc1570be362500fb8742132d	805	UNCLASSIFIED	/root/freya_audit/izlaz/SOBA_4_SIGURNOST/freya_audit/faza6/app_sandbox_audit.sh
dd7fb01b8777b7264369f2936126199bf6e40a8f69da335854963c87bf551244	768	UNCLASSIFIED	/root/freya_audit/izlaz/SOBA_4_SIGURNOST/freya_audit/faza7/hardware_boot_audit.sh
e0a272c590251495a9a5d0a6df2533bd8d789f41f95a4f3341cc5e1983e2a018	770	UNCLASSIFIED	/root/freya_audit/izlaz/SOBA_4_SIGURNOST/freya_audit/faza8/user_activity_audit.sh
43390d610229bbccf1b416f71494bb167291bbfaa4d19c98ec4de482877e7438	858	UNCLASSIFIED	/root/freya_audit/izlaz/SOBA_4_SIGURNOST/freya_audit/faza9/spyware_jb_detect.sh
4853ac50441192249a12dc58e429d73b0bcbd56be53605630e1cdda9e10b40d1	2105	UNCLASSIFIED	/root/freya_audit/izlaz/SOBA_4_SIGURNOST/freya_audit/freya_cleaner.sh
a6040731e0e5aad37722b5d14ab4dba3b828c32f55e561ed253e63cb24ae146f	1955	UNCLASSIFIED	/root/freya_audit/izlaz/SOBA_4_SIGURNOST/freya_audit/upload_server.py
1e7139185effbcb68867da6a69210c11d366155a20e96361261df510efee84f9	1520	UNCLASSIFIED	/root/freya_audit/izlaz/UNITY/SOBA_1_JEZGRO/ars_kalkulator.py
581e11ea845639fd8ebdb8d26e81fab146b9e6e33c9944866cded697fb04db23	1404	UNCLASSIFIED	/root/freya_audit/izlaz/UNITY/SOBA_1_JEZGRO/ars_stvarnost.py
098b92aa0ea537ab80df90039c4701cb36e40f89d0187788d8c350b24365c364	1325	UNCLASSIFIED	/root/freya_audit/izlaz/UNITY/SOBA_1_JEZGRO/gate_control.sh
cd522e136da39a8436ecab0929f384f77672032285c93e05ee7dd000d8d896fb	758	UNCLASSIFIED	/root/freya_audit/izlaz/UNITY/SOBA_1_JEZGRO/hitna_lista.py
b440c25fdc2c27061a3bca3736265ddacec61355825e1aeaab1c254c079de03c	4048	ORCHESTRATOR	/root/freya_audit/izlaz/UNITY/SOBA_1_JEZGRO/ish_zlato_NOW.sh
5ae20de2f27fa5483646eceb6d96a2bd8090c5caab29128ab6f1e69b95ce471e	1016	UNCLASSIFIED	/root/freya_audit/izlaz/UNITY/SOBA_1_JEZGRO/linkedin_asistent.py
d4568397d4db1755648b2da8f4116a4c78e8515b0309b0752108f1e9657d9ad0	1046	UNCLASSIFIED	/root/freya_audit/izlaz/UNITY/SOBA_1_JEZGRO/piton.py
77c07d0d3af7c19d15e3e4222f506c400ff2a8528ac27431ab3c1926c01cc034	1240	AGENT	/root/freya_audit/izlaz/UNITY/SOBA_1_JEZGRO/politika.py
20eb829df9838b67bf97880c8bec6e05f1ec9df5b79c6748e9fc0d293ae54990	2589	UNCLASSIFIED	/root/freya_audit/izlaz/UNITY/SOBA_1_JEZGRO/titan_self_heal_v2.sh
d962a6daae792e6c4db32faa15a23612c851c6e4e7c750865c7ab97f68df5e55	1578	UNCLASSIFIED	/root/freya_audit/izlaz/UNITY/SOBA_1_JEZGRO/vip_imenik.py
2a3ef469749b192cd3221414a9def375ae470da6b2d4fd2211af49534d1f7215	726	UNCLASSIFIED	/root/freya_audit/izlaz/UNITY/SOBA_2_ZNANJE/PHONE_FULL_KNOWLEDGE_COPY_20260704_174201/media/usb/obsidian/3_SISTEM_I_SKRIPTE/auto_harvest.sh
70109eefd8468a9506fe0c1cae4ed70d8c4a4619caeda8ef143a1fe18e636b41	1389	UNCLASSIFIED	/root/freya_audit/izlaz/UNITY/SOBA_2_ZNANJE/PHONE_FULL_KNOWLEDGE_COPY_20260704_174201/media/usb/obsidian/3_SISTEM_I_SKRIPTE/cmu_pregled.sh
e45aa1d3327f413932d35641cd5258a9b48100cc9f9f558537f165282ecf3d18	1831	UNCLASSIFIED	/root/freya_audit/izlaz/UNITY/SOBA_2_ZNANJE/PHONE_FULL_KNOWLEDGE_COPY_20260704_174201/media/usb/obsidian/3_SISTEM_I_SKRIPTE/iphone_alpine_enforcer.sh
663329ecb9b140922799414b5468d1050c703d6ecd1357191c537de68a79cf28	244	UNCLASSIFIED	/root/freya_audit/izlaz/UNITY/SOBA_2_ZNANJE/PHONE_FULL_KNOWLEDGE_COPY_20260704_174201/media/usb/obsidian/3_SISTEM_I_SKRIPTE/titan_harvest_d.sh
7540f7ff4702d94e010e522ce9245d7a5a737194321c5bce42bc9c674e25c0cc	2160	UNCLASSIFIED	/root/freya_audit/izlaz/UNITY/SOBA_2_ZNANJE/PHONE_FULL_KNOWLEDGE_COPY_20260704_174201/media/usb/obsidian/3_SISTEM_I_SKRIPTE/titan_self_heal.sh
add66f64052807d790d491c99f4fdf6caa90b6d514ea81a1023452c32c914834	1941	UNCLASSIFIED	/root/freya_audit/izlaz/UNITY/SOBA_2_ZNANJE/PHONE_FULL_KNOWLEDGE_COPY_20260704_174201/media/usb/obsidian/3_SISTEM_I_SKRIPTE/titan_sentinel_d.sh
2a3ef469749b192cd3221414a9def375ae470da6b2d4fd2211af49534d1f7215	726	UNCLASSIFIED	/root/freya_audit/izlaz/UNITY/SOBA_2_ZNANJE/PHONE_FULL_KNOWLEDGE_COPY_20260704_174201/mnt/obsidian/3_SISTEM_I_SKRIPTE/auto_harvest.sh
70109eefd8468a9506fe0c1cae4ed70d8c4a4619caeda8ef143a1fe18e636b41	1389	UNCLASSIFIED	/root/freya_audit/izlaz/UNITY/SOBA_2_ZNANJE/PHONE_FULL_KNOWLEDGE_COPY_20260704_174201/mnt/obsidian/3_SISTEM_I_SKRIPTE/cmu_pregled.sh
e45aa1d3327f413932d35641cd5258a9b48100cc9f9f558537f165282ecf3d18	1831	UNCLASSIFIED	/root/freya_audit/izlaz/UNITY/SOBA_2_ZNANJE/PHONE_FULL_KNOWLEDGE_COPY_20260704_174201/mnt/obsidian/3_SISTEM_I_SKRIPTE/iphone_alpine_enforcer.sh
663329ecb9b140922799414b5468d1050c703d6ecd1357191c537de68a79cf28	244	UNCLASSIFIED	/root/freya_audit/izlaz/UNITY/SOBA_2_ZNANJE/PHONE_FULL_KNOWLEDGE_COPY_20260704_174201/mnt/obsidian/3_SISTEM_I_SKRIPTE/titan_harvest_d.sh
7540f7ff4702d94e010e522ce9245d7a5a737194321c5bce42bc9c674e25c0cc	2160	UNCLASSIFIED	/root/freya_audit/izlaz/UNITY/SOBA_2_ZNANJE/PHONE_FULL_KNOWLEDGE_COPY_20260704_174201/mnt/obsidian/3_SISTEM_I_SKRIPTE/titan_self_heal.sh
add66f64052807d790d491c99f4fdf6caa90b6d514ea81a1023452c32c914834	1941	UNCLASSIFIED	/root/freya_audit/izlaz/UNITY/SOBA_2_ZNANJE/PHONE_FULL_KNOWLEDGE_COPY_20260704_174201/mnt/obsidian/3_SISTEM_I_SKRIPTE/titan_sentinel_d.sh
8303541b0fea045fb93e228f6ba69227fe664d67adb7b4661c0122b42c958a37	2667	UNCLASSIFIED	/root/freya_audit/izlaz/UNITY/SOBA_2_ZNANJE/PHONE_FULL_KNOWLEDGE_COPY_20260704_174201/root/Desktop/IPHONE_SCRIPT_HEALING_VOLIM_TE_20260702_234718/02_HEALED_COPIES/iphone_alpine_enforcer.HEALED_VOLIM_TE.sh
0fe92e094d8c58aa3290f16b5a45820494912ee52f760f887907a32efba89329	968	UNCLASSIFIED	/root/freya_audit/izlaz/UNITY/SOBA_2_ZNANJE/PHONE_FULL_KNOWLEDGE_COPY_20260704_174201/root/Desktop/IPHONE_SCRIPT_HEALING_VOLIM_TE_20260702_234718/02_HEALED_COPIES/titan_harvest_d.HEALED_VOLIM_TE.sh
d8b24fd4a9297e2c0b25cb3541507cd18061f241c59d7fa77b2db43b6882d0dd	2854	UNCLASSIFIED	/root/freya_audit/izlaz/UNITY/SOBA_2_ZNANJE/PHONE_FULL_KNOWLEDGE_COPY_20260704_174201/root/Desktop/IPHONE_SCRIPT_HEALING_VOLIM_TE_20260702_234718/02_HEALED_COPIES/titan_self_heal.HEALED_VOLIM_TE.sh
50a2cffcb2d26b147b23a771c9a6326ece0704a1df6e0d72c0abdb8c6ce8783a	2666	UNCLASSIFIED	/root/freya_audit/izlaz/UNITY/SOBA_2_ZNANJE/PHONE_FULL_KNOWLEDGE_COPY_20260704_174201/root/Desktop/IPHONE_SCRIPT_HEALING_VOLIM_TE_20260702_234718/02_HEALED_COPIES/titan_sentinel_d.HEALED_VOLIM_TE.sh
a55023129069f1b55cf8dd007e616852ec375ce6c9fe647f5712e5eff0856860	2759	UNCLASSIFIED	/root/freya_audit/izlaz/UNITY/SOBA_2_ZNANJE/PHONE_FULL_KNOWLEDGE_COPY_20260704_174201/root/Desktop/IPHONE_SCRIPT_HEALING_VOLIM_TE_20260702_234718/05_HEALED_V2_SAFE_WRAPPERS/iphone_alpine_enforcer.HEALED_VOLIM_TE_V2_SAFE.sh
17a9042548a049457b1fdefb63d2df8f925fbce7380ff55f2785ecef844d3bce	1151	UNCLASSIFIED	/root/freya_audit/izlaz/UNITY/SOBA_2_ZNANJE/PHONE_FULL_KNOWLEDGE_COPY_20260704_174201/root/Desktop/IPHONE_SCRIPT_HEALING_VOLIM_TE_20260702_234718/05_HEALED_V2_SAFE_WRAPPERS/titan_harvest_d.HEALED_VOLIM_TE_V2_SAFE.sh
b8d18f5d8275128fd9e4613adfb480084418fc0d8714826509273c418aa619ec	3067	UNCLASSIFIED	/root/freya_audit/izlaz/UNITY/SOBA_2_ZNANJE/PHONE_FULL_KNOWLEDGE_COPY_20260704_174201/root/Desktop/IPHONE_SCRIPT_HEALING_VOLIM_TE_20260702_234718/05_HEALED_V2_SAFE_WRAPPERS/titan_self_heal.HEALED_VOLIM_TE_V2_SAFE.sh
43c7d523fff0d11477131840bffc12f51ecb21c93857bd97b612903be124e475	2851	UNCLASSIFIED	/root/freya_audit/izlaz/UNITY/SOBA_2_ZNANJE/PHONE_FULL_KNOWLEDGE_COPY_20260704_174201/root/Desktop/IPHONE_SCRIPT_HEALING_VOLIM_TE_20260702_234718/05_HEALED_V2_SAFE_WRAPPERS/titan_sentinel_d.HEALED_VOLIM_TE_V2_SAFE.sh
2a3ef469749b192cd3221414a9def375ae470da6b2d4fd2211af49534d1f7215	726	UNCLASSIFIED	/root/freya_audit/izlaz/UNITY/SOBA_2_ZNANJE/PHONE_FULL_KNOWLEDGE_COPY_20260704_174201/root/Documents/TITAN_FINALNI_IZVOZ/Obsidian_Glavni_Trezor/3_SISTEM_I_SKRIPTE/auto_harvest.sh
70109eefd8468a9506fe0c1cae4ed70d8c4a4619caeda8ef143a1fe18e636b41	1389	UNCLASSIFIED	/root/freya_audit/izlaz/UNITY/SOBA_2_ZNANJE/PHONE_FULL_KNOWLEDGE_COPY_20260704_174201/root/Documents/TITAN_FINALNI_IZVOZ/Obsidian_Glavni_Trezor/3_SISTEM_I_SKRIPTE/cmu_pregled.sh
e45aa1d3327f413932d35641cd5258a9b48100cc9f9f558537f165282ecf3d18	1831	UNCLASSIFIED	/root/freya_audit/izlaz/UNITY/SOBA_2_ZNANJE/PHONE_FULL_KNOWLEDGE_COPY_20260704_174201/root/Documents/TITAN_FINALNI_IZVOZ/Obsidian_Glavni_Trezor/3_SISTEM_I_SKRIPTE/iphone_alpine_enforcer.sh
663329ecb9b140922799414b5468d1050c703d6ecd1357191c537de68a79cf28	244	UNCLASSIFIED	/root/freya_audit/izlaz/UNITY/SOBA_2_ZNANJE/PHONE_FULL_KNOWLEDGE_COPY_20260704_174201/root/Documents/TITAN_FINALNI_IZVOZ/Obsidian_Glavni_Trezor/3_SISTEM_I_SKRIPTE/titan_harvest_d.sh
7540f7ff4702d94e010e522ce9245d7a5a737194321c5bce42bc9c674e25c0cc	2160	UNCLASSIFIED	/root/freya_audit/izlaz/UNITY/SOBA_2_ZNANJE/PHONE_FULL_KNOWLEDGE_COPY_20260704_174201/root/Documents/TITAN_FINALNI_IZVOZ/Obsidian_Glavni_Trezor/3_SISTEM_I_SKRIPTE/titan_self_heal.sh
add66f64052807d790d491c99f4fdf6caa90b6d514ea81a1023452c32c914834	1941	UNCLASSIFIED	/root/freya_audit/izlaz/UNITY/SOBA_2_ZNANJE/PHONE_FULL_KNOWLEDGE_COPY_20260704_174201/root/Documents/TITAN_FINALNI_IZVOZ/Obsidian_Glavni_Trezor/3_SISTEM_I_SKRIPTE/titan_sentinel_d.sh
1cddb641891909667dd21dae9333444f2e08096cdb9504bda1c1d8c6651fd863	1898	UNCLASSIFIED	/root/freya_audit/izlaz/UNITY/SOBA_2_ZNANJE/PHONE_FULL_KNOWLEDGE_COPY_20260704_174201/root/FREYA_IPHONE/scripts/FREYA-IPHONE-001_FOUNDATION.sh
8d1b3a27d731fadb2dd9d5417868f1b085dc6ca0418a2855a042520c235d4a70	1131	UNCLASSIFIED	/root/freya_audit/izlaz/UNITY/SOBA_2_ZNANJE/PHONE_FULL_KNOWLEDGE_COPY_20260704_174201/root/FREYA_IPHONE/scripts/FREYA-IPHONE-002_EXPORT_TO_ANDROID.sh
53ebea16bf458be90c146434e257c69cb1df0512214a1d0ad0adaef3399287a2	1336	ORCHESTRATOR	/root/freya_audit/izlaz/UNITY/SOBA_2_ZNANJE/PHONE_FULL_KNOWLEDGE_COPY_20260704_174201/root/FREYA_IPHONE/scripts/FREYA-IPHONE-D01_D02_KNOWLEDGE_HARVEST.sh
f2851a43c20f218053ba054e080d6c380306f111171ea5162d704a04528af37b	2196	UNCLASSIFIED	/root/freya_audit/izlaz/UNITY/SOBA_2_ZNANJE/PHONE_FULL_KNOWLEDGE_COPY_20260704_174201/root/FREYA_IPHONE/scripts/FREYA-IPHONE-D03_KNOWLEDGE_OBJECTS.sh
8de6467763bf4ac9b5c7e35a2e82e5b501be34fad89177d81c5b428b797e416a	2004	UNCLASSIFIED	/root/freya_audit/izlaz/UNITY/SOBA_2_ZNANJE/PHONE_FULL_KNOWLEDGE_COPY_20260704_174201/root/FREYA_IPHONE/scripts/FREYA-IPHONE-D04_PACKET_BUILDER.sh
2a3ef469749b192cd3221414a9def375ae470da6b2d4fd2211af49534d1f7215	726	UNCLASSIFIED	/root/freya_audit/izlaz/UNITY/SOBA_2_ZNANJE/PHONE_FULL_KNOWLEDGE_COPY_20260704_174201/root/FREYA_SSOT/08_EXTRACTED/11_TITAN_SPAS.tar.gz/Obsidian_Glavni_Trezor/3_SISTEM_I_SKRIPTE/auto_harvest.sh
70109eefd8468a9506fe0c1cae4ed70d8c4a4619caeda8ef143a1fe18e636b41	1389	UNCLASSIFIED	/root/freya_audit/izlaz/UNITY/SOBA_2_ZNANJE/PHONE_FULL_KNOWLEDGE_COPY_20260704_174201/root/FREYA_SSOT/08_EXTRACTED/11_TITAN_SPAS.tar.gz/Obsidian_Glavni_Trezor/3_SISTEM_I_SKRIPTE/cmu_pregled.sh
e45aa1d3327f413932d35641cd5258a9b48100cc9f9f558537f165282ecf3d18	1831	UNCLASSIFIED	/root/freya_audit/izlaz/UNITY/SOBA_2_ZNANJE/PHONE_FULL_KNOWLEDGE_COPY_20260704_174201/root/FREYA_SSOT/08_EXTRACTED/11_TITAN_SPAS.tar.gz/Obsidian_Glavni_Trezor/3_SISTEM_I_SKRIPTE/iphone_alpine_enforcer.sh
663329ecb9b140922799414b5468d1050c703d6ecd1357191c537de68a79cf28	244	UNCLASSIFIED	/root/freya_audit/izlaz/UNITY/SOBA_2_ZNANJE/PHONE_FULL_KNOWLEDGE_COPY_20260704_174201/root/FREYA_SSOT/08_EXTRACTED/11_TITAN_SPAS.tar.gz/Obsidian_Glavni_Trezor/3_SISTEM_I_SKRIPTE/titan_harvest_d.sh
7540f7ff4702d94e010e522ce9245d7a5a737194321c5bce42bc9c674e25c0cc	2160	UNCLASSIFIED	/root/freya_audit/izlaz/UNITY/SOBA_2_ZNANJE/PHONE_FULL_KNOWLEDGE_COPY_20260704_174201/root/FREYA_SSOT/08_EXTRACTED/11_TITAN_SPAS.tar.gz/Obsidian_Glavni_Trezor/3_SISTEM_I_SKRIPTE/titan_self_heal.sh
add66f64052807d790d491c99f4fdf6caa90b6d514ea81a1023452c32c914834	1941	UNCLASSIFIED	/root/freya_audit/izlaz/UNITY/SOBA_2_ZNANJE/PHONE_FULL_KNOWLEDGE_COPY_20260704_174201/root/FREYA_SSOT/08_EXTRACTED/11_TITAN_SPAS.tar.gz/Obsidian_Glavni_Trezor/3_SISTEM_I_SKRIPTE/titan_sentinel_d.sh
323a623bd1cdeb6bb3e52383aa236b74871c745b8cb085f6812705ee9c1d63a7	1456	UNCLASSIFIED	/root/freya_audit/izlaz/UNITY/SOBA_2_ZNANJE/PHONE_FULL_KNOWLEDGE_COPY_20260704_174201/root/FREYA_SSOT/08_EXTRACTED/3_IPHONE_TITAN_EXPORT_PACKET.tar.gz/IPHONE_TITAN_EXPORT_PACKET/_root_DELTA_CORE_v1_0.py
323a623bd1cdeb6bb3e52383aa236b74871c745b8cb085f6812705ee9c1d63a7	1456	UNCLASSIFIED	/root/freya_audit/izlaz/UNITY/SOBA_2_ZNANJE/PHONE_FULL_KNOWLEDGE_COPY_20260704_174201/root/FREYA_SSOT/08_EXTRACTED/3_IPHONE_TITAN_EXPORT_PACKET.tar.gz/IPHONE_TITAN_EXPORT_PACKET/_root_DELTA_FINAL_EXPORT_SOUL_EXPORT_20260519_1232_Scripts_DELTA_CORE_v1_0.py
22684a7022143838ad2f71d21d243488e4a1d4a053e7fcfbc5aea78b893ad22b	6110	AGENT	/root/freya_audit/izlaz/UNITY/SOBA_2_ZNANJE/PHONE_FULL_KNOWLEDGE_COPY_20260704_174201/root/FREYA_SSOT/08_EXTRACTED/3_IPHONE_TITAN_EXPORT_PACKET.tar.gz/IPHONE_TITAN_EXPORT_PACKET/_root_DELTA_FINAL_EXPORT_SOUL_EXPORT_20260519_1232_Scripts_DELTA_UNITY_ENGINE_v1_7.py
db0d1fd704f188e0ac5ef0bd7eb1cee032050c593a645ebf3660a5c21e861807	3513	UNCLASSIFIED	/root/freya_audit/izlaz/UNITY/SOBA_2_ZNANJE/PHONE_FULL_KNOWLEDGE_COPY_20260704_174201/root/FREYA_SSOT/08_EXTRACTED/3_IPHONE_TITAN_EXPORT_PACKET.tar.gz/IPHONE_TITAN_EXPORT_PACKET/_root_DELTA_FINAL_EXPORT_SOUL_EXPORT_20260519_1232_Scripts_iphone_sha_analyzer.py
db0d1fd704f188e0ac5ef0bd7eb1cee032050c593a645ebf3660a5c21e861807	3513	UNCLASSIFIED	/root/freya_audit/izlaz/UNITY/SOBA_2_ZNANJE/PHONE_FULL_KNOWLEDGE_COPY_20260704_174201/root/FREYA_SSOT/08_EXTRACTED/3_IPHONE_TITAN_EXPORT_PACKET.tar.gz/IPHONE_TITAN_EXPORT_PACKET/_root_DELTA_FINAL_EXPORT_Scripts_iphone_sha_analyzer.py
22684a7022143838ad2f71d21d243488e4a1d4a053e7fcfbc5aea78b893ad22b	6110	AGENT	/root/freya_audit/izlaz/UNITY/SOBA_2_ZNANJE/PHONE_FULL_KNOWLEDGE_COPY_20260704_174201/root/FREYA_SSOT/08_EXTRACTED/3_IPHONE_TITAN_EXPORT_PACKET.tar.gz/IPHONE_TITAN_EXPORT_PACKET/_root_DELTA_UNITY_ENGINE_v1_7.py
081248d59fc78901e1238c4856e9ca8ef5644199101a92246126bd10b5013d86	65772	WORKER	/root/freya_audit/izlaz/UNITY/SOBA_2_ZNANJE/PHONE_FULL_KNOWLEDGE_COPY_20260704_174201/root/FREYA_SSOT/08_EXTRACTED/3_IPHONE_TITAN_EXPORT_PACKET.tar.gz/IPHONE_TITAN_EXPORT_PACKET/_root_Documents_003._PPP_titan_grid_v5_max_pojaczony.py
13cc5301e437b390639297ca6b0dd89e7085feb3885b9e7e7cb6774f86732661	62981	UNCLASSIFIED	/root/freya_audit/izlaz/UNITY/SOBA_2_ZNANJE/PHONE_FULL_KNOWLEDGE_COPY_20260704_174201/root/FREYA_SSOT/08_EXTRACTED/3_IPHONE_TITAN_EXPORT_PACKET.tar.gz/IPHONE_TITAN_EXPORT_PACKET/_root_Documents_003._PPP_titan_grid_vdr_enterprise_v3_4.py
5b379991662ebc7e9ed9641128ab065673b69026c2ce9783e3609031b797f0b5	25946	UNCLASSIFIED	/root/freya_audit/izlaz/UNITY/SOBA_2_ZNANJE/PHONE_FULL_KNOWLEDGE_COPY_20260704_174201/root/FREYA_SSOT/08_EXTRACTED/3_IPHONE_TITAN_EXPORT_PACKET.tar.gz/IPHONE_TITAN_EXPORT_PACKET/_root_Documents_003._PPP_titan_grid_vdr_ultimate_final_clean.py
3b93a6c54ee70ceb8a893ce989f6f19fc38ad750a2ca0ff6e365976d93777c04	4667	PACKAGE	/root/freya_audit/izlaz/UNITY/SOBA_2_ZNANJE/PHONE_FULL_KNOWLEDGE_COPY_20260704_174201/root/FREYA_SSOT/08_EXTRACTED/3_IPHONE_TITAN_EXPORT_PACKET.tar.gz/IPHONE_TITAN_EXPORT_PACKET/_root_Documents_004.DELTA_37_system_index_builder.py
0d59f8875cdeec0488238dd62e877f4e22fb24e3724a5f109f10996d34587eb2	47757	PACKAGE	/root/freya_audit/izlaz/UNITY/SOBA_2_ZNANJE/PHONE_FULL_KNOWLEDGE_COPY_20260704_174201/root/FREYA_SSOT/08_EXTRACTED/3_IPHONE_TITAN_EXPORT_PACKET.tar.gz/IPHONE_TITAN_EXPORT_PACKET/_root_Documents_0200_TITANGRID_DELTA_888_DIGITAL_TRANSFORMER.py
97a18cecc6af347637429d2765731ee758a2b0597568c702430ed27b504507ac	1914	UNCLASSIFIED	/root/freya_audit/izlaz/UNITY/SOBA_2_ZNANJE/PHONE_FULL_KNOWLEDGE_COPY_20260704_174201/root/FREYA_SSOT/08_EXTRACTED/3_IPHONE_TITAN_EXPORT_PACKET.tar.gz/IPHONE_TITAN_EXPORT_PACKET/_root_Documents_569_generate_SIGNALNI_MEMORANDUM_TITAN1.py
323a623bd1cdeb6bb3e52383aa236b74871c745b8cb085f6812705ee9c1d63a7	1456	UNCLASSIFIED	/root/freya_audit/izlaz/UNITY/SOBA_2_ZNANJE/PHONE_FULL_KNOWLEDGE_COPY_20260704_174201/root/FREYA_SSOT/08_EXTRACTED/3_IPHONE_TITAN_EXPORT_PACKET.tar.gz/IPHONE_TITAN_EXPORT_PACKET/_root_Documents_SOUL_EXPORT_20260519_1232_Scripts_DELTA_CORE_v1_0.py
22684a7022143838ad2f71d21d243488e4a1d4a053e7fcfbc5aea78b893ad22b	6110	AGENT	/root/freya_audit/izlaz/UNITY/SOBA_2_ZNANJE/PHONE_FULL_KNOWLEDGE_COPY_20260704_174201/root/FREYA_SSOT/08_EXTRACTED/3_IPHONE_TITAN_EXPORT_PACKET.tar.gz/IPHONE_TITAN_EXPORT_PACKET/_root_Documents_SOUL_EXPORT_20260519_1232_Scripts_DELTA_UNITY_ENGINE_v1_7.py
fcff4c9755243b9b7d27a9433693b06fcb0bbba4cdb988bdab8d6bfce0a45e95	5060	UNCLASSIFIED	/root/freya_audit/izlaz/UNITY/SOBA_2_ZNANJE/PHONE_FULL_KNOWLEDGE_COPY_20260704_174201/root/FREYA_SSOT/08_EXTRACTED/3_IPHONE_TITAN_EXPORT_PACKET.tar.gz/IPHONE_TITAN_EXPORT_PACKET/_root_Documents_TITAN_FINAL_01.04_grok_central_brain_exporter.py
c90ad565070c2dbbe7c2fdc3715c762d729546c4190349d1d645d5a9d8c5605d	526	UNCLASSIFIED	/root/freya_audit/izlaz/UNITY/SOBA_2_ZNANJE/PHONE_FULL_KNOWLEDGE_COPY_20260704_174201/root/FREYA_SSOT/08_EXTRACTED/3_IPHONE_TITAN_EXPORT_PACKET.tar.gz/IPHONE_TITAN_EXPORT_PACKET/_root_Documents_TITAN_FINAL_03.03_build_control_tower_v1.py
654ea28ff09e9ed9691e8965d895140647db28d022fd304b134582d041a04afe	2674	UNCLASSIFIED	/root/freya_audit/izlaz/UNITY/SOBA_2_ZNANJE/PHONE_FULL_KNOWLEDGE_COPY_20260704_174201/root/FREYA_SSOT/08_EXTRACTED/3_IPHONE_TITAN_EXPORT_PACKET.tar.gz/IPHONE_TITAN_EXPORT_PACKET/_root_Documents_TITAN_FINAL_03.03_grok_payload_v6_2.py
fe9c2dffce2623f4c6bd9c212b8fb9a8be4c69902690aa61d7fb61683552ca4a	30287	UNCLASSIFIED	/root/freya_audit/izlaz/UNITY/SOBA_2_ZNANJE/PHONE_FULL_KNOWLEDGE_COPY_20260704_174201/root/FREYA_SSOT/08_EXTRACTED/3_IPHONE_TITAN_EXPORT_PACKET.tar.gz/IPHONE_TITAN_EXPORT_PACKET/_root_Documents_TITAN_FINAL_03.03_titan_central_brain_v6_1_generator.py
e885ba6e3c7c6b1b56aa7d5afe37d1eae7e3cce182c0ae159e27e8ae32805801	1089	UNCLASSIFIED	/root/freya_audit/izlaz/UNITY/SOBA_2_ZNANJE/PHONE_FULL_KNOWLEDGE_COPY_20260704_174201/root/FREYA_SSOT/08_EXTRACTED/3_IPHONE_TITAN_EXPORT_PACKET.tar.gz/IPHONE_TITAN_EXPORT_PACKET/_root_Documents_TITAN_FINAL_27.03_TITAN_Data_Room_v6_3_Automated_AUTOMATE_ALL_DOCUMENTS.py
e48cdd9ef01fb645e74e17a519cc595054f121467ea56385b827b4b67af6caa5	19294	PACKAGE	/root/freya_audit/izlaz/UNITY/SOBA_2_ZNANJE/PHONE_FULL_KNOWLEDGE_COPY_20260704_174201/root/FREYA_SSOT/08_EXTRACTED/3_IPHONE_TITAN_EXPORT_PACKET.tar.gz/IPHONE_TITAN_EXPORT_PACKET/_root_Documents_TITAN_FINAL_27.03_TITAN_v5_0_board_ic_dashboard_upgrade.py
4fb527807d4c2f6d70e17148719356881587d083cc83b2d58ff78324c9006580	22811	UNCLASSIFIED	/root/freya_audit/izlaz/UNITY/SOBA_2_ZNANJE/PHONE_FULL_KNOWLEDGE_COPY_20260704_174201/root/FREYA_SSOT/08_EXTRACTED/3_IPHONE_TITAN_EXPORT_PACKET.tar.gz/IPHONE_TITAN_EXPORT_PACKET/_root_Documents_TITAN_FINAL_31.03_grok_automated_mutation_generator.py
c0fec1c32825b2e5ee4543339ec81b089bff7644d45be07591455144951cea60	76964	PACKAGE,SUPERVISOR	/root/freya_audit/izlaz/UNITY/SOBA_2_ZNANJE/PHONE_FULL_KNOWLEDGE_COPY_20260704_174201/root/FREYA_SSOT/08_EXTRACTED/3_IPHONE_TITAN_EXPORT_PACKET.tar.gz/IPHONE_TITAN_EXPORT_PACKET/_root_Documents_Titan_grid_Prezentacija_Nove_kalkulacija__24.03_25.03_Titan_Grid_v52_Data_Room_Ready_99_Admin_Titan_Grid_v52_OneClick_Generator.py
74ce33581350675ab1c15a1f6b08ccbeb18309b68415f2db913f8633f4d0a6ea	1190	UNCLASSIFIED	/root/freya_audit/izlaz/UNITY/SOBA_2_ZNANJE/PHONE_FULL_KNOWLEDGE_COPY_20260704_174201/root/FREYA_SSOT/08_EXTRACTED/3_IPHONE_TITAN_EXPORT_PACKET.tar.gz/IPHONE_TITAN_EXPORT_PACKET/_root_Documents_Titan_grid_Prezentacija_Nove_kalkulacija__24.03_25.03_sources_uses_bridge.py
2af05d20a48829279e390424b9fcc233db834c6a0f405abef2fd962f7259b547	3671	UNCLASSIFIED	/root/freya_audit/izlaz/UNITY/SOBA_2_ZNANJE/PHONE_FULL_KNOWLEDGE_COPY_20260704_174201/root/FREYA_SSOT/08_EXTRACTED/3_IPHONE_TITAN_EXPORT_PACKET.tar.gz/IPHONE_TITAN_EXPORT_PACKET/_root_Documents_Titan_grid_Prezentacija_Nove_kalkulacija__24.03_25.03_validator.py
4f3a200983234285d0605513c78c62e3b6e63f5f29320604a29f5c5e31227f93	2698	UNCLASSIFIED	/root/freya_audit/izlaz/UNITY/SOBA_2_ZNANJE/PHONE_FULL_KNOWLEDGE_COPY_20260704_174201/root/FREYA_SSOT/08_EXTRACTED/3_IPHONE_TITAN_EXPORT_PACKET.tar.gz/IPHONE_TITAN_EXPORT_PACKET/_root_Documents_extract_titan1_deep_harvest.py
4c9f98241cd26655683877954cd7563365050e80203f6530b76833c61df18841	2257	UNCLASSIFIED	/root/freya_audit/izlaz/UNITY/SOBA_2_ZNANJE/PHONE_FULL_KNOWLEDGE_COPY_20260704_174201/root/FREYA_SSOT/08_EXTRACTED/3_IPHONE_TITAN_EXPORT_PACKET.tar.gz/IPHONE_TITAN_EXPORT_PACKET/_root_Documents_titan1_light_harmonizer.py
323a623bd1cdeb6bb3e52383aa236b74871c745b8cb085f6812705ee9c1d63a7	1456	UNCLASSIFIED	/root/freya_audit/izlaz/UNITY/SOBA_2_ZNANJE/PHONE_FULL_KNOWLEDGE_COPY_20260704_174201/root/FREYA_SSOT/08_EXTRACTED/3_IPHONE_TITAN_EXPORT_PACKET.tar.gz/IPHONE_TITAN_EXPORT_PACKET/_root_PVE_ALPINE_VALUE_EXPORT_PACKET_20260525_054348_FILES_FILE_DELTA_CORE_v1_0.py
22684a7022143838ad2f71d21d243488e4a1d4a053e7fcfbc5aea78b893ad22b	6110	AGENT	/root/freya_audit/izlaz/UNITY/SOBA_2_ZNANJE/PHONE_FULL_KNOWLEDGE_COPY_20260704_174201/root/FREYA_SSOT/08_EXTRACTED/3_IPHONE_TITAN_EXPORT_PACKET.tar.gz/IPHONE_TITAN_EXPORT_PACKET/_root_PVE_ALPINE_VALUE_EXPORT_PACKET_20260525_054348_FILES_FILE_DELTA_UNITY_ENGINE_v1_7.py
0d59f8875cdeec0488238dd62e877f4e22fb24e3724a5f109f10996d34587eb2	47757	PACKAGE	/root/freya_audit/izlaz/UNITY/SOBA_2_ZNANJE/PHONE_FULL_KNOWLEDGE_COPY_20260704_174201/root/FREYA_SSOT/08_EXTRACTED/3_IPHONE_TITAN_EXPORT_PACKET.tar.gz/IPHONE_TITAN_EXPORT_PACKET/_root_PVE_ALPINE_VALUE_EXPORT_PACKET_20260525_054348_FILES_FILE_TITANGRID_DELTA_888_DIGITAL_TRANSFORMER.py
c90ad565070c2dbbe7c2fdc3715c762d729546c4190349d1d645d5a9d8c5605d	526	UNCLASSIFIED	/root/freya_audit/izlaz/UNITY/SOBA_2_ZNANJE/PHONE_FULL_KNOWLEDGE_COPY_20260704_174201/root/FREYA_SSOT/08_EXTRACTED/3_IPHONE_TITAN_EXPORT_PACKET.tar.gz/IPHONE_TITAN_EXPORT_PACKET/_root_PVE_ALPINE_VALUE_EXPORT_PACKET_20260525_054348_FILES_FILE_build_control_tower_v1.py
97a18cecc6af347637429d2765731ee758a2b0597568c702430ed27b504507ac	1914	UNCLASSIFIED	/root/freya_audit/izlaz/UNITY/SOBA_2_ZNANJE/PHONE_FULL_KNOWLEDGE_COPY_20260704_174201/root/FREYA_SSOT/08_EXTRACTED/3_IPHONE_TITAN_EXPORT_PACKET.tar.gz/IPHONE_TITAN_EXPORT_PACKET/_root_PVE_ALPINE_VALUE_EXPORT_PACKET_20260525_054348_FILES_FILE_generate_SIGNALNI_MEMORANDUM_TITAN1.py
fe9c2dffce2623f4c6bd9c212b8fb9a8be4c69902690aa61d7fb61683552ca4a	30287	UNCLASSIFIED	/root/freya_audit/izlaz/UNITY/SOBA_2_ZNANJE/PHONE_FULL_KNOWLEDGE_COPY_20260704_174201/root/FREYA_SSOT/08_EXTRACTED/3_IPHONE_TITAN_EXPORT_PACKET.tar.gz/IPHONE_TITAN_EXPORT_PACKET/_root_PVE_ALPINE_VALUE_EXPORT_PACKET_20260525_054348_FILES_FILE_titan_central_brain_v6_1_generator.py
081248d59fc78901e1238c4856e9ca8ef5644199101a92246126bd10b5013d86	65772	WORKER	/root/freya_audit/izlaz/UNITY/SOBA_2_ZNANJE/PHONE_FULL_KNOWLEDGE_COPY_20260704_174201/root/FREYA_SSOT/08_EXTRACTED/3_IPHONE_TITAN_EXPORT_PACKET.tar.gz/IPHONE_TITAN_EXPORT_PACKET/_root_PVE_ALPINE_VALUE_EXPORT_PACKET_20260525_054348_FILES_FILE_titan_grid_v5_max_pojaczony.py
13cc5301e437b390639297ca6b0dd89e7085feb3885b9e7e7cb6774f86732661	62981	UNCLASSIFIED	/root/freya_audit/izlaz/UNITY/SOBA_2_ZNANJE/PHONE_FULL_KNOWLEDGE_COPY_20260704_174201/root/FREYA_SSOT/08_EXTRACTED/3_IPHONE_TITAN_EXPORT_PACKET.tar.gz/IPHONE_TITAN_EXPORT_PACKET/_root_PVE_ALPINE_VALUE_EXPORT_PACKET_20260525_054348_FILES_FILE_titan_grid_vdr_enterprise_v3_4.py
5b379991662ebc7e9ed9641128ab065673b69026c2ce9783e3609031b797f0b5	25946	UNCLASSIFIED	/root/freya_audit/izlaz/UNITY/SOBA_2_ZNANJE/PHONE_FULL_KNOWLEDGE_COPY_20260704_174201/root/FREYA_SSOT/08_EXTRACTED/3_IPHONE_TITAN_EXPORT_PACKET.tar.gz/IPHONE_TITAN_EXPORT_PACKET/_root_PVE_ALPINE_VALUE_EXPORT_PACKET_20260525_054348_FILES_FILE_titan_grid_vdr_ultimate_final_clean.py
323a623bd1cdeb6bb3e52383aa236b74871c745b8cb085f6812705ee9c1d63a7	1456	UNCLASSIFIED	/root/freya_audit/izlaz/UNITY/SOBA_2_ZNANJE/PHONE_FULL_KNOWLEDGE_COPY_20260704_174201/root/FREYA_SSOT/08_EXTRACTED/3_IPHONE_TITAN_EXPORT_PACKET.tar.gz/IPHONE_TITAN_EXPORT_PACKET/_root_PVE_ALPINE_VALUE_EXPORT_PACKET_20260525_054604_FILES_DELTA_CORE_v1_0.py
22684a7022143838ad2f71d21d243488e4a1d4a053e7fcfbc5aea78b893ad22b	6110	AGENT	/root/freya_audit/izlaz/UNITY/SOBA_2_ZNANJE/PHONE_FULL_KNOWLEDGE_COPY_20260704_174201/root/FREYA_SSOT/08_EXTRACTED/3_IPHONE_TITAN_EXPORT_PACKET.tar.gz/IPHONE_TITAN_EXPORT_PACKET/_root_PVE_ALPINE_VALUE_EXPORT_PACKET_20260525_054604_FILES_DELTA_UNITY_ENGINE_v1_7.py
0d59f8875cdeec0488238dd62e877f4e22fb24e3724a5f109f10996d34587eb2	47757	PACKAGE	/root/freya_audit/izlaz/UNITY/SOBA_2_ZNANJE/PHONE_FULL_KNOWLEDGE_COPY_20260704_174201/root/FREYA_SSOT/08_EXTRACTED/3_IPHONE_TITAN_EXPORT_PACKET.tar.gz/IPHONE_TITAN_EXPORT_PACKET/_root_PVE_ALPINE_VALUE_EXPORT_PACKET_20260525_054604_FILES_TITANGRID_DELTA_888_DIGITAL_TRANSFORMER.py
e48cdd9ef01fb645e74e17a519cc595054f121467ea56385b827b4b67af6caa5	19294	PACKAGE	/root/freya_audit/izlaz/UNITY/SOBA_2_ZNANJE/PHONE_FULL_KNOWLEDGE_COPY_20260704_174201/root/FREYA_SSOT/08_EXTRACTED/3_IPHONE_TITAN_EXPORT_PACKET.tar.gz/IPHONE_TITAN_EXPORT_PACKET/_root_PVE_ALPINE_VALUE_EXPORT_PACKET_20260525_054604_FILES_TITAN_v5_0_board_ic_dashboard_upgrade.py
c90ad565070c2dbbe7c2fdc3715c762d729546c4190349d1d645d5a9d8c5605d	526	UNCLASSIFIED	/root/freya_audit/izlaz/UNITY/SOBA_2_ZNANJE/PHONE_FULL_KNOWLEDGE_COPY_20260704_174201/root/FREYA_SSOT/08_EXTRACTED/3_IPHONE_TITAN_EXPORT_PACKET.tar.gz/IPHONE_TITAN_EXPORT_PACKET/_root_PVE_ALPINE_VALUE_EXPORT_PACKET_20260525_054604_FILES_build_control_tower_v1.py
4f3a200983234285d0605513c78c62e3b6e63f5f29320604a29f5c5e31227f93	2698	UNCLASSIFIED	/root/freya_audit/izlaz/UNITY/SOBA_2_ZNANJE/PHONE_FULL_KNOWLEDGE_COPY_20260704_174201/root/FREYA_SSOT/08_EXTRACTED/3_IPHONE_TITAN_EXPORT_PACKET.tar.gz/IPHONE_TITAN_EXPORT_PACKET/_root_PVE_ALPINE_VALUE_EXPORT_PACKET_20260525_054604_FILES_extract_titan1_deep_harvest.py
4fb527807d4c2f6d70e17148719356881587d083cc83b2d58ff78324c9006580	22811	UNCLASSIFIED	/root/freya_audit/izlaz/UNITY/SOBA_2_ZNANJE/PHONE_FULL_KNOWLEDGE_COPY_20260704_174201/root/FREYA_SSOT/08_EXTRACTED/3_IPHONE_TITAN_EXPORT_PACKET.tar.gz/IPHONE_TITAN_EXPORT_PACKET/_root_PVE_ALPINE_VALUE_EXPORT_PACKET_20260525_054604_FILES_grok_automated_mutation_generator.py
4c9f98241cd26655683877954cd7563365050e80203f6530b76833c61df18841	2257	UNCLASSIFIED	/root/freya_audit/izlaz/UNITY/SOBA_2_ZNANJE/PHONE_FULL_KNOWLEDGE_COPY_20260704_174201/root/FREYA_SSOT/08_EXTRACTED/3_IPHONE_TITAN_EXPORT_PACKET.tar.gz/IPHONE_TITAN_EXPORT_PACKET/_root_PVE_ALPINE_VALUE_EXPORT_PACKET_20260525_054604_FILES_titan1_light_harmonizer.py
fe9c2dffce2623f4c6bd9c212b8fb9a8be4c69902690aa61d7fb61683552ca4a	30287	UNCLASSIFIED	/root/freya_audit/izlaz/UNITY/SOBA_2_ZNANJE/PHONE_FULL_KNOWLEDGE_COPY_20260704_174201/root/FREYA_SSOT/08_EXTRACTED/3_IPHONE_TITAN_EXPORT_PACKET.tar.gz/IPHONE_TITAN_EXPORT_PACKET/_root_PVE_ALPINE_VALUE_EXPORT_PACKET_20260525_054604_FILES_titan_central_brain_v6_1_generator.py
081248d59fc78901e1238c4856e9ca8ef5644199101a92246126bd10b5013d86	65772	WORKER	/root/freya_audit/izlaz/UNITY/SOBA_2_ZNANJE/PHONE_FULL_KNOWLEDGE_COPY_20260704_174201/root/FREYA_SSOT/08_EXTRACTED/3_IPHONE_TITAN_EXPORT_PACKET.tar.gz/IPHONE_TITAN_EXPORT_PACKET/_root_PVE_ALPINE_VALUE_EXPORT_PACKET_20260525_054604_FILES_titan_grid_v5_max_pojaczony.py
13cc5301e437b390639297ca6b0dd89e7085feb3885b9e7e7cb6774f86732661	62981	UNCLASSIFIED	/root/freya_audit/izlaz/UNITY/SOBA_2_ZNANJE/PHONE_FULL_KNOWLEDGE_COPY_20260704_174201/root/FREYA_SSOT/08_EXTRACTED/3_IPHONE_TITAN_EXPORT_PACKET.tar.gz/IPHONE_TITAN_EXPORT_PACKET/_root_PVE_ALPINE_VALUE_EXPORT_PACKET_20260525_054604_FILES_titan_grid_vdr_enterprise_v3_4.py
5b379991662ebc7e9ed9641128ab065673b69026c2ce9783e3609031b797f0b5	25946	UNCLASSIFIED	/root/freya_audit/izlaz/UNITY/SOBA_2_ZNANJE/PHONE_FULL_KNOWLEDGE_COPY_20260704_174201/root/FREYA_SSOT/08_EXTRACTED/3_IPHONE_TITAN_EXPORT_PACKET.tar.gz/IPHONE_TITAN_EXPORT_PACKET/_root_PVE_ALPINE_VALUE_EXPORT_PACKET_20260525_054604_FILES_titan_grid_vdr_ultimate_final_clean.py
22684a7022143838ad2f71d21d243488e4a1d4a053e7fcfbc5aea78b893ad22b	6110	AGENT	/root/freya_audit/izlaz/UNITY/SOBA_2_ZNANJE/PHONE_FULL_KNOWLEDGE_COPY_20260704_174201/root/FREYA_SSOT/08_EXTRACTED/3_IPHONE_TITAN_EXPORT_PACKET.tar.gz/IPHONE_TITAN_EXPORT_PACKET/_root_PVE_DIAMOND_EXPORT_20260525_055151_DIAMONDS_DIAMOND_42_DELTA_UNITY_ENGINE_v1_7.py
323a623bd1cdeb6bb3e52383aa236b74871c745b8cb085f6812705ee9c1d63a7	1456	UNCLASSIFIED	/root/freya_audit/izlaz/UNITY/SOBA_2_ZNANJE/PHONE_FULL_KNOWLEDGE_COPY_20260704_174201/root/FREYA_SSOT/08_EXTRACTED/3_IPHONE_TITAN_EXPORT_PACKET.tar.gz/IPHONE_TITAN_EXPORT_PACKET/_root_PVE_DIAMOND_EXPORT_20260525_055151_DIAMONDS_DIAMOND_44_DELTA_CORE_v1_0.py
4fb527807d4c2f6d70e17148719356881587d083cc83b2d58ff78324c9006580	22811	UNCLASSIFIED	/root/freya_audit/izlaz/UNITY/SOBA_2_ZNANJE/PHONE_FULL_KNOWLEDGE_COPY_20260704_174201/root/FREYA_SSOT/08_EXTRACTED/3_IPHONE_TITAN_EXPORT_PACKET.tar.gz/IPHONE_TITAN_EXPORT_PACKET/_root_PVE_DIAMOND_EXPORT_20260525_055151_DIAMONDS_DIAMOND_59_grok_automated_mutation_generator.py
0d59f8875cdeec0488238dd62e877f4e22fb24e3724a5f109f10996d34587eb2	47757	PACKAGE	/root/freya_audit/izlaz/UNITY/SOBA_2_ZNANJE/PHONE_FULL_KNOWLEDGE_COPY_20260704_174201/root/FREYA_SSOT/08_EXTRACTED/3_IPHONE_TITAN_EXPORT_PACKET.tar.gz/IPHONE_TITAN_EXPORT_PACKET/_root_PVE_DIAMOND_MINI_20260525_055305_DIAMONDS_DIAMOND_TITANGRID_DELTA_888_DIGITAL_TRANSFORMER.py
4f3a200983234285d0605513c78c62e3b6e63f5f29320604a29f5c5e31227f93	2698	UNCLASSIFIED	/root/freya_audit/izlaz/UNITY/SOBA_2_ZNANJE/PHONE_FULL_KNOWLEDGE_COPY_20260704_174201/root/FREYA_SSOT/08_EXTRACTED/3_IPHONE_TITAN_EXPORT_PACKET.tar.gz/IPHONE_TITAN_EXPORT_PACKET/_root_PVE_DIAMOND_MINI_20260525_055305_DIAMONDS_DIAMOND_extract_titan1_deep_harvest.py
4c9f98241cd26655683877954cd7563365050e80203f6530b76833c61df18841	2257	UNCLASSIFIED	/root/freya_audit/izlaz/UNITY/SOBA_2_ZNANJE/PHONE_FULL_KNOWLEDGE_COPY_20260704_174201/root/FREYA_SSOT/08_EXTRACTED/3_IPHONE_TITAN_EXPORT_PACKET.tar.gz/IPHONE_TITAN_EXPORT_PACKET/_root_PVE_DIAMOND_MINI_20260525_055305_DIAMONDS_DIAMOND_titan1_light_harmonizer.py
2a3ef469749b192cd3221414a9def375ae470da6b2d4fd2211af49534d1f7215	726	UNCLASSIFIED	/root/freya_audit/izlaz/UNITY/SOBA_2_ZNANJE/PHONE_FULL_KNOWLEDGE_COPY_20260704_174201/root/FREYA_SSOT/08_EXTRACTED/4_titan_rad.tar.gz/Obsidian_Glavni_Trezor/3_SISTEM_I_SKRIPTE/auto_harvest.sh
70109eefd8468a9506fe0c1cae4ed70d8c4a4619caeda8ef143a1fe18e636b41	1389	UNCLASSIFIED	/root/freya_audit/izlaz/UNITY/SOBA_2_ZNANJE/PHONE_FULL_KNOWLEDGE_COPY_20260704_174201/root/FREYA_SSOT/08_EXTRACTED/4_titan_rad.tar.gz/Obsidian_Glavni_Trezor/3_SISTEM_I_SKRIPTE/cmu_pregled.sh
e45aa1d3327f413932d35641cd5258a9b48100cc9f9f558537f165282ecf3d18	1831	UNCLASSIFIED	/root/freya_audit/izlaz/UNITY/SOBA_2_ZNANJE/PHONE_FULL_KNOWLEDGE_COPY_20260704_174201/root/FREYA_SSOT/08_EXTRACTED/4_titan_rad.tar.gz/Obsidian_Glavni_Trezor/3_SISTEM_I_SKRIPTE/iphone_alpine_enforcer.sh
663329ecb9b140922799414b5468d1050c703d6ecd1357191c537de68a79cf28	244	UNCLASSIFIED	/root/freya_audit/izlaz/UNITY/SOBA_2_ZNANJE/PHONE_FULL_KNOWLEDGE_COPY_20260704_174201/root/FREYA_SSOT/08_EXTRACTED/4_titan_rad.tar.gz/Obsidian_Glavni_Trezor/3_SISTEM_I_SKRIPTE/titan_harvest_d.sh
7540f7ff4702d94e010e522ce9245d7a5a737194321c5bce42bc9c674e25c0cc	2160	UNCLASSIFIED	/root/freya_audit/izlaz/UNITY/SOBA_2_ZNANJE/PHONE_FULL_KNOWLEDGE_COPY_20260704_174201/root/FREYA_SSOT/08_EXTRACTED/4_titan_rad.tar.gz/Obsidian_Glavni_Trezor/3_SISTEM_I_SKRIPTE/titan_self_heal.sh
add66f64052807d790d491c99f4fdf6caa90b6d514ea81a1023452c32c914834	1941	UNCLASSIFIED	/root/freya_audit/izlaz/UNITY/SOBA_2_ZNANJE/PHONE_FULL_KNOWLEDGE_COPY_20260704_174201/root/FREYA_SSOT/08_EXTRACTED/4_titan_rad.tar.gz/Obsidian_Glavni_Trezor/3_SISTEM_I_SKRIPTE/titan_sentinel_d.sh
70109eefd8468a9506fe0c1cae4ed70d8c4a4619caeda8ef143a1fe18e636b41	1389	UNCLASSIFIED	/root/freya_audit/izlaz/UNITY/SOBA_2_ZNANJE/PHONE_FULL_KNOWLEDGE_COPY_20260704_174201/root/FREYA_SSOT/08_EXTRACTED/5_default.tar.gz/etc/.titan_backup/cmu_pregled.sh
e45aa1d3327f413932d35641cd5258a9b48100cc9f9f558537f165282ecf3d18	1831	UNCLASSIFIED	/root/freya_audit/izlaz/UNITY/SOBA_2_ZNANJE/PHONE_FULL_KNOWLEDGE_COPY_20260704_174201/root/FREYA_SSOT/08_EXTRACTED/5_default.tar.gz/etc/.titan_backup/iphone_alpine_enforcer.sh
84eb9034099d759ff08e6da5a731cacfc63a319547ad0f1dfc1c64853aca93f2	61	UNCLASSIFIED	/root/freya_audit/izlaz/UNITY/SOBA_2_ZNANJE/PHONE_FULL_KNOWLEDGE_COPY_20260704_174201/root/FREYA_SSOT/08_EXTRACTED/5_default.tar.gz/etc/profile.d/locale.sh
2a3ef469749b192cd3221414a9def375ae470da6b2d4fd2211af49534d1f7215	726	UNCLASSIFIED	/root/freya_audit/izlaz/UNITY/SOBA_2_ZNANJE/PHONE_FULL_KNOWLEDGE_COPY_20260704_174201/root/FREYA_SSOT/08_EXTRACTED/5_default.tar.gz/mnt/obsidian/3_SISTEM_I_SKRIPTE/auto_harvest.sh
70109eefd8468a9506fe0c1cae4ed70d8c4a4619caeda8ef143a1fe18e636b41	1389	UNCLASSIFIED	/root/freya_audit/izlaz/UNITY/SOBA_2_ZNANJE/PHONE_FULL_KNOWLEDGE_COPY_20260704_174201/root/FREYA_SSOT/08_EXTRACTED/5_default.tar.gz/mnt/obsidian/3_SISTEM_I_SKRIPTE/cmu_pregled.sh
e45aa1d3327f413932d35641cd5258a9b48100cc9f9f558537f165282ecf3d18	1831	UNCLASSIFIED	/root/freya_audit/izlaz/UNITY/SOBA_2_ZNANJE/PHONE_FULL_KNOWLEDGE_COPY_20260704_174201/root/FREYA_SSOT/08_EXTRACTED/5_default.tar.gz/mnt/obsidian/3_SISTEM_I_SKRIPTE/iphone_alpine_enforcer.sh
663329ecb9b140922799414b5468d1050c703d6ecd1357191c537de68a79cf28	244	UNCLASSIFIED	/root/freya_audit/izlaz/UNITY/SOBA_2_ZNANJE/PHONE_FULL_KNOWLEDGE_COPY_20260704_174201/root/FREYA_SSOT/08_EXTRACTED/5_default.tar.gz/mnt/obsidian/3_SISTEM_I_SKRIPTE/titan_harvest_d.sh
7540f7ff4702d94e010e522ce9245d7a5a737194321c5bce42bc9c674e25c0cc	2160	UNCLASSIFIED	/root/freya_audit/izlaz/UNITY/SOBA_2_ZNANJE/PHONE_FULL_KNOWLEDGE_COPY_20260704_174201/root/FREYA_SSOT/08_EXTRACTED/5_default.tar.gz/mnt/obsidian/3_SISTEM_I_SKRIPTE/titan_self_heal.sh
add66f64052807d790d491c99f4fdf6caa90b6d514ea81a1023452c32c914834	1941	UNCLASSIFIED	/root/freya_audit/izlaz/UNITY/SOBA_2_ZNANJE/PHONE_FULL_KNOWLEDGE_COPY_20260704_174201/root/FREYA_SSOT/08_EXTRACTED/5_default.tar.gz/mnt/obsidian/3_SISTEM_I_SKRIPTE/titan_sentinel_d.sh
2a3ef469749b192cd3221414a9def375ae470da6b2d4fd2211af49534d1f7215	726	UNCLASSIFIED	/root/freya_audit/izlaz/UNITY/SOBA_2_ZNANJE/PHONE_FULL_KNOWLEDGE_COPY_20260704_174201/root/FREYA_SSOT/08_EXTRACTED/5_default.tar.gz/root/Obsidian_Glavni_Trezor/3_SISTEM_I_SKRIPTE/auto_harvest.sh
70109eefd8468a9506fe0c1cae4ed70d8c4a4619caeda8ef143a1fe18e636b41	1389	UNCLASSIFIED	/root/freya_audit/izlaz/UNITY/SOBA_2_ZNANJE/PHONE_FULL_KNOWLEDGE_COPY_20260704_174201/root/FREYA_SSOT/08_EXTRACTED/5_default.tar.gz/root/Obsidian_Glavni_Trezor/3_SISTEM_I_SKRIPTE/cmu_pregled.sh
e45aa1d3327f413932d35641cd5258a9b48100cc9f9f558537f165282ecf3d18	1831	UNCLASSIFIED	/root/freya_audit/izlaz/UNITY/SOBA_2_ZNANJE/PHONE_FULL_KNOWLEDGE_COPY_20260704_174201/root/FREYA_SSOT/08_EXTRACTED/5_default.tar.gz/root/Obsidian_Glavni_Trezor/3_SISTEM_I_SKRIPTE/iphone_alpine_enforcer.sh
663329ecb9b140922799414b5468d1050c703d6ecd1357191c537de68a79cf28	244	UNCLASSIFIED	/root/freya_audit/izlaz/UNITY/SOBA_2_ZNANJE/PHONE_FULL_KNOWLEDGE_COPY_20260704_174201/root/FREYA_SSOT/08_EXTRACTED/5_default.tar.gz/root/Obsidian_Glavni_Trezor/3_SISTEM_I_SKRIPTE/titan_harvest_d.sh
7540f7ff4702d94e010e522ce9245d7a5a737194321c5bce42bc9c674e25c0cc	2160	UNCLASSIFIED	/root/freya_audit/izlaz/UNITY/SOBA_2_ZNANJE/PHONE_FULL_KNOWLEDGE_COPY_20260704_174201/root/FREYA_SSOT/08_EXTRACTED/5_default.tar.gz/root/Obsidian_Glavni_Trezor/3_SISTEM_I_SKRIPTE/titan_self_heal.sh
add66f64052807d790d491c99f4fdf6caa90b6d514ea81a1023452c32c914834	1941	UNCLASSIFIED	/root/freya_audit/izlaz/UNITY/SOBA_2_ZNANJE/PHONE_FULL_KNOWLEDGE_COPY_20260704_174201/root/FREYA_SSOT/08_EXTRACTED/5_default.tar.gz/root/Obsidian_Glavni_Trezor/3_SISTEM_I_SKRIPTE/titan_sentinel_d.sh
2a3ef469749b192cd3221414a9def375ae470da6b2d4fd2211af49534d1f7215	726	UNCLASSIFIED	/root/freya_audit/izlaz/UNITY/SOBA_2_ZNANJE/obsidian/3_SISTEM_I_SKRIPTE/auto_harvest.sh
70109eefd8468a9506fe0c1cae4ed70d8c4a4619caeda8ef143a1fe18e636b41	1389	UNCLASSIFIED	/root/freya_audit/izlaz/UNITY/SOBA_2_ZNANJE/obsidian/3_SISTEM_I_SKRIPTE/cmu_pregled.sh
e45aa1d3327f413932d35641cd5258a9b48100cc9f9f558537f165282ecf3d18	1831	UNCLASSIFIED	/root/freya_audit/izlaz/UNITY/SOBA_2_ZNANJE/obsidian/3_SISTEM_I_SKRIPTE/iphone_alpine_enforcer.sh
663329ecb9b140922799414b5468d1050c703d6ecd1357191c537de68a79cf28	244	UNCLASSIFIED	/root/freya_audit/izlaz/UNITY/SOBA_2_ZNANJE/obsidian/3_SISTEM_I_SKRIPTE/titan_harvest_d.sh
7540f7ff4702d94e010e522ce9245d7a5a737194321c5bce42bc9c674e25c0cc	2160	UNCLASSIFIED	/root/freya_audit/izlaz/UNITY/SOBA_2_ZNANJE/obsidian/3_SISTEM_I_SKRIPTE/titan_self_heal.sh
add66f64052807d790d491c99f4fdf6caa90b6d514ea81a1023452c32c914834	1941	UNCLASSIFIED	/root/freya_audit/izlaz/UNITY/SOBA_2_ZNANJE/obsidian/3_SISTEM_I_SKRIPTE/titan_sentinel_d.sh
6d939f7ed28e24080198d3fec29e84044649d78adfd59f61e2ae6a0a65bcafed	757	UNCLASSIFIED	/root/freya_audit/izlaz/UNITY/SOBA_4_SIGURNOST/freya_audit/faza10/hardening_closure.sh
458d6eeaf22838081a1ed106ebfa9e6e3a3e19f714ffc9aabf871540b1c47544	632	UNCLASSIFIED	/root/freya_audit/izlaz/UNITY/SOBA_4_SIGURNOST/freya_audit/faza2/shortcuts_scanner.sh
4ce178aec92bd2f1ff4a891a30ed5f110b5eff4aafda35f39fe52876bac0a9fd	756	UNCLASSIFIED	/root/freya_audit/izlaz/UNITY/SOBA_4_SIGURNOST/freya_audit/faza3/network_comm_audit.sh
acb36d6a59335b039be466d98810fd19237a6e20a613120c4d86bdb29e5be2e5	653	UNCLASSIFIED	/root/freya_audit/izlaz/UNITY/SOBA_4_SIGURNOST/freya_audit/faza4/fs_artifacts_audit.sh
76b45dd16fec7bf1b9d75adc855d287b9e93323a13796a36b94e2907dc2767e3	778	UNCLASSIFIED	/root/freya_audit/izlaz/UNITY/SOBA_4_SIGURNOST/freya_audit/faza5/cloud_account_audit.sh
b07f4989c599a606f3cb1a411b525ce0b74d0513dc1570be362500fb8742132d	805	UNCLASSIFIED	/root/freya_audit/izlaz/UNITY/SOBA_4_SIGURNOST/freya_audit/faza6/app_sandbox_audit.sh
dd7fb01b8777b7264369f2936126199bf6e40a8f69da335854963c87bf551244	768	UNCLASSIFIED	/root/freya_audit/izlaz/UNITY/SOBA_4_SIGURNOST/freya_audit/faza7/hardware_boot_audit.sh
e0a272c590251495a9a5d0a6df2533bd8d789f41f95a4f3341cc5e1983e2a018	770	UNCLASSIFIED	/root/freya_audit/izlaz/UNITY/SOBA_4_SIGURNOST/freya_audit/faza8/user_activity_audit.sh
43390d610229bbccf1b416f71494bb167291bbfaa4d19c98ec4de482877e7438	858	UNCLASSIFIED	/root/freya_audit/izlaz/UNITY/SOBA_4_SIGURNOST/freya_audit/faza9/spyware_jb_detect.sh
4853ac50441192249a12dc58e429d73b0bcbd56be53605630e1cdda9e10b40d1	2105	UNCLASSIFIED	/root/freya_audit/izlaz/UNITY/SOBA_4_SIGURNOST/freya_audit/freya_cleaner.sh
a6040731e0e5aad37722b5d14ab4dba3b828c32f55e561ed253e63cb24ae146f	1955	UNCLASSIFIED	/root/freya_audit/izlaz/UNITY/SOBA_4_SIGURNOST/freya_audit/upload_server.py
1e7139185effbcb68867da6a69210c11d366155a20e96361261df510efee84f9	1520	UNCLASSIFIED	/root/freya_audit/izlaz/UNITY/ars_kalkulator.py
581e11ea845639fd8ebdb8d26e81fab146b9e6e33c9944866cded697fb04db23	1404	UNCLASSIFIED	/root/freya_audit/izlaz/UNITY/ars_stvarnost.py
7afb3142651ad4fd75b28afed564a5e34ecca8ff3a479a3c9725bf7361701dd0	1831	UNCLASSIFIED	/root/freya_audit/izlaz/UNITY/fast_unity_sync.sh
098b92aa0ea537ab80df90039c4701cb36e40f89d0187788d8c350b24365c364	1325	UNCLASSIFIED	/root/freya_audit/izlaz/UNITY/gate_control.sh
cd522e136da39a8436ecab0929f384f77672032285c93e05ee7dd000d8d896fb	758	UNCLASSIFIED	/root/freya_audit/izlaz/UNITY/hitna_lista.py
b440c25fdc2c27061a3bca3736265ddacec61355825e1aeaab1c254c079de03c	4048	ORCHESTRATOR	/root/freya_audit/izlaz/UNITY/ish_zlato_NOW.sh
5ae20de2f27fa5483646eceb6d96a2bd8090c5caab29128ab6f1e69b95ce471e	1016	UNCLASSIFIED	/root/freya_audit/izlaz/UNITY/linkedin_asistent.py
d4568397d4db1755648b2da8f4116a4c78e8515b0309b0752108f1e9657d9ad0	1046	UNCLASSIFIED	/root/freya_audit/izlaz/UNITY/piton.py
77c07d0d3af7c19d15e3e4222f506c400ff2a8528ac27431ab3c1926c01cc034	1240	AGENT	/root/freya_audit/izlaz/UNITY/politika.py
20eb829df9838b67bf97880c8bec6e05f1ec9df5b79c6748e9fc0d293ae54990	2589	UNCLASSIFIED	/root/freya_audit/izlaz/UNITY/titan_self_heal_v2.sh
676e3a94d944f20c282571a10d45bb0934f8dad223d88770db7d86368d251f14	2776	UNCLASSIFIED	/root/freya_audit/izlaz/UNITY/unity_dedup_sync.sh
d962a6daae792e6c4db32faa15a23612c851c6e4e7c750865c7ab97f68df5e55	1578	UNCLASSIFIED	/root/freya_audit/izlaz/UNITY/vip_imenik.py
1e7139185effbcb68867da6a69210c11d366155a20e96361261df510efee84f9	1520	UNCLASSIFIED	/root/freya_audit/izlaz/UNITY_SOBE/SOBA_1_JEZGRO/ars_kalkulator.py
581e11ea845639fd8ebdb8d26e81fab146b9e6e33c9944866cded697fb04db23	1404	UNCLASSIFIED	/root/freya_audit/izlaz/UNITY_SOBE/SOBA_1_JEZGRO/ars_stvarnost.py
38e5f20464d20f7452047d33c035ed62227e0cedbb61b45db28ff9befc3daa25	1731	UNCLASSIFIED	/root/freya_audit/izlaz/UNITY_SOBE/SOBA_1_JEZGRO/auto_ars_kalkulator.py
2aa209edd1e58f1e10cb6b21a3002c1a9d9b23387cf8bd77ef8a416f02628671	2270	UNCLASSIFIED	/root/freya_audit/izlaz/UNITY_SOBE/SOBA_1_JEZGRO/faza_A_auto.sh
c0c6973285575b4d36613bfe175959b000c6fe6e47ae458c24ecc3f32a844278	656	UNCLASSIFIED	/root/freya_audit/izlaz/UNITY_SOBE/SOBA_1_JEZGRO/faza_A_fast.sh
12531c6a8b7d3a212e30d0f0ca732ea22d64f1ef4e82d72561681936779d0a9c	2159	UNCLASSIFIED	/root/freya_audit/izlaz/UNITY_SOBE/SOBA_1_JEZGRO/faza_B_auto.py
14ddc3a33440fc69a94a084d94690168e091b7a3fc40188930b5d6ac419cc87e	2540	UNCLASSIFIED	/root/freya_audit/izlaz/UNITY_SOBE/SOBA_1_JEZGRO/forenzika_and_todo.py
098b92aa0ea537ab80df90039c4701cb36e40f89d0187788d8c350b24365c364	1325	UNCLASSIFIED	/root/freya_audit/izlaz/UNITY_SOBE/SOBA_1_JEZGRO/gate_control.sh
cd522e136da39a8436ecab0929f384f77672032285c93e05ee7dd000d8d896fb	758	UNCLASSIFIED	/root/freya_audit/izlaz/UNITY_SOBE/SOBA_1_JEZGRO/hitna_lista.py
b7ecd01f23dbb67dbbc14c770ebc4e6245f7308207402fe7915204f617ad1226	1631	UNCLASSIFIED	/root/freya_audit/izlaz/UNITY_SOBE/SOBA_1_JEZGRO/human_gate_faza1.py
eb0bffab491aa787b369c12be992bae6dab12a3b0ed28dbfa10bd9a66e7ddf32	1258	UNCLASSIFIED	/root/freya_audit/izlaz/UNITY_SOBE/SOBA_1_JEZGRO/human_gate_faza2.py
24ef67b5ce31c49884c6062726d0c7dcf10aebf1dd50c23c3238df0c88bf7709	1774	UNCLASSIFIED	/root/freya_audit/izlaz/UNITY_SOBE/SOBA_1_JEZGRO/human_gate_faza3.py
b440c25fdc2c27061a3bca3736265ddacec61355825e1aeaab1c254c079de03c	4048	ORCHESTRATOR	/root/freya_audit/izlaz/UNITY_SOBE/SOBA_1_JEZGRO/ish_zlato_NOW.sh
5ae20de2f27fa5483646eceb6d96a2bd8090c5caab29128ab6f1e69b95ce471e	1016	UNCLASSIFIED	/root/freya_audit/izlaz/UNITY_SOBE/SOBA_1_JEZGRO/linkedin_asistent.py
7edd4f8a91e991a259abf788800a617d0d4056a8b82726e4ab0802bd5d277e31	1454	UNCLASSIFIED	/root/freya_audit/izlaz/UNITY_SOBE/SOBA_1_JEZGRO/master_auto_888.sh
d4568397d4db1755648b2da8f4116a4c78e8515b0309b0752108f1e9657d9ad0	1046	UNCLASSIFIED	/root/freya_audit/izlaz/UNITY_SOBE/SOBA_1_JEZGRO/piton.py
77c07d0d3af7c19d15e3e4222f506c400ff2a8528ac27431ab3c1926c01cc034	1240	AGENT	/root/freya_audit/izlaz/UNITY_SOBE/SOBA_1_JEZGRO/politika.py
20eb829df9838b67bf97880c8bec6e05f1ec9df5b79c6748e9fc0d293ae54990	2589	UNCLASSIFIED	/root/freya_audit/izlaz/UNITY_SOBE/SOBA_1_JEZGRO/titan_self_heal_v2.sh
d962a6daae792e6c4db32faa15a23612c851c6e4e7c750865c7ab97f68df5e55	1578	UNCLASSIFIED	/root/freya_audit/izlaz/UNITY_SOBE/SOBA_1_JEZGRO/vip_imenik.py
2a3ef469749b192cd3221414a9def375ae470da6b2d4fd2211af49534d1f7215	726	UNCLASSIFIED	/root/freya_audit/izlaz/UNITY_SOBE/SOBA_2_ZNANJE/PHONE_FULL_KNOWLEDGE_COPY_20260704_174201/media/usb/obsidian/3_SISTEM_I_SKRIPTE/auto_harvest.sh
70109eefd8468a9506fe0c1cae4ed70d8c4a4619caeda8ef143a1fe18e636b41	1389	UNCLASSIFIED	/root/freya_audit/izlaz/UNITY_SOBE/SOBA_2_ZNANJE/PHONE_FULL_KNOWLEDGE_COPY_20260704_174201/media/usb/obsidian/3_SISTEM_I_SKRIPTE/cmu_pregled.sh
e45aa1d3327f413932d35641cd5258a9b48100cc9f9f558537f165282ecf3d18	1831	UNCLASSIFIED	/root/freya_audit/izlaz/UNITY_SOBE/SOBA_2_ZNANJE/PHONE_FULL_KNOWLEDGE_COPY_20260704_174201/media/usb/obsidian/3_SISTEM_I_SKRIPTE/iphone_alpine_enforcer.sh
663329ecb9b140922799414b5468d1050c703d6ecd1357191c537de68a79cf28	244	UNCLASSIFIED	/root/freya_audit/izlaz/UNITY_SOBE/SOBA_2_ZNANJE/PHONE_FULL_KNOWLEDGE_COPY_20260704_174201/media/usb/obsidian/3_SISTEM_I_SKRIPTE/titan_harvest_d.sh
7540f7ff4702d94e010e522ce9245d7a5a737194321c5bce42bc9c674e25c0cc	2160	UNCLASSIFIED	/root/freya_audit/izlaz/UNITY_SOBE/SOBA_2_ZNANJE/PHONE_FULL_KNOWLEDGE_COPY_20260704_174201/media/usb/obsidian/3_SISTEM_I_SKRIPTE/titan_self_heal.sh
add66f64052807d790d491c99f4fdf6caa90b6d514ea81a1023452c32c914834	1941	UNCLASSIFIED	/root/freya_audit/izlaz/UNITY_SOBE/SOBA_2_ZNANJE/PHONE_FULL_KNOWLEDGE_COPY_20260704_174201/media/usb/obsidian/3_SISTEM_I_SKRIPTE/titan_sentinel_d.sh
2a3ef469749b192cd3221414a9def375ae470da6b2d4fd2211af49534d1f7215	726	UNCLASSIFIED	/root/freya_audit/izlaz/UNITY_SOBE/SOBA_2_ZNANJE/PHONE_FULL_KNOWLEDGE_COPY_20260704_174201/mnt/obsidian/3_SISTEM_I_SKRIPTE/auto_harvest.sh
70109eefd8468a9506fe0c1cae4ed70d8c4a4619caeda8ef143a1fe18e636b41	1389	UNCLASSIFIED	/root/freya_audit/izlaz/UNITY_SOBE/SOBA_2_ZNANJE/PHONE_FULL_KNOWLEDGE_COPY_20260704_174201/mnt/obsidian/3_SISTEM_I_SKRIPTE/cmu_pregled.sh
e45aa1d3327f413932d35641cd5258a9b48100cc9f9f558537f165282ecf3d18	1831	UNCLASSIFIED	/root/freya_audit/izlaz/UNITY_SOBE/SOBA_2_ZNANJE/PHONE_FULL_KNOWLEDGE_COPY_20260704_174201/mnt/obsidian/3_SISTEM_I_SKRIPTE/iphone_alpine_enforcer.sh
663329ecb9b140922799414b5468d1050c703d6ecd1357191c537de68a79cf28	244	UNCLASSIFIED	/root/freya_audit/izlaz/UNITY_SOBE/SOBA_2_ZNANJE/PHONE_FULL_KNOWLEDGE_COPY_20260704_174201/mnt/obsidian/3_SISTEM_I_SKRIPTE/titan_harvest_d.sh
7540f7ff4702d94e010e522ce9245d7a5a737194321c5bce42bc9c674e25c0cc	2160	UNCLASSIFIED	/root/freya_audit/izlaz/UNITY_SOBE/SOBA_2_ZNANJE/PHONE_FULL_KNOWLEDGE_COPY_20260704_174201/mnt/obsidian/3_SISTEM_I_SKRIPTE/titan_self_heal.sh
add66f64052807d790d491c99f4fdf6caa90b6d514ea81a1023452c32c914834	1941	UNCLASSIFIED	/root/freya_audit/izlaz/UNITY_SOBE/SOBA_2_ZNANJE/PHONE_FULL_KNOWLEDGE_COPY_20260704_174201/mnt/obsidian/3_SISTEM_I_SKRIPTE/titan_sentinel_d.sh
8303541b0fea045fb93e228f6ba69227fe664d67adb7b4661c0122b42c958a37	2667	UNCLASSIFIED	/root/freya_audit/izlaz/UNITY_SOBE/SOBA_2_ZNANJE/PHONE_FULL_KNOWLEDGE_COPY_20260704_174201/root/Desktop/IPHONE_SCRIPT_HEALING_VOLIM_TE_20260702_234718/02_HEALED_COPIES/iphone_alpine_enforcer.HEALED_VOLIM_TE.sh
0fe92e094d8c58aa3290f16b5a45820494912ee52f760f887907a32efba89329	968	UNCLASSIFIED	/root/freya_audit/izlaz/UNITY_SOBE/SOBA_2_ZNANJE/PHONE_FULL_KNOWLEDGE_COPY_20260704_174201/root/Desktop/IPHONE_SCRIPT_HEALING_VOLIM_TE_20260702_234718/02_HEALED_COPIES/titan_harvest_d.HEALED_VOLIM_TE.sh
d8b24fd4a9297e2c0b25cb3541507cd18061f241c59d7fa77b2db43b6882d0dd	2854	UNCLASSIFIED	/root/freya_audit/izlaz/UNITY_SOBE/SOBA_2_ZNANJE/PHONE_FULL_KNOWLEDGE_COPY_20260704_174201/root/Desktop/IPHONE_SCRIPT_HEALING_VOLIM_TE_20260702_234718/02_HEALED_COPIES/titan_self_heal.HEALED_VOLIM_TE.sh
50a2cffcb2d26b147b23a771c9a6326ece0704a1df6e0d72c0abdb8c6ce8783a	2666	UNCLASSIFIED	/root/freya_audit/izlaz/UNITY_SOBE/SOBA_2_ZNANJE/PHONE_FULL_KNOWLEDGE_COPY_20260704_174201/root/Desktop/IPHONE_SCRIPT_HEALING_VOLIM_TE_20260702_234718/02_HEALED_COPIES/titan_sentinel_d.HEALED_VOLIM_TE.sh
a55023129069f1b55cf8dd007e616852ec375ce6c9fe647f5712e5eff0856860	2759	UNCLASSIFIED	/root/freya_audit/izlaz/UNITY_SOBE/SOBA_2_ZNANJE/PHONE_FULL_KNOWLEDGE_COPY_20260704_174201/root/Desktop/IPHONE_SCRIPT_HEALING_VOLIM_TE_20260702_234718/05_HEALED_V2_SAFE_WRAPPERS/iphone_alpine_enforcer.HEALED_VOLIM_TE_V2_SAFE.sh
17a9042548a049457b1fdefb63d2df8f925fbce7380ff55f2785ecef844d3bce	1151	UNCLASSIFIED	/root/freya_audit/izlaz/UNITY_SOBE/SOBA_2_ZNANJE/PHONE_FULL_KNOWLEDGE_COPY_20260704_174201/root/Desktop/IPHONE_SCRIPT_HEALING_VOLIM_TE_20260702_234718/05_HEALED_V2_SAFE_WRAPPERS/titan_harvest_d.HEALED_VOLIM_TE_V2_SAFE.sh
b8d18f5d8275128fd9e4613adfb480084418fc0d8714826509273c418aa619ec	3067	UNCLASSIFIED	/root/freya_audit/izlaz/UNITY_SOBE/SOBA_2_ZNANJE/PHONE_FULL_KNOWLEDGE_COPY_20260704_174201/root/Desktop/IPHONE_SCRIPT_HEALING_VOLIM_TE_20260702_234718/05_HEALED_V2_SAFE_WRAPPERS/titan_self_heal.HEALED_VOLIM_TE_V2_SAFE.sh
43c7d523fff0d11477131840bffc12f51ecb21c93857bd97b612903be124e475	2851	UNCLASSIFIED	/root/freya_audit/izlaz/UNITY_SOBE/SOBA_2_ZNANJE/PHONE_FULL_KNOWLEDGE_COPY_20260704_174201/root/Desktop/IPHONE_SCRIPT_HEALING_VOLIM_TE_20260702_234718/05_HEALED_V2_SAFE_WRAPPERS/titan_sentinel_d.HEALED_VOLIM_TE_V2_SAFE.sh
2a3ef469749b192cd3221414a9def375ae470da6b2d4fd2211af49534d1f7215	726	UNCLASSIFIED	/root/freya_audit/izlaz/UNITY_SOBE/SOBA_2_ZNANJE/PHONE_FULL_KNOWLEDGE_COPY_20260704_174201/root/Documents/TITAN_FINALNI_IZVOZ/Obsidian_Glavni_Trezor/3_SISTEM_I_SKRIPTE/auto_harvest.sh
70109eefd8468a9506fe0c1cae4ed70d8c4a4619caeda8ef143a1fe18e636b41	1389	UNCLASSIFIED	/root/freya_audit/izlaz/UNITY_SOBE/SOBA_2_ZNANJE/PHONE_FULL_KNOWLEDGE_COPY_20260704_174201/root/Documents/TITAN_FINALNI_IZVOZ/Obsidian_Glavni_Trezor/3_SISTEM_I_SKRIPTE/cmu_pregled.sh
e45aa1d3327f413932d35641cd5258a9b48100cc9f9f558537f165282ecf3d18	1831	UNCLASSIFIED	/root/freya_audit/izlaz/UNITY_SOBE/SOBA_2_ZNANJE/PHONE_FULL_KNOWLEDGE_COPY_20260704_174201/root/Documents/TITAN_FINALNI_IZVOZ/Obsidian_Glavni_Trezor/3_SISTEM_I_SKRIPTE/iphone_alpine_enforcer.sh
663329ecb9b140922799414b5468d1050c703d6ecd1357191c537de68a79cf28	244	UNCLASSIFIED	/root/freya_audit/izlaz/UNITY_SOBE/SOBA_2_ZNANJE/PHONE_FULL_KNOWLEDGE_COPY_20260704_174201/root/Documents/TITAN_FINALNI_IZVOZ/Obsidian_Glavni_Trezor/3_SISTEM_I_SKRIPTE/titan_harvest_d.sh
7540f7ff4702d94e010e522ce9245d7a5a737194321c5bce42bc9c674e25c0cc	2160	UNCLASSIFIED	/root/freya_audit/izlaz/UNITY_SOBE/SOBA_2_ZNANJE/PHONE_FULL_KNOWLEDGE_COPY_20260704_174201/root/Documents/TITAN_FINALNI_IZVOZ/Obsidian_Glavni_Trezor/3_SISTEM_I_SKRIPTE/titan_self_heal.sh
add66f64052807d790d491c99f4fdf6caa90b6d514ea81a1023452c32c914834	1941	UNCLASSIFIED	/root/freya_audit/izlaz/UNITY_SOBE/SOBA_2_ZNANJE/PHONE_FULL_KNOWLEDGE_COPY_20260704_174201/root/Documents/TITAN_FINALNI_IZVOZ/Obsidian_Glavni_Trezor/3_SISTEM_I_SKRIPTE/titan_sentinel_d.sh
1cddb641891909667dd21dae9333444f2e08096cdb9504bda1c1d8c6651fd863	1898	UNCLASSIFIED	/root/freya_audit/izlaz/UNITY_SOBE/SOBA_2_ZNANJE/PHONE_FULL_KNOWLEDGE_COPY_20260704_174201/root/FREYA_IPHONE/scripts/FREYA-IPHONE-001_FOUNDATION.sh
8d1b3a27d731fadb2dd9d5417868f1b085dc6ca0418a2855a042520c235d4a70	1131	UNCLASSIFIED	/root/freya_audit/izlaz/UNITY_SOBE/SOBA_2_ZNANJE/PHONE_FULL_KNOWLEDGE_COPY_20260704_174201/root/FREYA_IPHONE/scripts/FREYA-IPHONE-002_EXPORT_TO_ANDROID.sh
53ebea16bf458be90c146434e257c69cb1df0512214a1d0ad0adaef3399287a2	1336	ORCHESTRATOR	/root/freya_audit/izlaz/UNITY_SOBE/SOBA_2_ZNANJE/PHONE_FULL_KNOWLEDGE_COPY_20260704_174201/root/FREYA_IPHONE/scripts/FREYA-IPHONE-D01_D02_KNOWLEDGE_HARVEST.sh
f2851a43c20f218053ba054e080d6c380306f111171ea5162d704a04528af37b	2196	UNCLASSIFIED	/root/freya_audit/izlaz/UNITY_SOBE/SOBA_2_ZNANJE/PHONE_FULL_KNOWLEDGE_COPY_20260704_174201/root/FREYA_IPHONE/scripts/FREYA-IPHONE-D03_KNOWLEDGE_OBJECTS.sh
8de6467763bf4ac9b5c7e35a2e82e5b501be34fad89177d81c5b428b797e416a	2004	UNCLASSIFIED	/root/freya_audit/izlaz/UNITY_SOBE/SOBA_2_ZNANJE/PHONE_FULL_KNOWLEDGE_COPY_20260704_174201/root/FREYA_IPHONE/scripts/FREYA-IPHONE-D04_PACKET_BUILDER.sh
2a3ef469749b192cd3221414a9def375ae470da6b2d4fd2211af49534d1f7215	726	UNCLASSIFIED	/root/freya_audit/izlaz/UNITY_SOBE/SOBA_2_ZNANJE/PHONE_FULL_KNOWLEDGE_COPY_20260704_174201/root/FREYA_SSOT/08_EXTRACTED/11_TITAN_SPAS.tar.gz/Obsidian_Glavni_Trezor/3_SISTEM_I_SKRIPTE/auto_harvest.sh
70109eefd8468a9506fe0c1cae4ed70d8c4a4619caeda8ef143a1fe18e636b41	1389	UNCLASSIFIED	/root/freya_audit/izlaz/UNITY_SOBE/SOBA_2_ZNANJE/PHONE_FULL_KNOWLEDGE_COPY_20260704_174201/root/FREYA_SSOT/08_EXTRACTED/11_TITAN_SPAS.tar.gz/Obsidian_Glavni_Trezor/3_SISTEM_I_SKRIPTE/cmu_pregled.sh
e45aa1d3327f413932d35641cd5258a9b48100cc9f9f558537f165282ecf3d18	1831	UNCLASSIFIED	/root/freya_audit/izlaz/UNITY_SOBE/SOBA_2_ZNANJE/PHONE_FULL_KNOWLEDGE_COPY_20260704_174201/root/FREYA_SSOT/08_EXTRACTED/11_TITAN_SPAS.tar.gz/Obsidian_Glavni_Trezor/3_SISTEM_I_SKRIPTE/iphone_alpine_enforcer.sh
663329ecb9b140922799414b5468d1050c703d6ecd1357191c537de68a79cf28	244	UNCLASSIFIED	/root/freya_audit/izlaz/UNITY_SOBE/SOBA_2_ZNANJE/PHONE_FULL_KNOWLEDGE_COPY_20260704_174201/root/FREYA_SSOT/08_EXTRACTED/11_TITAN_SPAS.tar.gz/Obsidian_Glavni_Trezor/3_SISTEM_I_SKRIPTE/titan_harvest_d.sh
7540f7ff4702d94e010e522ce9245d7a5a737194321c5bce42bc9c674e25c0cc	2160	UNCLASSIFIED	/root/freya_audit/izlaz/UNITY_SOBE/SOBA_2_ZNANJE/PHONE_FULL_KNOWLEDGE_COPY_20260704_174201/root/FREYA_SSOT/08_EXTRACTED/11_TITAN_SPAS.tar.gz/Obsidian_Glavni_Trezor/3_SISTEM_I_SKRIPTE/titan_self_heal.sh
add66f64052807d790d491c99f4fdf6caa90b6d514ea81a1023452c32c914834	1941	UNCLASSIFIED	/root/freya_audit/izlaz/UNITY_SOBE/SOBA_2_ZNANJE/PHONE_FULL_KNOWLEDGE_COPY_20260704_174201/root/FREYA_SSOT/08_EXTRACTED/11_TITAN_SPAS.tar.gz/Obsidian_Glavni_Trezor/3_SISTEM_I_SKRIPTE/titan_sentinel_d.sh
323a623bd1cdeb6bb3e52383aa236b74871c745b8cb085f6812705ee9c1d63a7	1456	UNCLASSIFIED	/root/freya_audit/izlaz/UNITY_SOBE/SOBA_2_ZNANJE/PHONE_FULL_KNOWLEDGE_COPY_20260704_174201/root/FREYA_SSOT/08_EXTRACTED/3_IPHONE_TITAN_EXPORT_PACKET.tar.gz/IPHONE_TITAN_EXPORT_PACKET/_root_DELTA_CORE_v1_0.py
323a623bd1cdeb6bb3e52383aa236b74871c745b8cb085f6812705ee9c1d63a7	1456	UNCLASSIFIED	/root/freya_audit/izlaz/UNITY_SOBE/SOBA_2_ZNANJE/PHONE_FULL_KNOWLEDGE_COPY_20260704_174201/root/FREYA_SSOT/08_EXTRACTED/3_IPHONE_TITAN_EXPORT_PACKET.tar.gz/IPHONE_TITAN_EXPORT_PACKET/_root_DELTA_FINAL_EXPORT_SOUL_EXPORT_20260519_1232_Scripts_DELTA_CORE_v1_0.py
22684a7022143838ad2f71d21d243488e4a1d4a053e7fcfbc5aea78b893ad22b	6110	AGENT	/root/freya_audit/izlaz/UNITY_SOBE/SOBA_2_ZNANJE/PHONE_FULL_KNOWLEDGE_COPY_20260704_174201/root/FREYA_SSOT/08_EXTRACTED/3_IPHONE_TITAN_EXPORT_PACKET.tar.gz/IPHONE_TITAN_EXPORT_PACKET/_root_DELTA_FINAL_EXPORT_SOUL_EXPORT_20260519_1232_Scripts_DELTA_UNITY_ENGINE_v1_7.py
db0d1fd704f188e0ac5ef0bd7eb1cee032050c593a645ebf3660a5c21e861807	3513	UNCLASSIFIED	/root/freya_audit/izlaz/UNITY_SOBE/SOBA_2_ZNANJE/PHONE_FULL_KNOWLEDGE_COPY_20260704_174201/root/FREYA_SSOT/08_EXTRACTED/3_IPHONE_TITAN_EXPORT_PACKET.tar.gz/IPHONE_TITAN_EXPORT_PACKET/_root_DELTA_FINAL_EXPORT_SOUL_EXPORT_20260519_1232_Scripts_iphone_sha_analyzer.py
db0d1fd704f188e0ac5ef0bd7eb1cee032050c593a645ebf3660a5c21e861807	3513	UNCLASSIFIED	/root/freya_audit/izlaz/UNITY_SOBE/SOBA_2_ZNANJE/PHONE_FULL_KNOWLEDGE_COPY_20260704_174201/root/FREYA_SSOT/08_EXTRACTED/3_IPHONE_TITAN_EXPORT_PACKET.tar.gz/IPHONE_TITAN_EXPORT_PACKET/_root_DELTA_FINAL_EXPORT_Scripts_iphone_sha_analyzer.py
22684a7022143838ad2f71d21d243488e4a1d4a053e7fcfbc5aea78b893ad22b	6110	AGENT	/root/freya_audit/izlaz/UNITY_SOBE/SOBA_2_ZNANJE/PHONE_FULL_KNOWLEDGE_COPY_20260704_174201/root/FREYA_SSOT/08_EXTRACTED/3_IPHONE_TITAN_EXPORT_PACKET.tar.gz/IPHONE_TITAN_EXPORT_PACKET/_root_DELTA_UNITY_ENGINE_v1_7.py
081248d59fc78901e1238c4856e9ca8ef5644199101a92246126bd10b5013d86	65772	WORKER	/root/freya_audit/izlaz/UNITY_SOBE/SOBA_2_ZNANJE/PHONE_FULL_KNOWLEDGE_COPY_20260704_174201/root/FREYA_SSOT/08_EXTRACTED/3_IPHONE_TITAN_EXPORT_PACKET.tar.gz/IPHONE_TITAN_EXPORT_PACKET/_root_Documents_003._PPP_titan_grid_v5_max_pojaczony.py
13cc5301e437b390639297ca6b0dd89e7085feb3885b9e7e7cb6774f86732661	62981	UNCLASSIFIED	/root/freya_audit/izlaz/UNITY_SOBE/SOBA_2_ZNANJE/PHONE_FULL_KNOWLEDGE_COPY_20260704_174201/root/FREYA_SSOT/08_EXTRACTED/3_IPHONE_TITAN_EXPORT_PACKET.tar.gz/IPHONE_TITAN_EXPORT_PACKET/_root_Documents_003._PPP_titan_grid_vdr_enterprise_v3_4.py
5b379991662ebc7e9ed9641128ab065673b69026c2ce9783e3609031b797f0b5	25946	UNCLASSIFIED	/root/freya_audit/izlaz/UNITY_SOBE/SOBA_2_ZNANJE/PHONE_FULL_KNOWLEDGE_COPY_20260704_174201/root/FREYA_SSOT/08_EXTRACTED/3_IPHONE_TITAN_EXPORT_PACKET.tar.gz/IPHONE_TITAN_EXPORT_PACKET/_root_Documents_003._PPP_titan_grid_vdr_ultimate_final_clean.py
3b93a6c54ee70ceb8a893ce989f6f19fc38ad750a2ca0ff6e365976d93777c04	4667	PACKAGE	/root/freya_audit/izlaz/UNITY_SOBE/SOBA_2_ZNANJE/PHONE_FULL_KNOWLEDGE_COPY_20260704_174201/root/FREYA_SSOT/08_EXTRACTED/3_IPHONE_TITAN_EXPORT_PACKET.tar.gz/IPHONE_TITAN_EXPORT_PACKET/_root_Documents_004.DELTA_37_system_index_builder.py
0d59f8875cdeec0488238dd62e877f4e22fb24e3724a5f109f10996d34587eb2	47757	PACKAGE	/root/freya_audit/izlaz/UNITY_SOBE/SOBA_2_ZNANJE/PHONE_FULL_KNOWLEDGE_COPY_20260704_174201/root/FREYA_SSOT/08_EXTRACTED/3_IPHONE_TITAN_EXPORT_PACKET.tar.gz/IPHONE_TITAN_EXPORT_PACKET/_root_Documents_0200_TITANGRID_DELTA_888_DIGITAL_TRANSFORMER.py
97a18cecc6af347637429d2765731ee758a2b0597568c702430ed27b504507ac	1914	UNCLASSIFIED	/root/freya_audit/izlaz/UNITY_SOBE/SOBA_2_ZNANJE/PHONE_FULL_KNOWLEDGE_COPY_20260704_174201/root/FREYA_SSOT/08_EXTRACTED/3_IPHONE_TITAN_EXPORT_PACKET.tar.gz/IPHONE_TITAN_EXPORT_PACKET/_root_Documents_569_generate_SIGNALNI_MEMORANDUM_TITAN1.py
323a623bd1cdeb6bb3e52383aa236b74871c745b8cb085f6812705ee9c1d63a7	1456	UNCLASSIFIED	/root/freya_audit/izlaz/UNITY_SOBE/SOBA_2_ZNANJE/PHONE_FULL_KNOWLEDGE_COPY_20260704_174201/root/FREYA_SSOT/08_EXTRACTED/3_IPHONE_TITAN_EXPORT_PACKET.tar.gz/IPHONE_TITAN_EXPORT_PACKET/_root_Documents_SOUL_EXPORT_20260519_1232_Scripts_DELTA_CORE_v1_0.py
22684a7022143838ad2f71d21d243488e4a1d4a053e7fcfbc5aea78b893ad22b	6110	AGENT	/root/freya_audit/izlaz/UNITY_SOBE/SOBA_2_ZNANJE/PHONE_FULL_KNOWLEDGE_COPY_20260704_174201/root/FREYA_SSOT/08_EXTRACTED/3_IPHONE_TITAN_EXPORT_PACKET.tar.gz/IPHONE_TITAN_EXPORT_PACKET/_root_Documents_SOUL_EXPORT_20260519_1232_Scripts_DELTA_UNITY_ENGINE_v1_7.py
fcff4c9755243b9b7d27a9433693b06fcb0bbba4cdb988bdab8d6bfce0a45e95	5060	UNCLASSIFIED	/root/freya_audit/izlaz/UNITY_SOBE/SOBA_2_ZNANJE/PHONE_FULL_KNOWLEDGE_COPY_20260704_174201/root/FREYA_SSOT/08_EXTRACTED/3_IPHONE_TITAN_EXPORT_PACKET.tar.gz/IPHONE_TITAN_EXPORT_PACKET/_root_Documents_TITAN_FINAL_01.04_grok_central_brain_exporter.py
c90ad565070c2dbbe7c2fdc3715c762d729546c4190349d1d645d5a9d8c5605d	526	UNCLASSIFIED	/root/freya_audit/izlaz/UNITY_SOBE/SOBA_2_ZNANJE/PHONE_FULL_KNOWLEDGE_COPY_20260704_174201/root/FREYA_SSOT/08_EXTRACTED/3_IPHONE_TITAN_EXPORT_PACKET.tar.gz/IPHONE_TITAN_EXPORT_PACKET/_root_Documents_TITAN_FINAL_03.03_build_control_tower_v1.py
654ea28ff09e9ed9691e8965d895140647db28d022fd304b134582d041a04afe	2674	UNCLASSIFIED	/root/freya_audit/izlaz/UNITY_SOBE/SOBA_2_ZNANJE/PHONE_FULL_KNOWLEDGE_COPY_20260704_174201/root/FREYA_SSOT/08_EXTRACTED/3_IPHONE_TITAN_EXPORT_PACKET.tar.gz/IPHONE_TITAN_EXPORT_PACKET/_root_Documents_TITAN_FINAL_03.03_grok_payload_v6_2.py
fe9c2dffce2623f4c6bd9c212b8fb9a8be4c69902690aa61d7fb61683552ca4a	30287	UNCLASSIFIED	/root/freya_audit/izlaz/UNITY_SOBE/SOBA_2_ZNANJE/PHONE_FULL_KNOWLEDGE_COPY_20260704_174201/root/FREYA_SSOT/08_EXTRACTED/3_IPHONE_TITAN_EXPORT_PACKET.tar.gz/IPHONE_TITAN_EXPORT_PACKET/_root_Documents_TITAN_FINAL_03.03_titan_central_brain_v6_1_generator.py
e885ba6e3c7c6b1b56aa7d5afe37d1eae7e3cce182c0ae159e27e8ae32805801	1089	UNCLASSIFIED	/root/freya_audit/izlaz/UNITY_SOBE/SOBA_2_ZNANJE/PHONE_FULL_KNOWLEDGE_COPY_20260704_174201/root/FREYA_SSOT/08_EXTRACTED/3_IPHONE_TITAN_EXPORT_PACKET.tar.gz/IPHONE_TITAN_EXPORT_PACKET/_root_Documents_TITAN_FINAL_27.03_TITAN_Data_Room_v6_3_Automated_AUTOMATE_ALL_DOCUMENTS.py
e48cdd9ef01fb645e74e17a519cc595054f121467ea56385b827b4b67af6caa5	19294	PACKAGE	/root/freya_audit/izlaz/UNITY_SOBE/SOBA_2_ZNANJE/PHONE_FULL_KNOWLEDGE_COPY_20260704_174201/root/FREYA_SSOT/08_EXTRACTED/3_IPHONE_TITAN_EXPORT_PACKET.tar.gz/IPHONE_TITAN_EXPORT_PACKET/_root_Documents_TITAN_FINAL_27.03_TITAN_v5_0_board_ic_dashboard_upgrade.py
4fb527807d4c2f6d70e17148719356881587d083cc83b2d58ff78324c9006580	22811	UNCLASSIFIED	/root/freya_audit/izlaz/UNITY_SOBE/SOBA_2_ZNANJE/PHONE_FULL_KNOWLEDGE_COPY_20260704_174201/root/FREYA_SSOT/08_EXTRACTED/3_IPHONE_TITAN_EXPORT_PACKET.tar.gz/IPHONE_TITAN_EXPORT_PACKET/_root_Documents_TITAN_FINAL_31.03_grok_automated_mutation_generator.py
c0fec1c32825b2e5ee4543339ec81b089bff7644d45be07591455144951cea60	76964	PACKAGE,SUPERVISOR	/root/freya_audit/izlaz/UNITY_SOBE/SOBA_2_ZNANJE/PHONE_FULL_KNOWLEDGE_COPY_20260704_174201/root/FREYA_SSOT/08_EXTRACTED/3_IPHONE_TITAN_EXPORT_PACKET.tar.gz/IPHONE_TITAN_EXPORT_PACKET/_root_Documents_Titan_grid_Prezentacija_Nove_kalkulacija__24.03_25.03_Titan_Grid_v52_Data_Room_Ready_99_Admin_Titan_Grid_v52_OneClick_Generator.py
74ce33581350675ab1c15a1f6b08ccbeb18309b68415f2db913f8633f4d0a6ea	1190	UNCLASSIFIED	/root/freya_audit/izlaz/UNITY_SOBE/SOBA_2_ZNANJE/PHONE_FULL_KNOWLEDGE_COPY_20260704_174201/root/FREYA_SSOT/08_EXTRACTED/3_IPHONE_TITAN_EXPORT_PACKET.tar.gz/IPHONE_TITAN_EXPORT_PACKET/_root_Documents_Titan_grid_Prezentacija_Nove_kalkulacija__24.03_25.03_sources_uses_bridge.py
2af05d20a48829279e390424b9fcc233db834c6a0f405abef2fd962f7259b547	3671	UNCLASSIFIED	/root/freya_audit/izlaz/UNITY_SOBE/SOBA_2_ZNANJE/PHONE_FULL_KNOWLEDGE_COPY_20260704_174201/root/FREYA_SSOT/08_EXTRACTED/3_IPHONE_TITAN_EXPORT_PACKET.tar.gz/IPHONE_TITAN_EXPORT_PACKET/_root_Documents_Titan_grid_Prezentacija_Nove_kalkulacija__24.03_25.03_validator.py
4f3a200983234285d0605513c78c62e3b6e63f5f29320604a29f5c5e31227f93	2698	UNCLASSIFIED	/root/freya_audit/izlaz/UNITY_SOBE/SOBA_2_ZNANJE/PHONE_FULL_KNOWLEDGE_COPY_20260704_174201/root/FREYA_SSOT/08_EXTRACTED/3_IPHONE_TITAN_EXPORT_PACKET.tar.gz/IPHONE_TITAN_EXPORT_PACKET/_root_Documents_extract_titan1_deep_harvest.py
4c9f98241cd26655683877954cd7563365050e80203f6530b76833c61df18841	2257	UNCLASSIFIED	/root/freya_audit/izlaz/UNITY_SOBE/SOBA_2_ZNANJE/PHONE_FULL_KNOWLEDGE_COPY_20260704_174201/root/FREYA_SSOT/08_EXTRACTED/3_IPHONE_TITAN_EXPORT_PACKET.tar.gz/IPHONE_TITAN_EXPORT_PACKET/_root_Documents_titan1_light_harmonizer.py
323a623bd1cdeb6bb3e52383aa236b74871c745b8cb085f6812705ee9c1d63a7	1456	UNCLASSIFIED	/root/freya_audit/izlaz/UNITY_SOBE/SOBA_2_ZNANJE/PHONE_FULL_KNOWLEDGE_COPY_20260704_174201/root/FREYA_SSOT/08_EXTRACTED/3_IPHONE_TITAN_EXPORT_PACKET.tar.gz/IPHONE_TITAN_EXPORT_PACKET/_root_PVE_ALPINE_VALUE_EXPORT_PACKET_20260525_054348_FILES_FILE_DELTA_CORE_v1_0.py
22684a7022143838ad2f71d21d243488e4a1d4a053e7fcfbc5aea78b893ad22b	6110	AGENT	/root/freya_audit/izlaz/UNITY_SOBE/SOBA_2_ZNANJE/PHONE_FULL_KNOWLEDGE_COPY_20260704_174201/root/FREYA_SSOT/08_EXTRACTED/3_IPHONE_TITAN_EXPORT_PACKET.tar.gz/IPHONE_TITAN_EXPORT_PACKET/_root_PVE_ALPINE_VALUE_EXPORT_PACKET_20260525_054348_FILES_FILE_DELTA_UNITY_ENGINE_v1_7.py
0d59f8875cdeec0488238dd62e877f4e22fb24e3724a5f109f10996d34587eb2	47757	PACKAGE	/root/freya_audit/izlaz/UNITY_SOBE/SOBA_2_ZNANJE/PHONE_FULL_KNOWLEDGE_COPY_20260704_174201/root/FREYA_SSOT/08_EXTRACTED/3_IPHONE_TITAN_EXPORT_PACKET.tar.gz/IPHONE_TITAN_EXPORT_PACKET/_root_PVE_ALPINE_VALUE_EXPORT_PACKET_20260525_054348_FILES_FILE_TITANGRID_DELTA_888_DIGITAL_TRANSFORMER.py
c90ad565070c2dbbe7c2fdc3715c762d729546c4190349d1d645d5a9d8c5605d	526	UNCLASSIFIED	/root/freya_audit/izlaz/UNITY_SOBE/SOBA_2_ZNANJE/PHONE_FULL_KNOWLEDGE_COPY_20260704_174201/root/FREYA_SSOT/08_EXTRACTED/3_IPHONE_TITAN_EXPORT_PACKET.tar.gz/IPHONE_TITAN_EXPORT_PACKET/_root_PVE_ALPINE_VALUE_EXPORT_PACKET_20260525_054348_FILES_FILE_build_control_tower_v1.py
97a18cecc6af347637429d2765731ee758a2b0597568c702430ed27b504507ac	1914	UNCLASSIFIED	/root/freya_audit/izlaz/UNITY_SOBE/SOBA_2_ZNANJE/PHONE_FULL_KNOWLEDGE_COPY_20260704_174201/root/FREYA_SSOT/08_EXTRACTED/3_IPHONE_TITAN_EXPORT_PACKET.tar.gz/IPHONE_TITAN_EXPORT_PACKET/_root_PVE_ALPINE_VALUE_EXPORT_PACKET_20260525_054348_FILES_FILE_generate_SIGNALNI_MEMORANDUM_TITAN1.py
fe9c2dffce2623f4c6bd9c212b8fb9a8be4c69902690aa61d7fb61683552ca4a	30287	UNCLASSIFIED	/root/freya_audit/izlaz/UNITY_SOBE/SOBA_2_ZNANJE/PHONE_FULL_KNOWLEDGE_COPY_20260704_174201/root/FREYA_SSOT/08_EXTRACTED/3_IPHONE_TITAN_EXPORT_PACKET.tar.gz/IPHONE_TITAN_EXPORT_PACKET/_root_PVE_ALPINE_VALUE_EXPORT_PACKET_20260525_054348_FILES_FILE_titan_central_brain_v6_1_generator.py
081248d59fc78901e1238c4856e9ca8ef5644199101a92246126bd10b5013d86	65772	WORKER	/root/freya_audit/izlaz/UNITY_SOBE/SOBA_2_ZNANJE/PHONE_FULL_KNOWLEDGE_COPY_20260704_174201/root/FREYA_SSOT/08_EXTRACTED/3_IPHONE_TITAN_EXPORT_PACKET.tar.gz/IPHONE_TITAN_EXPORT_PACKET/_root_PVE_ALPINE_VALUE_EXPORT_PACKET_20260525_054348_FILES_FILE_titan_grid_v5_max_pojaczony.py
13cc5301e437b390639297ca6b0dd89e7085feb3885b9e7e7cb6774f86732661	62981	UNCLASSIFIED	/root/freya_audit/izlaz/UNITY_SOBE/SOBA_2_ZNANJE/PHONE_FULL_KNOWLEDGE_COPY_20260704_174201/root/FREYA_SSOT/08_EXTRACTED/3_IPHONE_TITAN_EXPORT_PACKET.tar.gz/IPHONE_TITAN_EXPORT_PACKET/_root_PVE_ALPINE_VALUE_EXPORT_PACKET_20260525_054348_FILES_FILE_titan_grid_vdr_enterprise_v3_4.py
5b379991662ebc7e9ed9641128ab065673b69026c2ce9783e3609031b797f0b5	25946	UNCLASSIFIED	/root/freya_audit/izlaz/UNITY_SOBE/SOBA_2_ZNANJE/PHONE_FULL_KNOWLEDGE_COPY_20260704_174201/root/FREYA_SSOT/08_EXTRACTED/3_IPHONE_TITAN_EXPORT_PACKET.tar.gz/IPHONE_TITAN_EXPORT_PACKET/_root_PVE_ALPINE_VALUE_EXPORT_PACKET_20260525_054348_FILES_FILE_titan_grid_vdr_ultimate_final_clean.py
323a623bd1cdeb6bb3e52383aa236b74871c745b8cb085f6812705ee9c1d63a7	1456	UNCLASSIFIED	/root/freya_audit/izlaz/UNITY_SOBE/SOBA_2_ZNANJE/PHONE_FULL_KNOWLEDGE_COPY_20260704_174201/root/FREYA_SSOT/08_EXTRACTED/3_IPHONE_TITAN_EXPORT_PACKET.tar.gz/IPHONE_TITAN_EXPORT_PACKET/_root_PVE_ALPINE_VALUE_EXPORT_PACKET_20260525_054604_FILES_DELTA_CORE_v1_0.py
22684a7022143838ad2f71d21d243488e4a1d4a053e7fcfbc5aea78b893ad22b	6110	AGENT	/root/freya_audit/izlaz/UNITY_SOBE/SOBA_2_ZNANJE/PHONE_FULL_KNOWLEDGE_COPY_20260704_174201/root/FREYA_SSOT/08_EXTRACTED/3_IPHONE_TITAN_EXPORT_PACKET.tar.gz/IPHONE_TITAN_EXPORT_PACKET/_root_PVE_ALPINE_VALUE_EXPORT_PACKET_20260525_054604_FILES_DELTA_UNITY_ENGINE_v1_7.py
0d59f8875cdeec0488238dd62e877f4e22fb24e3724a5f109f10996d34587eb2	47757	PACKAGE	/root/freya_audit/izlaz/UNITY_SOBE/SOBA_2_ZNANJE/PHONE_FULL_KNOWLEDGE_COPY_20260704_174201/root/FREYA_SSOT/08_EXTRACTED/3_IPHONE_TITAN_EXPORT_PACKET.tar.gz/IPHONE_TITAN_EXPORT_PACKET/_root_PVE_ALPINE_VALUE_EXPORT_PACKET_20260525_054604_FILES_TITANGRID_DELTA_888_DIGITAL_TRANSFORMER.py
e48cdd9ef01fb645e74e17a519cc595054f121467ea56385b827b4b67af6caa5	19294	PACKAGE	/root/freya_audit/izlaz/UNITY_SOBE/SOBA_2_ZNANJE/PHONE_FULL_KNOWLEDGE_COPY_20260704_174201/root/FREYA_SSOT/08_EXTRACTED/3_IPHONE_TITAN_EXPORT_PACKET.tar.gz/IPHONE_TITAN_EXPORT_PACKET/_root_PVE_ALPINE_VALUE_EXPORT_PACKET_20260525_054604_FILES_TITAN_v5_0_board_ic_dashboard_upgrade.py
c90ad565070c2dbbe7c2fdc3715c762d729546c4190349d1d645d5a9d8c5605d	526	UNCLASSIFIED	/root/freya_audit/izlaz/UNITY_SOBE/SOBA_2_ZNANJE/PHONE_FULL_KNOWLEDGE_COPY_20260704_174201/root/FREYA_SSOT/08_EXTRACTED/3_IPHONE_TITAN_EXPORT_PACKET.tar.gz/IPHONE_TITAN_EXPORT_PACKET/_root_PVE_ALPINE_VALUE_EXPORT_PACKET_20260525_054604_FILES_build_control_tower_v1.py
4f3a200983234285d0605513c78c62e3b6e63f5f29320604a29f5c5e31227f93	2698	UNCLASSIFIED	/root/freya_audit/izlaz/UNITY_SOBE/SOBA_2_ZNANJE/PHONE_FULL_KNOWLEDGE_COPY_20260704_174201/root/FREYA_SSOT/08_EXTRACTED/3_IPHONE_TITAN_EXPORT_PACKET.tar.gz/IPHONE_TITAN_EXPORT_PACKET/_root_PVE_ALPINE_VALUE_EXPORT_PACKET_20260525_054604_FILES_extract_titan1_deep_harvest.py
4fb527807d4c2f6d70e17148719356881587d083cc83b2d58ff78324c9006580	22811	UNCLASSIFIED	/root/freya_audit/izlaz/UNITY_SOBE/SOBA_2_ZNANJE/PHONE_FULL_KNOWLEDGE_COPY_20260704_174201/root/FREYA_SSOT/08_EXTRACTED/3_IPHONE_TITAN_EXPORT_PACKET.tar.gz/IPHONE_TITAN_EXPORT_PACKET/_root_PVE_ALPINE_VALUE_EXPORT_PACKET_20260525_054604_FILES_grok_automated_mutation_generator.py
4c9f98241cd26655683877954cd7563365050e80203f6530b76833c61df18841	2257	UNCLASSIFIED	/root/freya_audit/izlaz/UNITY_SOBE/SOBA_2_ZNANJE/PHONE_FULL_KNOWLEDGE_COPY_20260704_174201/root/FREYA_SSOT/08_EXTRACTED/3_IPHONE_TITAN_EXPORT_PACKET.tar.gz/IPHONE_TITAN_EXPORT_PACKET/_root_PVE_ALPINE_VALUE_EXPORT_PACKET_20260525_054604_FILES_titan1_light_harmonizer.py
fe9c2dffce2623f4c6bd9c212b8fb9a8be4c69902690aa61d7fb61683552ca4a	30287	UNCLASSIFIED	/root/freya_audit/izlaz/UNITY_SOBE/SOBA_2_ZNANJE/PHONE_FULL_KNOWLEDGE_COPY_20260704_174201/root/FREYA_SSOT/08_EXTRACTED/3_IPHONE_TITAN_EXPORT_PACKET.tar.gz/IPHONE_TITAN_EXPORT_PACKET/_root_PVE_ALPINE_VALUE_EXPORT_PACKET_20260525_054604_FILES_titan_central_brain_v6_1_generator.py
081248d59fc78901e1238c4856e9ca8ef5644199101a92246126bd10b5013d86	65772	WORKER	/root/freya_audit/izlaz/UNITY_SOBE/SOBA_2_ZNANJE/PHONE_FULL_KNOWLEDGE_COPY_20260704_174201/root/FREYA_SSOT/08_EXTRACTED/3_IPHONE_TITAN_EXPORT_PACKET.tar.gz/IPHONE_TITAN_EXPORT_PACKET/_root_PVE_ALPINE_VALUE_EXPORT_PACKET_20260525_054604_FILES_titan_grid_v5_max_pojaczony.py
13cc5301e437b390639297ca6b0dd89e7085feb3885b9e7e7cb6774f86732661	62981	UNCLASSIFIED	/root/freya_audit/izlaz/UNITY_SOBE/SOBA_2_ZNANJE/PHONE_FULL_KNOWLEDGE_COPY_20260704_174201/root/FREYA_SSOT/08_EXTRACTED/3_IPHONE_TITAN_EXPORT_PACKET.tar.gz/IPHONE_TITAN_EXPORT_PACKET/_root_PVE_ALPINE_VALUE_EXPORT_PACKET_20260525_054604_FILES_titan_grid_vdr_enterprise_v3_4.py
5b379991662ebc7e9ed9641128ab065673b69026c2ce9783e3609031b797f0b5	25946	UNCLASSIFIED	/root/freya_audit/izlaz/UNITY_SOBE/SOBA_2_ZNANJE/PHONE_FULL_KNOWLEDGE_COPY_20260704_174201/root/FREYA_SSOT/08_EXTRACTED/3_IPHONE_TITAN_EXPORT_PACKET.tar.gz/IPHONE_TITAN_EXPORT_PACKET/_root_PVE_ALPINE_VALUE_EXPORT_PACKET_20260525_054604_FILES_titan_grid_vdr_ultimate_final_clean.py
22684a7022143838ad2f71d21d243488e4a1d4a053e7fcfbc5aea78b893ad22b	6110	AGENT	/root/freya_audit/izlaz/UNITY_SOBE/SOBA_2_ZNANJE/PHONE_FULL_KNOWLEDGE_COPY_20260704_174201/root/FREYA_SSOT/08_EXTRACTED/3_IPHONE_TITAN_EXPORT_PACKET.tar.gz/IPHONE_TITAN_EXPORT_PACKET/_root_PVE_DIAMOND_EXPORT_20260525_055151_DIAMONDS_DIAMOND_42_DELTA_UNITY_ENGINE_v1_7.py
323a623bd1cdeb6bb3e52383aa236b74871c745b8cb085f6812705ee9c1d63a7	1456	UNCLASSIFIED	/root/freya_audit/izlaz/UNITY_SOBE/SOBA_2_ZNANJE/PHONE_FULL_KNOWLEDGE_COPY_20260704_174201/root/FREYA_SSOT/08_EXTRACTED/3_IPHONE_TITAN_EXPORT_PACKET.tar.gz/IPHONE_TITAN_EXPORT_PACKET/_root_PVE_DIAMOND_EXPORT_20260525_055151_DIAMONDS_DIAMOND_44_DELTA_CORE_v1_0.py
4fb527807d4c2f6d70e17148719356881587d083cc83b2d58ff78324c9006580	22811	UNCLASSIFIED	/root/freya_audit/izlaz/UNITY_SOBE/SOBA_2_ZNANJE/PHONE_FULL_KNOWLEDGE_COPY_20260704_174201/root/FREYA_SSOT/08_EXTRACTED/3_IPHONE_TITAN_EXPORT_PACKET.tar.gz/IPHONE_TITAN_EXPORT_PACKET/_root_PVE_DIAMOND_EXPORT_20260525_055151_DIAMONDS_DIAMOND_59_grok_automated_mutation_generator.py
0d59f8875cdeec0488238dd62e877f4e22fb24e3724a5f109f10996d34587eb2	47757	PACKAGE	/root/freya_audit/izlaz/UNITY_SOBE/SOBA_2_ZNANJE/PHONE_FULL_KNOWLEDGE_COPY_20260704_174201/root/FREYA_SSOT/08_EXTRACTED/3_IPHONE_TITAN_EXPORT_PACKET.tar.gz/IPHONE_TITAN_EXPORT_PACKET/_root_PVE_DIAMOND_MINI_20260525_055305_DIAMONDS_DIAMOND_TITANGRID_DELTA_888_DIGITAL_TRANSFORMER.py
4f3a200983234285d0605513c78c62e3b6e63f5f29320604a29f5c5e31227f93	2698	UNCLASSIFIED	/root/freya_audit/izlaz/UNITY_SOBE/SOBA_2_ZNANJE/PHONE_FULL_KNOWLEDGE_COPY_20260704_174201/root/FREYA_SSOT/08_EXTRACTED/3_IPHONE_TITAN_EXPORT_PACKET.tar.gz/IPHONE_TITAN_EXPORT_PACKET/_root_PVE_DIAMOND_MINI_20260525_055305_DIAMONDS_DIAMOND_extract_titan1_deep_harvest.py
4c9f98241cd26655683877954cd7563365050e80203f6530b76833c61df18841	2257	UNCLASSIFIED	/root/freya_audit/izlaz/UNITY_SOBE/SOBA_2_ZNANJE/PHONE_FULL_KNOWLEDGE_COPY_20260704_174201/root/FREYA_SSOT/08_EXTRACTED/3_IPHONE_TITAN_EXPORT_PACKET.tar.gz/IPHONE_TITAN_EXPORT_PACKET/_root_PVE_DIAMOND_MINI_20260525_055305_DIAMONDS_DIAMOND_titan1_light_harmonizer.py
2a3ef469749b192cd3221414a9def375ae470da6b2d4fd2211af49534d1f7215	726	UNCLASSIFIED	/root/freya_audit/izlaz/UNITY_SOBE/SOBA_2_ZNANJE/PHONE_FULL_KNOWLEDGE_COPY_20260704_174201/root/FREYA_SSOT/08_EXTRACTED/4_titan_rad.tar.gz/Obsidian_Glavni_Trezor/3_SISTEM_I_SKRIPTE/auto_harvest.sh
70109eefd8468a9506fe0c1cae4ed70d8c4a4619caeda8ef143a1fe18e636b41	1389	UNCLASSIFIED	/root/freya_audit/izlaz/UNITY_SOBE/SOBA_2_ZNANJE/PHONE_FULL_KNOWLEDGE_COPY_20260704_174201/root/FREYA_SSOT/08_EXTRACTED/4_titan_rad.tar.gz/Obsidian_Glavni_Trezor/3_SISTEM_I_SKRIPTE/cmu_pregled.sh
e45aa1d3327f413932d35641cd5258a9b48100cc9f9f558537f165282ecf3d18	1831	UNCLASSIFIED	/root/freya_audit/izlaz/UNITY_SOBE/SOBA_2_ZNANJE/PHONE_FULL_KNOWLEDGE_COPY_20260704_174201/root/FREYA_SSOT/08_EXTRACTED/4_titan_rad.tar.gz/Obsidian_Glavni_Trezor/3_SISTEM_I_SKRIPTE/iphone_alpine_enforcer.sh
663329ecb9b140922799414b5468d1050c703d6ecd1357191c537de68a79cf28	244	UNCLASSIFIED	/root/freya_audit/izlaz/UNITY_SOBE/SOBA_2_ZNANJE/PHONE_FULL_KNOWLEDGE_COPY_20260704_174201/root/FREYA_SSOT/08_EXTRACTED/4_titan_rad.tar.gz/Obsidian_Glavni_Trezor/3_SISTEM_I_SKRIPTE/titan_harvest_d.sh
7540f7ff4702d94e010e522ce9245d7a5a737194321c5bce42bc9c674e25c0cc	2160	UNCLASSIFIED	/root/freya_audit/izlaz/UNITY_SOBE/SOBA_2_ZNANJE/PHONE_FULL_KNOWLEDGE_COPY_20260704_174201/root/FREYA_SSOT/08_EXTRACTED/4_titan_rad.tar.gz/Obsidian_Glavni_Trezor/3_SISTEM_I_SKRIPTE/titan_self_heal.sh
add66f64052807d790d491c99f4fdf6caa90b6d514ea81a1023452c32c914834	1941	UNCLASSIFIED	/root/freya_audit/izlaz/UNITY_SOBE/SOBA_2_ZNANJE/PHONE_FULL_KNOWLEDGE_COPY_20260704_174201/root/FREYA_SSOT/08_EXTRACTED/4_titan_rad.tar.gz/Obsidian_Glavni_Trezor/3_SISTEM_I_SKRIPTE/titan_sentinel_d.sh
70109eefd8468a9506fe0c1cae4ed70d8c4a4619caeda8ef143a1fe18e636b41	1389	UNCLASSIFIED	/root/freya_audit/izlaz/UNITY_SOBE/SOBA_2_ZNANJE/PHONE_FULL_KNOWLEDGE_COPY_20260704_174201/root/FREYA_SSOT/08_EXTRACTED/5_default.tar.gz/etc/.titan_backup/cmu_pregled.sh
e45aa1d3327f413932d35641cd5258a9b48100cc9f9f558537f165282ecf3d18	1831	UNCLASSIFIED	/root/freya_audit/izlaz/UNITY_SOBE/SOBA_2_ZNANJE/PHONE_FULL_KNOWLEDGE_COPY_20260704_174201/root/FREYA_SSOT/08_EXTRACTED/5_default.tar.gz/etc/.titan_backup/iphone_alpine_enforcer.sh
84eb9034099d759ff08e6da5a731cacfc63a319547ad0f1dfc1c64853aca93f2	61	UNCLASSIFIED	/root/freya_audit/izlaz/UNITY_SOBE/SOBA_2_ZNANJE/PHONE_FULL_KNOWLEDGE_COPY_20260704_174201/root/FREYA_SSOT/08_EXTRACTED/5_default.tar.gz/etc/profile.d/locale.sh
2a3ef469749b192cd3221414a9def375ae470da6b2d4fd2211af49534d1f7215	726	UNCLASSIFIED	/root/freya_audit/izlaz/UNITY_SOBE/SOBA_2_ZNANJE/PHONE_FULL_KNOWLEDGE_COPY_20260704_174201/root/FREYA_SSOT/08_EXTRACTED/5_default.tar.gz/mnt/obsidian/3_SISTEM_I_SKRIPTE/auto_harvest.sh
70109eefd8468a9506fe0c1cae4ed70d8c4a4619caeda8ef143a1fe18e636b41	1389	UNCLASSIFIED	/root/freya_audit/izlaz/UNITY_SOBE/SOBA_2_ZNANJE/PHONE_FULL_KNOWLEDGE_COPY_20260704_174201/root/FREYA_SSOT/08_EXTRACTED/5_default.tar.gz/mnt/obsidian/3_SISTEM_I_SKRIPTE/cmu_pregled.sh
e45aa1d3327f413932d35641cd5258a9b48100cc9f9f558537f165282ecf3d18	1831	UNCLASSIFIED	/root/freya_audit/izlaz/UNITY_SOBE/SOBA_2_ZNANJE/PHONE_FULL_KNOWLEDGE_COPY_20260704_174201/root/FREYA_SSOT/08_EXTRACTED/5_default.tar.gz/mnt/obsidian/3_SISTEM_I_SKRIPTE/iphone_alpine_enforcer.sh
663329ecb9b140922799414b5468d1050c703d6ecd1357191c537de68a79cf28	244	UNCLASSIFIED	/root/freya_audit/izlaz/UNITY_SOBE/SOBA_2_ZNANJE/PHONE_FULL_KNOWLEDGE_COPY_20260704_174201/root/FREYA_SSOT/08_EXTRACTED/5_default.tar.gz/mnt/obsidian/3_SISTEM_I_SKRIPTE/titan_harvest_d.sh
7540f7ff4702d94e010e522ce9245d7a5a737194321c5bce42bc9c674e25c0cc	2160	UNCLASSIFIED	/root/freya_audit/izlaz/UNITY_SOBE/SOBA_2_ZNANJE/PHONE_FULL_KNOWLEDGE_COPY_20260704_174201/root/FREYA_SSOT/08_EXTRACTED/5_default.tar.gz/mnt/obsidian/3_SISTEM_I_SKRIPTE/titan_self_heal.sh
add66f64052807d790d491c99f4fdf6caa90b6d514ea81a1023452c32c914834	1941	UNCLASSIFIED	/root/freya_audit/izlaz/UNITY_SOBE/SOBA_2_ZNANJE/PHONE_FULL_KNOWLEDGE_COPY_20260704_174201/root/FREYA_SSOT/08_EXTRACTED/5_default.tar.gz/mnt/obsidian/3_SISTEM_I_SKRIPTE/titan_sentinel_d.sh
2a3ef469749b192cd3221414a9def375ae470da6b2d4fd2211af49534d1f7215	726	UNCLASSIFIED	/root/freya_audit/izlaz/UNITY_SOBE/SOBA_2_ZNANJE/PHONE_FULL_KNOWLEDGE_COPY_20260704_174201/root/FREYA_SSOT/08_EXTRACTED/5_default.tar.gz/root/Obsidian_Glavni_Trezor/3_SISTEM_I_SKRIPTE/auto_harvest.sh
70109eefd8468a9506fe0c1cae4ed70d8c4a4619caeda8ef143a1fe18e636b41	1389	UNCLASSIFIED	/root/freya_audit/izlaz/UNITY_SOBE/SOBA_2_ZNANJE/PHONE_FULL_KNOWLEDGE_COPY_20260704_174201/root/FREYA_SSOT/08_EXTRACTED/5_default.tar.gz/root/Obsidian_Glavni_Trezor/3_SISTEM_I_SKRIPTE/cmu_pregled.sh
e45aa1d3327f413932d35641cd5258a9b48100cc9f9f558537f165282ecf3d18	1831	UNCLASSIFIED	/root/freya_audit/izlaz/UNITY_SOBE/SOBA_2_ZNANJE/PHONE_FULL_KNOWLEDGE_COPY_20260704_174201/root/FREYA_SSOT/08_EXTRACTED/5_default.tar.gz/root/Obsidian_Glavni_Trezor/3_SISTEM_I_SKRIPTE/iphone_alpine_enforcer.sh
663329ecb9b140922799414b5468d1050c703d6ecd1357191c537de68a79cf28	244	UNCLASSIFIED	/root/freya_audit/izlaz/UNITY_SOBE/SOBA_2_ZNANJE/PHONE_FULL_KNOWLEDGE_COPY_20260704_174201/root/FREYA_SSOT/08_EXTRACTED/5_default.tar.gz/root/Obsidian_Glavni_Trezor/3_SISTEM_I_SKRIPTE/titan_harvest_d.sh
7540f7ff4702d94e010e522ce9245d7a5a737194321c5bce42bc9c674e25c0cc	2160	UNCLASSIFIED	/root/freya_audit/izlaz/UNITY_SOBE/SOBA_2_ZNANJE/PHONE_FULL_KNOWLEDGE_COPY_20260704_174201/root/FREYA_SSOT/08_EXTRACTED/5_default.tar.gz/root/Obsidian_Glavni_Trezor/3_SISTEM_I_SKRIPTE/titan_self_heal.sh
add66f64052807d790d491c99f4fdf6caa90b6d514ea81a1023452c32c914834	1941	UNCLASSIFIED	/root/freya_audit/izlaz/UNITY_SOBE/SOBA_2_ZNANJE/PHONE_FULL_KNOWLEDGE_COPY_20260704_174201/root/FREYA_SSOT/08_EXTRACTED/5_default.tar.gz/root/Obsidian_Glavni_Trezor/3_SISTEM_I_SKRIPTE/titan_sentinel_d.sh
2a3ef469749b192cd3221414a9def375ae470da6b2d4fd2211af49534d1f7215	726	UNCLASSIFIED	/root/freya_audit/izlaz/UNITY_SOBE/SOBA_2_ZNANJE/obsidian/3_SISTEM_I_SKRIPTE/auto_harvest.sh
70109eefd8468a9506fe0c1cae4ed70d8c4a4619caeda8ef143a1fe18e636b41	1389	UNCLASSIFIED	/root/freya_audit/izlaz/UNITY_SOBE/SOBA_2_ZNANJE/obsidian/3_SISTEM_I_SKRIPTE/cmu_pregled.sh
e45aa1d3327f413932d35641cd5258a9b48100cc9f9f558537f165282ecf3d18	1831	UNCLASSIFIED	/root/freya_audit/izlaz/UNITY_SOBE/SOBA_2_ZNANJE/obsidian/3_SISTEM_I_SKRIPTE/iphone_alpine_enforcer.sh
663329ecb9b140922799414b5468d1050c703d6ecd1357191c537de68a79cf28	244	UNCLASSIFIED	/root/freya_audit/izlaz/UNITY_SOBE/SOBA_2_ZNANJE/obsidian/3_SISTEM_I_SKRIPTE/titan_harvest_d.sh
7540f7ff4702d94e010e522ce9245d7a5a737194321c5bce42bc9c674e25c0cc	2160	UNCLASSIFIED	/root/freya_audit/izlaz/UNITY_SOBE/SOBA_2_ZNANJE/obsidian/3_SISTEM_I_SKRIPTE/titan_self_heal.sh
add66f64052807d790d491c99f4fdf6caa90b6d514ea81a1023452c32c914834	1941	UNCLASSIFIED	/root/freya_audit/izlaz/UNITY_SOBE/SOBA_2_ZNANJE/obsidian/3_SISTEM_I_SKRIPTE/titan_sentinel_d.sh
1e7139185effbcb68867da6a69210c11d366155a20e96361261df510efee84f9	1520	UNCLASSIFIED	/root/freya_audit/izlaz/UNITY_SOBE/SOBA_3_ALATI/ars_kalkulator.py
581e11ea845639fd8ebdb8d26e81fab146b9e6e33c9944866cded697fb04db23	1404	UNCLASSIFIED	/root/freya_audit/izlaz/UNITY_SOBE/SOBA_3_ALATI/ars_stvarnost.py
7afb3142651ad4fd75b28afed564a5e34ecca8ff3a479a3c9725bf7361701dd0	1831	UNCLASSIFIED	/root/freya_audit/izlaz/UNITY_SOBE/SOBA_3_ALATI/fast_unity_sync.sh
098b92aa0ea537ab80df90039c4701cb36e40f89d0187788d8c350b24365c364	1325	UNCLASSIFIED	/root/freya_audit/izlaz/UNITY_SOBE/SOBA_3_ALATI/gate_control.sh
cd522e136da39a8436ecab0929f384f77672032285c93e05ee7dd000d8d896fb	758	UNCLASSIFIED	/root/freya_audit/izlaz/UNITY_SOBE/SOBA_3_ALATI/hitna_lista.py
b440c25fdc2c27061a3bca3736265ddacec61355825e1aeaab1c254c079de03c	4048	ORCHESTRATOR	/root/freya_audit/izlaz/UNITY_SOBE/SOBA_3_ALATI/ish_zlato_NOW.sh
5ae20de2f27fa5483646eceb6d96a2bd8090c5caab29128ab6f1e69b95ce471e	1016	UNCLASSIFIED	/root/freya_audit/izlaz/UNITY_SOBE/SOBA_3_ALATI/linkedin_asistent.py
d4568397d4db1755648b2da8f4116a4c78e8515b0309b0752108f1e9657d9ad0	1046	UNCLASSIFIED	/root/freya_audit/izlaz/UNITY_SOBE/SOBA_3_ALATI/piton.py
77c07d0d3af7c19d15e3e4222f506c400ff2a8528ac27431ab3c1926c01cc034	1240	AGENT	/root/freya_audit/izlaz/UNITY_SOBE/SOBA_3_ALATI/politika.py
20eb829df9838b67bf97880c8bec6e05f1ec9df5b79c6748e9fc0d293ae54990	2589	UNCLASSIFIED	/root/freya_audit/izlaz/UNITY_SOBE/SOBA_3_ALATI/titan_self_heal_v2.sh
676e3a94d944f20c282571a10d45bb0934f8dad223d88770db7d86368d251f14	2776	UNCLASSIFIED	/root/freya_audit/izlaz/UNITY_SOBE/SOBA_3_ALATI/unity_dedup_sync.sh
d962a6daae792e6c4db32faa15a23612c851c6e4e7c750865c7ab97f68df5e55	1578	UNCLASSIFIED	/root/freya_audit/izlaz/UNITY_SOBE/SOBA_3_ALATI/vip_imenik.py
6d939f7ed28e24080198d3fec29e84044649d78adfd59f61e2ae6a0a65bcafed	757	UNCLASSIFIED	/root/freya_audit/izlaz/UNITY_SOBE/SOBA_4_SIGURNOST/freya_audit/faza10/hardening_closure.sh
458d6eeaf22838081a1ed106ebfa9e6e3a3e19f714ffc9aabf871540b1c47544	632	UNCLASSIFIED	/root/freya_audit/izlaz/UNITY_SOBE/SOBA_4_SIGURNOST/freya_audit/faza2/shortcuts_scanner.sh
4ce178aec92bd2f1ff4a891a30ed5f110b5eff4aafda35f39fe52876bac0a9fd	756	UNCLASSIFIED	/root/freya_audit/izlaz/UNITY_SOBE/SOBA_4_SIGURNOST/freya_audit/faza3/network_comm_audit.sh
acb36d6a59335b039be466d98810fd19237a6e20a613120c4d86bdb29e5be2e5	653	UNCLASSIFIED	/root/freya_audit/izlaz/UNITY_SOBE/SOBA_4_SIGURNOST/freya_audit/faza4/fs_artifacts_audit.sh
76b45dd16fec7bf1b9d75adc855d287b9e93323a13796a36b94e2907dc2767e3	778	UNCLASSIFIED	/root/freya_audit/izlaz/UNITY_SOBE/SOBA_4_SIGURNOST/freya_audit/faza5/cloud_account_audit.sh
b07f4989c599a606f3cb1a411b525ce0b74d0513dc1570be362500fb8742132d	805	UNCLASSIFIED	/root/freya_audit/izlaz/UNITY_SOBE/SOBA_4_SIGURNOST/freya_audit/faza6/app_sandbox_audit.sh
dd7fb01b8777b7264369f2936126199bf6e40a8f69da335854963c87bf551244	768	UNCLASSIFIED	/root/freya_audit/izlaz/UNITY_SOBE/SOBA_4_SIGURNOST/freya_audit/faza7/hardware_boot_audit.sh
e0a272c590251495a9a5d0a6df2533bd8d789f41f95a4f3341cc5e1983e2a018	770	UNCLASSIFIED	/root/freya_audit/izlaz/UNITY_SOBE/SOBA_4_SIGURNOST/freya_audit/faza8/user_activity_audit.sh
43390d610229bbccf1b416f71494bb167291bbfaa4d19c98ec4de482877e7438	858	UNCLASSIFIED	/root/freya_audit/izlaz/UNITY_SOBE/SOBA_4_SIGURNOST/freya_audit/faza9/spyware_jb_detect.sh
4853ac50441192249a12dc58e429d73b0bcbd56be53605630e1cdda9e10b40d1	2105	UNCLASSIFIED	/root/freya_audit/izlaz/UNITY_SOBE/SOBA_4_SIGURNOST/freya_audit/freya_cleaner.sh
a6040731e0e5aad37722b5d14ab4dba3b828c32f55e561ed253e63cb24ae146f	1955	UNCLASSIFIED	/root/freya_audit/izlaz/UNITY_SOBE/SOBA_4_SIGURNOST/freya_audit/upload_server.py
1e7139185effbcb68867da6a69210c11d366155a20e96361261df510efee84f9	1520	UNCLASSIFIED	/root/freya_audit/izlaz/UNITY_SOBE/ars_kalkulator.py
581e11ea845639fd8ebdb8d26e81fab146b9e6e33c9944866cded697fb04db23	1404	UNCLASSIFIED	/root/freya_audit/izlaz/UNITY_SOBE/ars_stvarnost.py
7afb3142651ad4fd75b28afed564a5e34ecca8ff3a479a3c9725bf7361701dd0	1831	UNCLASSIFIED	/root/freya_audit/izlaz/UNITY_SOBE/fast_unity_sync.sh
098b92aa0ea537ab80df90039c4701cb36e40f89d0187788d8c350b24365c364	1325	UNCLASSIFIED	/root/freya_audit/izlaz/UNITY_SOBE/gate_control.sh
cd522e136da39a8436ecab0929f384f77672032285c93e05ee7dd000d8d896fb	758	UNCLASSIFIED	/root/freya_audit/izlaz/UNITY_SOBE/hitna_lista.py
b440c25fdc2c27061a3bca3736265ddacec61355825e1aeaab1c254c079de03c	4048	ORCHESTRATOR	/root/freya_audit/izlaz/UNITY_SOBE/ish_zlato_NOW.sh
5ae20de2f27fa5483646eceb6d96a2bd8090c5caab29128ab6f1e69b95ce471e	1016	UNCLASSIFIED	/root/freya_audit/izlaz/UNITY_SOBE/linkedin_asistent.py
d4568397d4db1755648b2da8f4116a4c78e8515b0309b0752108f1e9657d9ad0	1046	UNCLASSIFIED	/root/freya_audit/izlaz/UNITY_SOBE/piton.py
77c07d0d3af7c19d15e3e4222f506c400ff2a8528ac27431ab3c1926c01cc034	1240	AGENT	/root/freya_audit/izlaz/UNITY_SOBE/politika.py
20eb829df9838b67bf97880c8bec6e05f1ec9df5b79c6748e9fc0d293ae54990	2589	UNCLASSIFIED	/root/freya_audit/izlaz/UNITY_SOBE/titan_self_heal_v2.sh
676e3a94d944f20c282571a10d45bb0934f8dad223d88770db7d86368d251f14	2776	UNCLASSIFIED	/root/freya_audit/izlaz/UNITY_SOBE/unity_dedup_sync.sh
d962a6daae792e6c4db32faa15a23612c851c6e4e7c750865c7ab97f68df5e55	1578	UNCLASSIFIED	/root/freya_audit/izlaz/UNITY_SOBE/vip_imenik.py
1e7139185effbcb68867da6a69210c11d366155a20e96361261df510efee84f9	1520	UNCLASSIFIED	/root/freya_audit/izlaz/ars_kalkulator.py
581e11ea845639fd8ebdb8d26e81fab146b9e6e33c9944866cded697fb04db23	1404	UNCLASSIFIED	/root/freya_audit/izlaz/ars_stvarnost.py
7afb3142651ad4fd75b28afed564a5e34ecca8ff3a479a3c9725bf7361701dd0	1831	UNCLASSIFIED	/root/freya_audit/izlaz/fast_unity_sync.sh
098b92aa0ea537ab80df90039c4701cb36e40f89d0187788d8c350b24365c364	1325	UNCLASSIFIED	/root/freya_audit/izlaz/gate_control.sh
cd522e136da39a8436ecab0929f384f77672032285c93e05ee7dd000d8d896fb	758	UNCLASSIFIED	/root/freya_audit/izlaz/hitna_lista.py
b440c25fdc2c27061a3bca3736265ddacec61355825e1aeaab1c254c079de03c	4048	ORCHESTRATOR	/root/freya_audit/izlaz/ish_zlato_NOW.sh
5ae20de2f27fa5483646eceb6d96a2bd8090c5caab29128ab6f1e69b95ce471e	1016	UNCLASSIFIED	/root/freya_audit/izlaz/linkedin_asistent.py
d4568397d4db1755648b2da8f4116a4c78e8515b0309b0752108f1e9657d9ad0	1046	UNCLASSIFIED	/root/freya_audit/izlaz/piton.py
77c07d0d3af7c19d15e3e4222f506c400ff2a8528ac27431ab3c1926c01cc034	1240	AGENT	/root/freya_audit/izlaz/politika.py
20eb829df9838b67bf97880c8bec6e05f1ec9df5b79c6748e9fc0d293ae54990	2589	UNCLASSIFIED	/root/freya_audit/izlaz/titan_self_heal_v2.sh
676e3a94d944f20c282571a10d45bb0934f8dad223d88770db7d86368d251f14	2776	UNCLASSIFIED	/root/freya_audit/izlaz/unity_dedup_sync.sh
d962a6daae792e6c4db32faa15a23612c851c6e4e7c750865c7ab97f68df5e55	1578	UNCLASSIFIED	/root/freya_audit/izlaz/vip_imenik.py
a6040731e0e5aad37722b5d14ab4dba3b828c32f55e561ed253e63cb24ae146f	1955	UNCLASSIFIED	/root/freya_audit/upload_server.py
