code,scenario,category,mutation_style,wardrobe,environment,expression,shot_type,accessory,lighting,camera,risk_score,risk_driver,rationale,prompt_grok,negative_prompt
MUT_001,business,business,safe,structured navy business suit,glass-and-steel boardroom,credible and high-authority,head-and-shoulders portrait,minimal jewelry,"soft studio lighting, even illumination, no harsh shadows, natural skin texture","ultra-realistic photography, 85mm lens, shallow depth of field, high facial fidelity",3,none,"Safe mutation: only wardrobe, environment, expression, shot, or accessory changed.","Same exact woman across all images, identity locked, preserve exact facial geometry, same bone structure, same eye shape, same nose shape, same jawline, no variation in facial structure. No beauty filter, no stylization drift, no face reshaping, no glamor retouching, visible natural skin texture. head-and-shoulders portrait. Wearing structured navy business suit. Environment: glass-and-steel boardroom. Expression: credible and high-authority. Accessories: minimal jewelry. Lighting: soft studio lighting, even illumination, no harsh shadows, natural skin texture. Camera: ultra-realistic photography, 85mm lens, shallow depth of field, high facial fidelity. Category: business.","different person, identity drift, face reshaping, beautification distortion, anime, cartoon, stylized skin, waxy skin, deformed eyes, asymmetrical face, extreme retouching, altered bone structure, blur"
MUT_003,business,business,safe,structured navy business suit,neutral studio background,analytical and confident,head-and-shoulders portrait,minimal jewelry,"soft studio lighting, even illumination, no harsh shadows, natural skin texture","ultra-realistic photography, 85mm lens, shallow depth of field, high facial fidelity",1,none,"Safe mutation: only wardrobe, environment, expression, shot, or accessory changed.","Same exact woman across all images, identity locked, preserve exact facial geometry, same bone structure, same eye shape, same nose shape, same jawline, no variation in facial structure. No beauty filter, no stylization drift, no face reshaping, no glamor retouching, visible natural skin texture. head-and-shoulders portrait. Wearing structured navy business suit. Environment: neutral studio background. Expression: analytical and confident. Accessories: minimal jewelry. Lighting: soft studio lighting, even illumination, no harsh shadows, natural skin texture. Camera: ultra-realistic photography, 85mm lens, shallow depth of field, high facial fidelity. Category: business.","different person, identity drift, face reshaping, beautification distortion, anime, cartoon, stylized skin, waxy skin, deformed eyes, asymmetrical face, extreme retouching, altered bone structure, blur"
MUT_004,business,business,safe,structured navy business suit,glass-and-steel boardroom,authoritative and composed,three-quarter corporate portrait,minimal jewelry,"soft studio lighting, even illumination, no harsh shadows, natural skin texture","ultra-realistic photography, 85mm lens, shallow depth of field, high facial fidelity",3,none,"Safe mutation: only wardrobe, environment, expression, shot, or accessory changed.","Same exact woman across all images, identity locked, preserve exact facial geometry, same bone structure, same eye shape, same nose shape, same jawline, no variation in facial structure. No beauty filter, no stylization drift, no face reshaping, no glamor retouching, visible natural skin texture. three-quarter corporate portrait. Wearing structured navy business suit. Environment: glass-and-steel boardroom. Expression: authoritative and composed. Accessories: minimal jewelry. Lighting: soft studio lighting, even illumination, no harsh shadows, natural skin texture. Camera: ultra-realistic photography, 85mm lens, shallow depth of field, high facial fidelity. Category: business.","different person, identity drift, face reshaping, beautification distortion, anime, cartoon, stylized skin, waxy skin, deformed eyes, asymmetrical face, extreme retouching, altered bone structure, blur"
MUT_005,business,business,safe,structured navy business suit,neutral studio background,authoritative and composed,three-quarter corporate portrait,no jewelry,"soft studio lighting, even illumination, no harsh shadows, natural skin texture","ultra-realistic photography, 85mm lens, shallow depth of field, high facial fidelity",1,none,"Safe mutation: only wardrobe, environment, expression, shot, or accessory changed.","Same exact woman across all images, identity locked, preserve exact facial geometry, same bone structure, same eye shape, same nose shape, same jawline, no variation in facial structure. No beauty filter, no stylization drift, no face reshaping, no glamor retouching, visible natural skin texture. three-quarter corporate portrait. Wearing structured navy business suit. Environment: neutral studio background. Expression: authoritative and composed. Lighting: soft studio lighting, even illumination, no harsh shadows, natural skin texture. Camera: ultra-realistic photography, 85mm lens, shallow depth of field, high facial fidelity. Category: business.","different person, identity drift, face reshaping, beautification distortion, anime, cartoon, stylized skin, waxy skin, deformed eyes, asymmetrical face, extreme retouching, altered bone structure, blur"
MUT_006,business,business,safe,tailored black blazer with white shirt,neutral studio background,credible and high-authority,three-quarter corporate portrait,no jewelry,"soft studio lighting, even illumination, no harsh shadows, natural skin texture","ultra-realistic photography, 85mm lens, shallow depth of field, high facial fidelity",2,none,"Safe mutation: only wardrobe, environment, expression, shot, or accessory changed.","Same exact woman across all images, identity locked, preserve exact facial geometry, same bone structure, same eye shape, same nose shape, same jawline, no variation in facial structure. No beauty filter, no stylization drift, no face reshaping, no glamor retouching, visible natural skin texture. three-quarter corporate portrait. Wearing tailored black blazer with white shirt. Environment: neutral studio background. Expression: credible and high-authority. Lighting: soft studio lighting, even illumination, no harsh shadows, natural skin texture. Camera: ultra-realistic photography, 85mm lens, shallow depth of field, high facial fidelity. Category: business.","different person, identity drift, face reshaping, beautification distortion, anime, cartoon, stylized skin, waxy skin, deformed eyes, asymmetrical face, extreme retouching, altered bone structure, blur"
MUT_007,business,business,safe,charcoal blazer with minimal jewelry,neutral studio background,analytical and confident,head-and-shoulders portrait,minimal jewelry,"soft studio lighting, even illumination, no harsh shadows, natural skin texture","ultra-realistic photography, 85mm lens, shallow depth of field, high facial fidelity",2,none,"Safe mutation: only wardrobe, environment, expression, shot, or accessory changed.","Same exact woman across all images, identity locked, preserve exact facial geometry, same bone structure, same eye shape, same nose shape, same jawline, no variation in facial structure. No beauty filter, no stylization drift, no face reshaping, no glamor retouching, visible natural skin texture. head-and-shoulders portrait. Wearing charcoal blazer with minimal jewelry. Environment: neutral studio background. Expression: analytical and confident. Accessories: minimal jewelry. Lighting: soft studio lighting, even illumination, no harsh shadows, natural skin texture. Camera: ultra-realistic photography, 85mm lens, shallow depth of field, high facial fidelity. Category: business.","different person, identity drift, face reshaping, beautification distortion, anime, cartoon, stylized skin, waxy skin, deformed eyes, asymmetrical face, extreme retouching, altered bone structure, blur"
MUT_008,investor,investor,safe,formal dark blazer and light blouse,institutional finance setting,serious and credible,seated boardroom portrait,minimal jewelry,"soft studio lighting, even illumination, no harsh shadows, natural skin texture","ultra-realistic photography, 85mm lens, shallow depth of field, high facial fidelity",3,none,"Safe mutation: only wardrobe, environment, expression, shot, or accessory changed.","Same exact woman across all images, identity locked, preserve exact facial geometry, same bone structure, same eye shape, same nose shape, same jawline, no variation in facial structure. No beauty filter, no stylization drift, no face reshaping, no glamor retouching, visible natural skin texture. seated boardroom portrait. Wearing formal dark blazer and light blouse. Environment: institutional finance setting. Expression: serious and credible. Accessories: minimal jewelry. Lighting: soft studio lighting, even illumination, no harsh shadows, natural skin texture. Camera: ultra-realistic photography, 85mm lens, shallow depth of field, high facial fidelity. Category: investor.","different person, identity drift, face reshaping, beautification distortion, anime, cartoon, stylized skin, waxy skin, deformed eyes, asymmetrical face, extreme retouching, altered bone structure, blur"
MUT_009,investor,investor,safe,luxury minimalist business suit,institutional finance setting,calm and intelligent,formal institutional portrait,minimal jewelry,"soft studio lighting, even illumination, no harsh shadows, natural skin texture","ultra-realistic photography, 85mm lens, shallow depth of field, high facial fidelity",3,none,"Safe mutation: only wardrobe, environment, expression, shot, or accessory changed.","Same exact woman across all images, identity locked, preserve exact facial geometry, same bone structure, same eye shape, same nose shape, same jawline, no variation in facial structure. No beauty filter, no stylization drift, no face reshaping, no glamor retouching, visible natural skin texture. formal institutional portrait. Wearing luxury minimalist business suit. Environment: institutional finance setting. Expression: calm and intelligent. Accessories: minimal jewelry. Lighting: soft studio lighting, even illumination, no harsh shadows, natural skin texture. Camera: ultra-realistic photography, 85mm lens, shallow depth of field, high facial fidelity. Category: investor.","different person, identity drift, face reshaping, beautification distortion, anime, cartoon, stylized skin, waxy skin, deformed eyes, asymmetrical face, extreme retouching, altered bone structure, blur"
MUT_010,investor,investor,safe,structured dark suit,institutional finance setting,serious and credible,formal institutional portrait,minimal jewelry,"soft studio lighting, even illumination, no harsh shadows, natural skin texture","ultra-realistic photography, 85mm lens, shallow depth of field, high facial fidelity",2,none,"Safe mutation: only wardrobe, environment, expression, shot, or accessory changed.","Same exact woman across all images, identity locked, preserve exact facial geometry, same bone structure, same eye shape, same nose shape, same jawline, no variation in facial structure. No beauty filter, no stylization drift, no face reshaping, no glamor retouching, visible natural skin texture. formal institutional portrait. Wearing structured dark suit. Environment: institutional finance setting. Expression: serious and credible. Accessories: minimal jewelry. Lighting: soft studio lighting, even illumination, no harsh shadows, natural skin texture. Camera: ultra-realistic photography, 85mm lens, shallow depth of field, high facial fidelity. Category: investor.","different person, identity drift, face reshaping, beautification distortion, anime, cartoon, stylized skin, waxy skin, deformed eyes, asymmetrical face, extreme retouching, altered bone structure, blur"
MUT_011,business,business,safe,structured navy business suit,glass-and-steel boardroom,authoritative and composed,head-and-shoulders portrait,minimal jewelry,"soft studio lighting, even illumination, no harsh shadows, natural skin texture","ultra-realistic photography, 85mm lens, shallow depth of field, high facial fidelity",2,none,"Safe mutation: only wardrobe, environment, expression, shot, or accessory changed.","Same exact woman across all images, identity locked, preserve exact facial geometry, same bone structure, same eye shape, same nose shape, same jawline, no variation in facial structure. No beauty filter, no stylization drift, no face reshaping, no glamor retouching, visible natural skin texture. head-and-shoulders portrait. Wearing structured navy business suit. Environment: glass-and-steel boardroom. Expression: authoritative and composed. Accessories: minimal jewelry. Lighting: soft studio lighting, even illumination, no harsh shadows, natural skin texture. Camera: ultra-realistic photography, 85mm lens, shallow depth of field, high facial fidelity. Category: business.","different person, identity drift, face reshaping, beautification distortion, anime, cartoon, stylized skin, waxy skin, deformed eyes, asymmetrical face, extreme retouching, altered bone structure, blur"
MUT_012,business,business,safe,tailored black blazer with white shirt,glass-and-steel boardroom,authoritative and composed,three-quarter corporate portrait,no jewelry,"soft studio lighting, even illumination, no harsh shadows, natural skin texture","ultra-realistic photography, 85mm lens, shallow depth of field, high facial fidelity",2,none,"Safe mutation: only wardrobe, environment, expression, shot, or accessory changed.","Same exact woman across all images, identity locked, preserve exact facial geometry, same bone structure, same eye shape, same nose shape, same jawline, no variation in facial structure. No beauty filter, no stylization drift, no face reshaping, no glamor retouching, visible natural skin texture. three-quarter corporate portrait. Wearing tailored black blazer with white shirt. Environment: glass-and-steel boardroom. Expression: authoritative and composed. Lighting: soft studio lighting, even illumination, no harsh shadows, natural skin texture. Camera: ultra-realistic photography, 85mm lens, shallow depth of field, high facial fidelity. Category: business.","different person, identity drift, face reshaping, beautification distortion, anime, cartoon, stylized skin, waxy skin, deformed eyes, asymmetrical face, extreme retouching, altered bone structure, blur"
MUT_013,investor,investor,safe,luxury minimalist business suit,institutional finance setting,calm and intelligent,formal institutional portrait,no jewelry,"soft studio lighting, even illumination, no harsh shadows, natural skin texture","ultra-realistic photography, 85mm lens, shallow depth of field, high facial fidelity",2,none,"Safe mutation: only wardrobe, environment, expression, shot, or accessory changed.","Same exact woman across all images, identity locked, preserve exact facial geometry, same bone structure, same eye shape, same nose shape, same jawline, no variation in facial structure. No beauty filter, no stylization drift, no face reshaping, no glamor retouching, visible natural skin texture. formal institutional portrait. Wearing luxury minimalist business suit. Environment: institutional finance setting. Expression: calm and intelligent. Lighting: soft studio lighting, even illumination, no harsh shadows, natural skin texture. Camera: ultra-realistic photography, 85mm lens, shallow depth of field, high facial fidelity. Category: investor.","different person, identity drift, face reshaping, beautification distortion, anime, cartoon, stylized skin, waxy skin, deformed eyes, asymmetrical face, extreme retouching, altered bone structure, blur"
MUT_014,investor,investor,safe,structured dark suit,institutional finance setting,calm and intelligent,seated boardroom portrait,no jewelry,"soft studio lighting, even illumination, no harsh shadows, natural skin texture","ultra-realistic photography, 85mm lens, shallow depth of field, high facial fidelity",2,none,"Safe mutation: only wardrobe, environment, expression, shot, or accessory changed.","Same exact woman across all images, identity locked, preserve exact facial geometry, same bone structure, same eye shape, same nose shape, same jawline, no variation in facial structure. No beauty filter, no stylization drift, no face reshaping, no glamor retouching, visible natural skin texture. seated boardroom portrait. Wearing structured dark suit. Environment: institutional finance setting. Expression: calm and intelligent. Lighting: soft studio lighting, even illumination, no harsh shadows, natural skin texture. Camera: ultra-realistic photography, 85mm lens, shallow depth of field, high facial fidelity. Category: investor.","different person, identity drift, face reshaping, beautification distortion, anime, cartoon, stylized skin, waxy skin, deformed eyes, asymmetrical face, extreme retouching, altered bone structure, blur"
MUT_015,investor,investor,safe,structured dark suit,European investment bank style interior,serious and credible,seated boardroom portrait,no jewelry,"soft studio lighting, even illumination, no harsh shadows, natural skin texture","ultra-realistic photography, 85mm lens, shallow depth of field, high facial fidelity",2,none,"Safe mutation: only wardrobe, environment, expression, shot, or accessory changed.","Same exact woman across all images, identity locked, preserve exact facial geometry, same bone structure, same eye shape, same nose shape, same jawline, no variation in facial structure. No beauty filter, no stylization drift, no face reshaping, no glamor retouching, visible natural skin texture. seated boardroom portrait. Wearing structured dark suit. Environment: European investment bank style interior. Expression: serious and credible. Lighting: soft studio lighting, even illumination, no harsh shadows, natural skin texture. Camera: ultra-realistic photography, 85mm lens, shallow depth of field, high facial fidelity. Category: investor.","different person, identity drift, face reshaping, beautification distortion, anime, cartoon, stylized skin, waxy skin, deformed eyes, asymmetrical face, extreme retouching, altered bone structure, blur"
MUT_016,investor,investor,safe,formal dark blazer and light blouse,formal meeting room,strategic and composed,formal institutional portrait,no jewelry,"soft studio lighting, even illumination, no harsh shadows, natural skin texture","ultra-realistic photography, 85mm lens, shallow depth of field, high facial fidelity",1,none,"Safe mutation: only wardrobe, environment, expression, shot, or accessory changed.","Same exact woman across all images, identity locked, preserve exact facial geometry, same bone structure, same eye shape, same nose shape, same jawline, no variation in facial structure. No beauty filter, no stylization drift, no face reshaping, no glamor retouching, visible natural skin texture. formal institutional portrait. Wearing formal dark blazer and light blouse. Environment: formal meeting room. Expression: strategic and composed. Lighting: soft studio lighting, even illumination, no harsh shadows, natural skin texture. Camera: ultra-realistic photography, 85mm lens, shallow depth of field, high facial fidelity. Category: investor.","different person, identity drift, face reshaping, beautification distortion, anime, cartoon, stylized skin, waxy skin, deformed eyes, asymmetrical face, extreme retouching, altered bone structure, blur"
MUT_017,control,control,safe,neutral clothing with no distraction,plain neutral background,neutral expression,front-facing validation portrait,minimal jewelry,"soft studio lighting, even illumination, no harsh shadows, natural skin texture","ultra-realistic photography, 85mm lens, shallow depth of field, high facial fidelity",1,none,"Safe mutation: only wardrobe, environment, expression, shot, or accessory changed.","Same exact woman across all images, identity locked, preserve exact facial geometry, same bone structure, same eye shape, same nose shape, same jawline, no variation in facial structure. No beauty filter, no stylization drift, no face reshaping, no glamor retouching, visible natural skin texture. front-facing validation portrait. Wearing neutral clothing with no distraction. Environment: plain neutral background. Expression: neutral expression. Accessories: minimal jewelry. Lighting: soft studio lighting, even illumination, no harsh shadows, natural skin texture. Camera: ultra-realistic photography, 85mm lens, shallow depth of field, high facial fidelity. Category: control.","different person, identity drift, face reshaping, beautification distortion, anime, cartoon, stylized skin, waxy skin, deformed eyes, asymmetrical face, extreme retouching, altered bone structure, blur"
MUT_018,business,business,safe,structured navy business suit,clean corporate backdrop,credible and high-authority,three-quarter corporate portrait,minimal jewelry,"soft studio lighting, even illumination, no harsh shadows, natural skin texture","ultra-realistic photography, 85mm lens, shallow depth of field, high facial fidelity",3,none,"Safe mutation: only wardrobe, environment, expression, shot, or accessory changed.","Same exact woman across all images, identity locked, preserve exact facial geometry, same bone structure, same eye shape, same nose shape, same jawline, no variation in facial structure. No beauty filter, no stylization drift, no face reshaping, no glamor retouching, visible natural skin texture. three-quarter corporate portrait. Wearing structured navy business suit. Environment: clean corporate backdrop. Expression: credible and high-authority. Accessories: minimal jewelry. Lighting: soft studio lighting, even illumination, no harsh shadows, natural skin texture. Camera: ultra-realistic photography, 85mm lens, shallow depth of field, high facial fidelity. Category: business.","different person, identity drift, face reshaping, beautification distortion, anime, cartoon, stylized skin, waxy skin, deformed eyes, asymmetrical face, extreme retouching, altered bone structure, blur"
MUT_019,control,control,safe,neutral clothing with no distraction,clean studio backdrop,neutral expression,head-and-shoulders portrait,no jewelry,"soft studio lighting, even illumination, no harsh shadows, natural skin texture","ultra-realistic photography, 85mm lens, shallow depth of field, high facial fidelity",0,none,"Safe mutation: only wardrobe, environment, expression, shot, or accessory changed.","Same exact woman across all images, identity locked, preserve exact facial geometry, same bone structure, same eye shape, same nose shape, same jawline, no variation in facial structure. No beauty filter, no stylization drift, no face reshaping, no glamor retouching, visible natural skin texture. head-and-shoulders portrait. Wearing neutral clothing with no distraction. Environment: clean studio backdrop. Expression: neutral expression. Lighting: soft studio lighting, even illumination, no harsh shadows, natural skin texture. Camera: ultra-realistic photography, 85mm lens, shallow depth of field, high facial fidelity. Category: control.","different person, identity drift, face reshaping, beautification distortion, anime, cartoon, stylized skin, waxy skin, deformed eyes, asymmetrical face, extreme retouching, altered bone structure, blur"
MUT_020,investor,investor,safe,formal dark blazer and light blouse,formal meeting room,serious and credible,seated boardroom portrait,no jewelry,"soft studio lighting, even illumination, no harsh shadows, natural skin texture","ultra-realistic photography, 85mm lens, shallow depth of field, high facial fidelity",2,none,"Safe mutation: only wardrobe, environment, expression, shot, or accessory changed.","Same exact woman across all images, identity locked, preserve exact facial geometry, same bone structure, same eye shape, same nose shape, same jawline, no variation in facial structure. No beauty filter, no stylization drift, no face reshaping, no glamor retouching, visible natural skin texture. seated boardroom portrait. Wearing formal dark blazer and light blouse. Environment: formal meeting room. Expression: serious and credible. Lighting: soft studio lighting, even illumination, no harsh shadows, natural skin texture. Camera: ultra-realistic photography, 85mm lens, shallow depth of field, high facial fidelity. Category: investor.","different person, identity drift, face reshaping, beautification distortion, anime, cartoon, stylized skin, waxy skin, deformed eyes, asymmetrical face, extreme retouching, altered bone structure, blur"
MUT_021,business,business,safe,tailored black blazer with white shirt,clean corporate backdrop,analytical and confident,head-and-shoulders portrait,no jewelry,"soft studio lighting, even illumination, no harsh shadows, natural skin texture","ultra-realistic photography, 85mm lens, shallow depth of field, high facial fidelity",0,none,"Safe mutation: only wardrobe, environment, expression, shot, or accessory changed.","Same exact woman across all images, identity locked, preserve exact facial geometry, same bone structure, same eye shape, same nose shape, same jawline, no variation in facial structure. No beauty filter, no stylization drift, no face reshaping, no glamor retouching, visible natural skin texture. head-and-shoulders portrait. Wearing tailored black blazer with white shirt. Environment: clean corporate backdrop. Expression: analytical and confident. Lighting: soft studio lighting, even illumination, no harsh shadows, natural skin texture. Camera: ultra-realistic photography, 85mm lens, shallow depth of field, high facial fidelity. Category: business.","different person, identity drift, face reshaping, beautification distortion, anime, cartoon, stylized skin, waxy skin, deformed eyes, asymmetrical face, extreme retouching, altered bone structure, blur"
MUT_022,business,business,safe,structured navy business suit,neutral studio background,authoritative and composed,head-and-shoulders portrait,minimal jewelry,"soft studio lighting, even illumination, no harsh shadows, natural skin texture","ultra-realistic photography, 85mm lens, shallow depth of field, high facial fidelity",1,none,"Safe mutation: only wardrobe, environment, expression, shot, or accessory changed.","Same exact woman across all images, identity locked, preserve exact facial geometry, same bone structure, same eye shape, same nose shape, same jawline, no variation in facial structure. No beauty filter, no stylization drift, no face reshaping, no glamor retouching, visible natural skin texture. head-and-shoulders portrait. Wearing structured navy business suit. Environment: neutral studio background. Expression: authoritative and composed. Accessories: minimal jewelry. Lighting: soft studio lighting, even illumination, no harsh shadows, natural skin texture. Camera: ultra-realistic photography, 85mm lens, shallow depth of field, high facial fidelity. Category: business.","different person, identity drift, face reshaping, beautification distortion, anime, cartoon, stylized skin, waxy skin, deformed eyes, asymmetrical face, extreme retouching, altered bone structure, blur"
MUT_023,investor,investor,safe,formal dark blazer and light blouse,formal meeting room,strategic and composed,seated boardroom portrait,minimal jewelry,"soft studio lighting, even illumination, no harsh shadows, natural skin texture","ultra-realistic photography, 85mm lens, shallow depth of field, high facial fidelity",3,none,"Safe mutation: only wardrobe, environment, expression, shot, or accessory changed.","Same exact woman across all images, identity locked, preserve exact facial geometry, same bone structure, same eye shape, same nose shape, same jawline, no variation in facial structure. No beauty filter, no stylization drift, no face reshaping, no glamor retouching, visible natural skin texture. seated boardroom portrait. Wearing formal dark blazer and light blouse. Environment: formal meeting room. Expression: strategic and composed. Accessories: minimal jewelry. Lighting: soft studio lighting, even illumination, no harsh shadows, natural skin texture. Camera: ultra-realistic photography, 85mm lens, shallow depth of field, high facial fidelity. Category: investor.","different person, identity drift, face reshaping, beautification distortion, anime, cartoon, stylized skin, waxy skin, deformed eyes, asymmetrical face, extreme retouching, altered bone structure, blur"
MUT_024,business,business,safe,dark blazer and light blouse,neutral studio background,analytical and confident,three-quarter corporate portrait,no jewelry,"soft studio lighting, even illumination, no harsh shadows, natural skin texture","ultra-realistic photography, 85mm lens, shallow depth of field, high facial fidelity",1,none,"Safe mutation: only wardrobe, environment, expression, shot, or accessory changed.","Same exact woman across all images, identity locked, preserve exact facial geometry, same bone structure, same eye shape, same nose shape, same jawline, no variation in facial structure. No beauty filter, no stylization drift, no face reshaping, no glamor retouching, visible natural skin texture. three-quarter corporate portrait. Wearing dark blazer and light blouse. Environment: neutral studio background. Expression: analytical and confident. Lighting: soft studio lighting, even illumination, no harsh shadows, natural skin texture. Camera: ultra-realistic photography, 85mm lens, shallow depth of field, high facial fidelity. Category: business.","different person, identity drift, face reshaping, beautification distortion, anime, cartoon, stylized skin, waxy skin, deformed eyes, asymmetrical face, extreme retouching, altered bone structure, blur"
MUT_025,business,business,safe,tailored black blazer with white shirt,clean corporate backdrop,credible and high-authority,head-and-shoulders portrait,minimal jewelry,"soft studio lighting, even illumination, no harsh shadows, natural skin texture","ultra-realistic photography, 85mm lens, shallow depth of field, high facial fidelity",2,none,"Safe mutation: only wardrobe, environment, expression, shot, or accessory changed.","Same exact woman across all images, identity locked, preserve exact facial geometry, same bone structure, same eye shape, same nose shape, same jawline, no variation in facial structure. No beauty filter, no stylization drift, no face reshaping, no glamor retouching, visible natural skin texture. head-and-shoulders portrait. Wearing tailored black blazer with white shirt. Environment: clean corporate backdrop. Expression: credible and high-authority. Accessories: minimal jewelry. Lighting: soft studio lighting, even illumination, no harsh shadows, natural skin texture. Camera: ultra-realistic photography, 85mm lens, shallow depth of field, high facial fidelity. Category: business.","different person, identity drift, face reshaping, beautification distortion, anime, cartoon, stylized skin, waxy skin, deformed eyes, asymmetrical face, extreme retouching, altered bone structure, blur"
MUT_026,business,business,safe,charcoal blazer with minimal jewelry,glass-and-steel boardroom,authoritative and composed,head-and-shoulders portrait,minimal jewelry,"soft studio lighting, even illumination, no harsh shadows, natural skin texture","ultra-realistic photography, 85mm lens, shallow depth of field, high facial fidelity",3,none,"Safe mutation: only wardrobe, environment, expression, shot, or accessory changed.","Same exact woman across all images, identity locked, preserve exact facial geometry, same bone structure, same eye shape, same nose shape, same jawline, no variation in facial structure. No beauty filter, no stylization drift, no face reshaping, no glamor retouching, visible natural skin texture. head-and-shoulders portrait. Wearing charcoal blazer with minimal jewelry. Environment: glass-and-steel boardroom. Expression: authoritative and composed. Accessories: minimal jewelry. Lighting: soft studio lighting, even illumination, no harsh shadows, natural skin texture. Camera: ultra-realistic photography, 85mm lens, shallow depth of field, high facial fidelity. Category: business.","different person, identity drift, face reshaping, beautification distortion, anime, cartoon, stylized skin, waxy skin, deformed eyes, asymmetrical face, extreme retouching, altered bone structure, blur"
MUT_027,business,business,safe,charcoal blazer with minimal jewelry,executive office interior,credible and high-authority,head-and-shoulders portrait,no jewelry,"soft studio lighting, even illumination, no harsh shadows, natural skin texture","ultra-realistic photography, 85mm lens, shallow depth of field, high facial fidelity",3,none,"Safe mutation: only wardrobe, environment, expression, shot, or accessory changed.","Same exact woman across all images, identity locked, preserve exact facial geometry, same bone structure, same eye shape, same nose shape, same jawline, no variation in facial structure. No beauty filter, no stylization drift, no face reshaping, no glamor retouching, visible natural skin texture. head-and-shoulders portrait. Wearing charcoal blazer with minimal jewelry. Environment: executive office interior. Expression: credible and high-authority. Lighting: soft studio lighting, even illumination, no harsh shadows, natural skin texture. Camera: ultra-realistic photography, 85mm lens, shallow depth of field, high facial fidelity. Category: business.","different person, identity drift, face reshaping, beautification distortion, anime, cartoon, stylized skin, waxy skin, deformed eyes, asymmetrical face, extreme retouching, altered bone structure, blur"
MUT_028,business,business,safe,tailored black blazer with white shirt,executive office interior,authoritative and composed,head-and-shoulders portrait,no jewelry,"soft studio lighting, even illumination, no harsh shadows, natural skin texture","ultra-realistic photography, 85mm lens, shallow depth of field, high facial fidelity",1,none,"Safe mutation: only wardrobe, environment, expression, shot, or accessory changed.","Same exact woman across all images, identity locked, preserve exact facial geometry, same bone structure, same eye shape, same nose shape, same jawline, no variation in facial structure. No beauty filter, no stylization drift, no face reshaping, no glamor retouching, visible natural skin texture. head-and-shoulders portrait. Wearing tailored black blazer with white shirt. Environment: executive office interior. Expression: authoritative and composed. Lighting: soft studio lighting, even illumination, no harsh shadows, natural skin texture. Camera: ultra-realistic photography, 85mm lens, shallow depth of field, high facial fidelity. Category: business.","different person, identity drift, face reshaping, beautification distortion, anime, cartoon, stylized skin, waxy skin, deformed eyes, asymmetrical face, extreme retouching, altered bone structure, blur"
MUT_029,control,control,safe,plain dark blazer,clean studio backdrop,calm and composed,head-and-shoulders portrait,no jewelry,"soft studio lighting, even illumination, no harsh shadows, natural skin texture","ultra-realistic photography, 85mm lens, shallow depth of field, high facial fidelity",0,none,"Safe mutation: only wardrobe, environment, expression, shot, or accessory changed.","Same exact woman across all images, identity locked, preserve exact facial geometry, same bone structure, same eye shape, same nose shape, same jawline, no variation in facial structure. No beauty filter, no stylization drift, no face reshaping, no glamor retouching, visible natural skin texture. head-and-shoulders portrait. Wearing plain dark blazer. Environment: clean studio backdrop. Expression: calm and composed. Lighting: soft studio lighting, even illumination, no harsh shadows, natural skin texture. Camera: ultra-realistic photography, 85mm lens, shallow depth of field, high facial fidelity. Category: control.","different person, identity drift, face reshaping, beautification distortion, anime, cartoon, stylized skin, waxy skin, deformed eyes, asymmetrical face, extreme retouching, altered bone structure, blur"
MUT_030,investor,investor,safe,luxury minimalist business suit,institutional finance setting,strategic and composed,seated boardroom portrait,no jewelry,"soft studio lighting, even illumination, no harsh shadows, natural skin texture","ultra-realistic photography, 85mm lens, shallow depth of field, high facial fidelity",3,none,"Safe mutation: only wardrobe, environment, expression, shot, or accessory changed.","Same exact woman across all images, identity locked, preserve exact facial geometry, same bone structure, same eye shape, same nose shape, same jawline, no variation in facial structure. No beauty filter, no stylization drift, no face reshaping, no glamor retouching, visible natural skin texture. seated boardroom portrait. Wearing luxury minimalist business suit. Environment: institutional finance setting. Expression: strategic and composed. Lighting: soft studio lighting, even illumination, no harsh shadows, natural skin texture. Camera: ultra-realistic photography, 85mm lens, shallow depth of field, high facial fidelity. Category: investor.","different person, identity drift, face reshaping, beautification distortion, anime, cartoon, stylized skin, waxy skin, deformed eyes, asymmetrical face, extreme retouching, altered bone structure, blur"
MUT_031,business,business,safe,structured navy business suit,clean corporate backdrop,authoritative and composed,head-and-shoulders portrait,minimal jewelry,"soft studio lighting, even illumination, no harsh shadows, natural skin texture","ultra-realistic photography, 85mm lens, shallow depth of field, high facial fidelity",1,none,"Safe mutation: only wardrobe, environment, expression, shot, or accessory changed.","Same exact woman across all images, identity locked, preserve exact facial geometry, same bone structure, same eye shape, same nose shape, same jawline, no variation in facial structure. No beauty filter, no stylization drift, no face reshaping, no glamor retouching, visible natural skin texture. head-and-shoulders portrait. Wearing structured navy business suit. Environment: clean corporate backdrop. Expression: authoritative and composed. Accessories: minimal jewelry. Lighting: soft studio lighting, even illumination, no harsh shadows, natural skin texture. Camera: ultra-realistic photography, 85mm lens, shallow depth of field, high facial fidelity. Category: business.","different person, identity drift, face reshaping, beautification distortion, anime, cartoon, stylized skin, waxy skin, deformed eyes, asymmetrical face, extreme retouching, altered bone structure, blur"
MUT_032,investor,investor,safe,formal dark blazer and light blouse,European investment bank style interior,calm and intelligent,formal institutional portrait,minimal jewelry,"soft studio lighting, even illumination, no harsh shadows, natural skin texture","ultra-realistic photography, 85mm lens, shallow depth of field, high facial fidelity",2,none,"Safe mutation: only wardrobe, environment, expression, shot, or accessory changed.","Same exact woman across all images, identity locked, preserve exact facial geometry, same bone structure, same eye shape, same nose shape, same jawline, no variation in facial structure. No beauty filter, no stylization drift, no face reshaping, no glamor retouching, visible natural skin texture. formal institutional portrait. Wearing formal dark blazer and light blouse. Environment: European investment bank style interior. Expression: calm and intelligent. Accessories: minimal jewelry. Lighting: soft studio lighting, even illumination, no harsh shadows, natural skin texture. Camera: ultra-realistic photography, 85mm lens, shallow depth of field, high facial fidelity. Category: investor.","different person, identity drift, face reshaping, beautification distortion, anime, cartoon, stylized skin, waxy skin, deformed eyes, asymmetrical face, extreme retouching, altered bone structure, blur"
MUT_033,investor,investor,safe,formal dark blazer and light blouse,institutional finance setting,serious and credible,formal institutional portrait,no jewelry,"soft studio lighting, even illumination, no harsh shadows, natural skin texture","ultra-realistic photography, 85mm lens, shallow depth of field, high facial fidelity",1,none,"Safe mutation: only wardrobe, environment, expression, shot, or accessory changed.","Same exact woman across all images, identity locked, preserve exact facial geometry, same bone structure, same eye shape, same nose shape, same jawline, no variation in facial structure. No beauty filter, no stylization drift, no face reshaping, no glamor retouching, visible natural skin texture. formal institutional portrait. Wearing formal dark blazer and light blouse. Environment: institutional finance setting. Expression: serious and credible. Lighting: soft studio lighting, even illumination, no harsh shadows, natural skin texture. Camera: ultra-realistic photography, 85mm lens, shallow depth of field, high facial fidelity. Category: investor.","different person, identity drift, face reshaping, beautification distortion, anime, cartoon, stylized skin, waxy skin, deformed eyes, asymmetrical face, extreme retouching, altered bone structure, blur"
MUT_034,business,business,safe,structured navy business suit,neutral studio background,credible and high-authority,head-and-shoulders portrait,no jewelry,"soft studio lighting, even illumination, no harsh shadows, natural skin texture","ultra-realistic photography, 85mm lens, shallow depth of field, high facial fidelity",1,none,"Safe mutation: only wardrobe, environment, expression, shot, or accessory changed.","Same exact woman across all images, identity locked, preserve exact facial geometry, same bone structure, same eye shape, same nose shape, same jawline, no variation in facial structure. No beauty filter, no stylization drift, no face reshaping, no glamor retouching, visible natural skin texture. head-and-shoulders portrait. Wearing structured navy business suit. Environment: neutral studio background. Expression: credible and high-authority. Lighting: soft studio lighting, even illumination, no harsh shadows, natural skin texture. Camera: ultra-realistic photography, 85mm lens, shallow depth of field, high facial fidelity. Category: business.","different person, identity drift, face reshaping, beautification distortion, anime, cartoon, stylized skin, waxy skin, deformed eyes, asymmetrical face, extreme retouching, altered bone structure, blur"
MUT_035,business,business,safe,structured navy business suit,executive office interior,analytical and confident,three-quarter corporate portrait,minimal jewelry,"soft studio lighting, even illumination, no harsh shadows, natural skin texture","ultra-realistic photography, 85mm lens, shallow depth of field, high facial fidelity",3,none,"Safe mutation: only wardrobe, environment, expression, shot, or accessory changed.","Same exact woman across all images, identity locked, preserve exact facial geometry, same bone structure, same eye shape, same nose shape, same jawline, no variation in facial structure. No beauty filter, no stylization drift, no face reshaping, no glamor retouching, visible natural skin texture. three-quarter corporate portrait. Wearing structured navy business suit. Environment: executive office interior. Expression: analytical and confident. Accessories: minimal jewelry. Lighting: soft studio lighting, even illumination, no harsh shadows, natural skin texture. Camera: ultra-realistic photography, 85mm lens, shallow depth of field, high facial fidelity. Category: business.","different person, identity drift, face reshaping, beautification distortion, anime, cartoon, stylized skin, waxy skin, deformed eyes, asymmetrical face, extreme retouching, altered bone structure, blur"
MUT_036,control,control,safe,plain dark blazer,clean studio backdrop,neutral expression,front-facing validation portrait,no jewelry,"soft studio lighting, even illumination, no harsh shadows, natural skin texture","ultra-realistic photography, 85mm lens, shallow depth of field, high facial fidelity",0,none,"Safe mutation: only wardrobe, environment, expression, shot, or accessory changed.","Same exact woman across all images, identity locked, preserve exact facial geometry, same bone structure, same eye shape, same nose shape, same jawline, no variation in facial structure. No beauty filter, no stylization drift, no face reshaping, no glamor retouching, visible natural skin texture. front-facing validation portrait. Wearing plain dark blazer. Environment: clean studio backdrop. Expression: neutral expression. Lighting: soft studio lighting, even illumination, no harsh shadows, natural skin texture. Camera: ultra-realistic photography, 85mm lens, shallow depth of field, high facial fidelity. Category: control.","different person, identity drift, face reshaping, beautification distortion, anime, cartoon, stylized skin, waxy skin, deformed eyes, asymmetrical face, extreme retouching, altered bone structure, blur"
MUT_037,control,control,safe,plain dark blazer,clean studio backdrop,neutral expression,left three-quarter validation portrait,minimal jewelry,"soft studio lighting, even illumination, no harsh shadows, natural skin texture","ultra-realistic photography, 85mm lens, shallow depth of field, high facial fidelity",2,none,"Safe mutation: only wardrobe, environment, expression, shot, or accessory changed.","Same exact woman across all images, identity locked, preserve exact facial geometry, same bone structure, same eye shape, same nose shape, same jawline, no variation in facial structure. No beauty filter, no stylization drift, no face reshaping, no glamor retouching, visible natural skin texture. left three-quarter validation portrait. Wearing plain dark blazer. Environment: clean studio backdrop. Expression: neutral expression. Accessories: minimal jewelry. Lighting: soft studio lighting, even illumination, no harsh shadows, natural skin texture. Camera: ultra-realistic photography, 85mm lens, shallow depth of field, high facial fidelity. Category: control.","different person, identity drift, face reshaping, beautification distortion, anime, cartoon, stylized skin, waxy skin, deformed eyes, asymmetrical face, extreme retouching, altered bone structure, blur"
MUT_038,business,business,safe,structured navy business suit,neutral studio background,analytical and confident,three-quarter corporate portrait,no jewelry,"soft studio lighting, even illumination, no harsh shadows, natural skin texture","ultra-realistic photography, 85mm lens, shallow depth of field, high facial fidelity",1,none,"Safe mutation: only wardrobe, environment, expression, shot, or accessory changed.","Same exact woman across all images, identity locked, preserve exact facial geometry, same bone structure, same eye shape, same nose shape, same jawline, no variation in facial structure. No beauty filter, no stylization drift, no face reshaping, no glamor retouching, visible natural skin texture. three-quarter corporate portrait. Wearing structured navy business suit. Environment: neutral studio background. Expression: analytical and confident. Lighting: soft studio lighting, even illumination, no harsh shadows, natural skin texture. Camera: ultra-realistic photography, 85mm lens, shallow depth of field, high facial fidelity. Category: business.","different person, identity drift, face reshaping, beautification distortion, anime, cartoon, stylized skin, waxy skin, deformed eyes, asymmetrical face, extreme retouching, altered bone structure, blur"
MUT_039,investor,investor,safe,luxury minimalist business suit,institutional finance setting,calm and intelligent,seated boardroom portrait,no jewelry,"soft studio lighting, even illumination, no harsh shadows, natural skin texture","ultra-realistic photography, 85mm lens, shallow depth of field, high facial fidelity",3,none,"Safe mutation: only wardrobe, environment, expression, shot, or accessory changed.","Same exact woman across all images, identity locked, preserve exact facial geometry, same bone structure, same eye shape, same nose shape, same jawline, no variation in facial structure. No beauty filter, no stylization drift, no face reshaping, no glamor retouching, visible natural skin texture. seated boardroom portrait. Wearing luxury minimalist business suit. Environment: institutional finance setting. Expression: calm and intelligent. Lighting: soft studio lighting, even illumination, no harsh shadows, natural skin texture. Camera: ultra-realistic photography, 85mm lens, shallow depth of field, high facial fidelity. Category: investor.","different person, identity drift, face reshaping, beautification distortion, anime, cartoon, stylized skin, waxy skin, deformed eyes, asymmetrical face, extreme retouching, altered bone structure, blur"
MUT_040,business,business,safe,dark blazer and light blouse,glass-and-steel boardroom,credible and high-authority,head-and-shoulders portrait,no jewelry,"soft studio lighting, even illumination, no harsh shadows, natural skin texture","ultra-realistic photography, 85mm lens, shallow depth of field, high facial fidelity",2,none,"Safe mutation: only wardrobe, environment, expression, shot, or accessory changed.","Same exact woman across all images, identity locked, preserve exact facial geometry, same bone structure, same eye shape, same nose shape, same jawline, no variation in facial structure. No beauty filter, no stylization drift, no face reshaping, no glamor retouching, visible natural skin texture. head-and-shoulders portrait. Wearing dark blazer and light blouse. Environment: glass-and-steel boardroom. Expression: credible and high-authority. Lighting: soft studio lighting, even illumination, no harsh shadows, natural skin texture. Camera: ultra-realistic photography, 85mm lens, shallow depth of field, high facial fidelity. Category: business.","different person, identity drift, face reshaping, beautification distortion, anime, cartoon, stylized skin, waxy skin, deformed eyes, asymmetrical face, extreme retouching, altered bone structure, blur"
MUT_041,investor,investor,safe,luxury minimalist business suit,European investment bank style interior,strategic and composed,formal institutional portrait,no jewelry,"soft studio lighting, even illumination, no harsh shadows, natural skin texture","ultra-realistic photography, 85mm lens, shallow depth of field, high facial fidelity",2,none,"Safe mutation: only wardrobe, environment, expression, shot, or accessory changed.","Same exact woman across all images, identity locked, preserve exact facial geometry, same bone structure, same eye shape, same nose shape, same jawline, no variation in facial structure. No beauty filter, no stylization drift, no face reshaping, no glamor retouching, visible natural skin texture. formal institutional portrait. Wearing luxury minimalist business suit. Environment: European investment bank style interior. Expression: strategic and composed. Lighting: soft studio lighting, even illumination, no harsh shadows, natural skin texture. Camera: ultra-realistic photography, 85mm lens, shallow depth of field, high facial fidelity. Category: investor.","different person, identity drift, face reshaping, beautification distortion, anime, cartoon, stylized skin, waxy skin, deformed eyes, asymmetrical face, extreme retouching, altered bone structure, blur"
MUT_042,investor,investor,safe,formal dark blazer and light blouse,European investment bank style interior,calm and intelligent,seated boardroom portrait,minimal jewelry,"soft studio lighting, even illumination, no harsh shadows, natural skin texture","ultra-realistic photography, 85mm lens, shallow depth of field, high facial fidelity",3,none,"Safe mutation: only wardrobe, environment, expression, shot, or accessory changed.","Same exact woman across all images, identity locked, preserve exact facial geometry, same bone structure, same eye shape, same nose shape, same jawline, no variation in facial structure. No beauty filter, no stylization drift, no face reshaping, no glamor retouching, visible natural skin texture. seated boardroom portrait. Wearing formal dark blazer and light blouse. Environment: European investment bank style interior. Expression: calm and intelligent. Accessories: minimal jewelry. Lighting: soft studio lighting, even illumination, no harsh shadows, natural skin texture. Camera: ultra-realistic photography, 85mm lens, shallow depth of field, high facial fidelity. Category: investor.","different person, identity drift, face reshaping, beautification distortion, anime, cartoon, stylized skin, waxy skin, deformed eyes, asymmetrical face, extreme retouching, altered bone structure, blur"
MUT_043,control,control,safe,plain dark blazer,clean studio backdrop,neutral expression,head-and-shoulders portrait,minimal jewelry,"soft studio lighting, even illumination, no harsh shadows, natural skin texture","ultra-realistic photography, 85mm lens, shallow depth of field, high facial fidelity",1,none,"Safe mutation: only wardrobe, environment, expression, shot, or accessory changed.","Same exact woman across all images, identity locked, preserve exact facial geometry, same bone structure, same eye shape, same nose shape, same jawline, no variation in facial structure. No beauty filter, no stylization drift, no face reshaping, no glamor retouching, visible natural skin texture. head-and-shoulders portrait. Wearing plain dark blazer. Environment: clean studio backdrop. Expression: neutral expression. Accessories: minimal jewelry. Lighting: soft studio lighting, even illumination, no harsh shadows, natural skin texture. Camera: ultra-realistic photography, 85mm lens, shallow depth of field, high facial fidelity. Category: control.","different person, identity drift, face reshaping, beautification distortion, anime, cartoon, stylized skin, waxy skin, deformed eyes, asymmetrical face, extreme retouching, altered bone structure, blur"
MUT_044,business,business,safe,tailored black blazer with white shirt,neutral studio background,authoritative and composed,three-quarter corporate portrait,minimal jewelry,"soft studio lighting, even illumination, no harsh shadows, natural skin texture","ultra-realistic photography, 85mm lens, shallow depth of field, high facial fidelity",2,none,"Safe mutation: only wardrobe, environment, expression, shot, or accessory changed.","Same exact woman across all images, identity locked, preserve exact facial geometry, same bone structure, same eye shape, same nose shape, same jawline, no variation in facial structure. No beauty filter, no stylization drift, no face reshaping, no glamor retouching, visible natural skin texture. three-quarter corporate portrait. Wearing tailored black blazer with white shirt. Environment: neutral studio background. Expression: authoritative and composed. Accessories: minimal jewelry. Lighting: soft studio lighting, even illumination, no harsh shadows, natural skin texture. Camera: ultra-realistic photography, 85mm lens, shallow depth of field, high facial fidelity. Category: business.","different person, identity drift, face reshaping, beautification distortion, anime, cartoon, stylized skin, waxy skin, deformed eyes, asymmetrical face, extreme retouching, altered bone structure, blur"
MUT_045,business,business,safe,structured navy business suit,executive office interior,authoritative and composed,head-and-shoulders portrait,no jewelry,"soft studio lighting, even illumination, no harsh shadows, natural skin texture","ultra-realistic photography, 85mm lens, shallow depth of field, high facial fidelity",1,none,"Safe mutation: only wardrobe, environment, expression, shot, or accessory changed.","Same exact woman across all images, identity locked, preserve exact facial geometry, same bone structure, same eye shape, same nose shape, same jawline, no variation in facial structure. No beauty filter, no stylization drift, no face reshaping, no glamor retouching, visible natural skin texture. head-and-shoulders portrait. Wearing structured navy business suit. Environment: executive office interior. Expression: authoritative and composed. Lighting: soft studio lighting, even illumination, no harsh shadows, natural skin texture. Camera: ultra-realistic photography, 85mm lens, shallow depth of field, high facial fidelity. Category: business.","different person, identity drift, face reshaping, beautification distortion, anime, cartoon, stylized skin, waxy skin, deformed eyes, asymmetrical face, extreme retouching, altered bone structure, blur"
MUT_046,business,business,safe,charcoal blazer with minimal jewelry,glass-and-steel boardroom,authoritative and composed,head-and-shoulders portrait,no jewelry,"soft studio lighting, even illumination, no harsh shadows, natural skin texture","ultra-realistic photography, 85mm lens, shallow depth of field, high facial fidelity",2,none,"Safe mutation: only wardrobe, environment, expression, shot, or accessory changed.","Same exact woman across all images, identity locked, preserve exact facial geometry, same bone structure, same eye shape, same nose shape, same jawline, no variation in facial structure. No beauty filter, no stylization drift, no face reshaping, no glamor retouching, visible natural skin texture. head-and-shoulders portrait. Wearing charcoal blazer with minimal jewelry. Environment: glass-and-steel boardroom. Expression: authoritative and composed. Lighting: soft studio lighting, even illumination, no harsh shadows, natural skin texture. Camera: ultra-realistic photography, 85mm lens, shallow depth of field, high facial fidelity. Category: business.","different person, identity drift, face reshaping, beautification distortion, anime, cartoon, stylized skin, waxy skin, deformed eyes, asymmetrical face, extreme retouching, altered bone structure, blur"
MUT_047,business,business,safe,tailored black blazer with white shirt,neutral studio background,authoritative and composed,head-and-shoulders portrait,no jewelry,"soft studio lighting, even illumination, no harsh shadows, natural skin texture","ultra-realistic photography, 85mm lens, shallow depth of field, high facial fidelity",0,none,"Safe mutation: only wardrobe, environment, expression, shot, or accessory changed.","Same exact woman across all images, identity locked, preserve exact facial geometry, same bone structure, same eye shape, same nose shape, same jawline, no variation in facial structure. No beauty filter, no stylization drift, no face reshaping, no glamor retouching, visible natural skin texture. head-and-shoulders portrait. Wearing tailored black blazer with white shirt. Environment: neutral studio background. Expression: authoritative and composed. Lighting: soft studio lighting, even illumination, no harsh shadows, natural skin texture. Camera: ultra-realistic photography, 85mm lens, shallow depth of field, high facial fidelity. Category: business.","different person, identity drift, face reshaping, beautification distortion, anime, cartoon, stylized skin, waxy skin, deformed eyes, asymmetrical face, extreme retouching, altered bone structure, blur"
MUT_049,business,business,safe,dark blazer and light blouse,clean corporate backdrop,credible and high-authority,head-and-shoulders portrait,no jewelry,"soft studio lighting, even illumination, no harsh shadows, natural skin texture","ultra-realistic photography, 85mm lens, shallow depth of field, high facial fidelity",1,none,"Safe mutation: only wardrobe, environment, expression, shot, or accessory changed.","Same exact woman across all images, identity locked, preserve exact facial geometry, same bone structure, same eye shape, same nose shape, same jawline, no variation in facial structure. No beauty filter, no stylization drift, no face reshaping, no glamor retouching, visible natural skin texture. head-and-shoulders portrait. Wearing dark blazer and light blouse. Environment: clean corporate backdrop. Expression: credible and high-authority. Lighting: soft studio lighting, even illumination, no harsh shadows, natural skin texture. Camera: ultra-realistic photography, 85mm lens, shallow depth of field, high facial fidelity. Category: business.","different person, identity drift, face reshaping, beautification distortion, anime, cartoon, stylized skin, waxy skin, deformed eyes, asymmetrical face, extreme retouching, altered bone structure, blur"
MUT_050,control,control,safe,plain dark blazer,clean studio backdrop,neutral expression,left three-quarter validation portrait,no jewelry,"soft studio lighting, even illumination, no harsh shadows, natural skin texture","ultra-realistic photography, 85mm lens, shallow depth of field, high facial fidelity",1,none,"Safe mutation: only wardrobe, environment, expression, shot, or accessory changed.","Same exact woman across all images, identity locked, preserve exact facial geometry, same bone structure, same eye shape, same nose shape, same jawline, no variation in facial structure. No beauty filter, no stylization drift, no face reshaping, no glamor retouching, visible natural skin texture. left three-quarter validation portrait. Wearing plain dark blazer. Environment: clean studio backdrop. Expression: neutral expression. Lighting: soft studio lighting, even illumination, no harsh shadows, natural skin texture. Camera: ultra-realistic photography, 85mm lens, shallow depth of field, high facial fidelity. Category: control.","different person, identity drift, face reshaping, beautification distortion, anime, cartoon, stylized skin, waxy skin, deformed eyes, asymmetrical face, extreme retouching, altered bone structure, blur"
MUT_051,business,business,safe,tailored black blazer with white shirt,neutral studio background,analytical and confident,three-quarter corporate portrait,no jewelry,"soft studio lighting, even illumination, no harsh shadows, natural skin texture","ultra-realistic photography, 85mm lens, shallow depth of field, high facial fidelity",1,none,"Safe mutation: only wardrobe, environment, expression, shot, or accessory changed.","Same exact woman across all images, identity locked, preserve exact facial geometry, same bone structure, same eye shape, same nose shape, same jawline, no variation in facial structure. No beauty filter, no stylization drift, no face reshaping, no glamor retouching, visible natural skin texture. three-quarter corporate portrait. Wearing tailored black blazer with white shirt. Environment: neutral studio background. Expression: analytical and confident. Lighting: soft studio lighting, even illumination, no harsh shadows, natural skin texture. Camera: ultra-realistic photography, 85mm lens, shallow depth of field, high facial fidelity. Category: business.","different person, identity drift, face reshaping, beautification distortion, anime, cartoon, stylized skin, waxy skin, deformed eyes, asymmetrical face, extreme retouching, altered bone structure, blur"
MUT_052,business,business,safe,structured navy business suit,clean corporate backdrop,analytical and confident,three-quarter corporate portrait,minimal jewelry,"soft studio lighting, even illumination, no harsh shadows, natural skin texture","ultra-realistic photography, 85mm lens, shallow depth of field, high facial fidelity",2,none,"Safe mutation: only wardrobe, environment, expression, shot, or accessory changed.","Same exact woman across all images, identity locked, preserve exact facial geometry, same bone structure, same eye shape, same nose shape, same jawline, no variation in facial structure. No beauty filter, no stylization drift, no face reshaping, no glamor retouching, visible natural skin texture. three-quarter corporate portrait. Wearing structured navy business suit. Environment: clean corporate backdrop. Expression: analytical and confident. Accessories: minimal jewelry. Lighting: soft studio lighting, even illumination, no harsh shadows, natural skin texture. Camera: ultra-realistic photography, 85mm lens, shallow depth of field, high facial fidelity. Category: business.","different person, identity drift, face reshaping, beautification distortion, anime, cartoon, stylized skin, waxy skin, deformed eyes, asymmetrical face, extreme retouching, altered bone structure, blur"
MUT_054,investor,investor,safe,structured dark suit,institutional finance setting,calm and intelligent,formal institutional portrait,minimal jewelry,"soft studio lighting, even illumination, no harsh shadows, natural skin texture","ultra-realistic photography, 85mm lens, shallow depth of field, high facial fidelity",2,none,"Safe mutation: only wardrobe, environment, expression, shot, or accessory changed.","Same exact woman across all images, identity locked, preserve exact facial geometry, same bone structure, same eye shape, same nose shape, same jawline, no variation in facial structure. No beauty filter, no stylization drift, no face reshaping, no glamor retouching, visible natural skin texture. formal institutional portrait. Wearing structured dark suit. Environment: institutional finance setting. Expression: calm and intelligent. Accessories: minimal jewelry. Lighting: soft studio lighting, even illumination, no harsh shadows, natural skin texture. Camera: ultra-realistic photography, 85mm lens, shallow depth of field, high facial fidelity. Category: investor.","different person, identity drift, face reshaping, beautification distortion, anime, cartoon, stylized skin, waxy skin, deformed eyes, asymmetrical face, extreme retouching, altered bone structure, blur"
MUT_055,business,business,safe,tailored black blazer with white shirt,executive office interior,authoritative and composed,three-quarter corporate portrait,no jewelry,"soft studio lighting, even illumination, no harsh shadows, natural skin texture","ultra-realistic photography, 85mm lens, shallow depth of field, high facial fidelity",2,none,"Safe mutation: only wardrobe, environment, expression, shot, or accessory changed.","Same exact woman across all images, identity locked, preserve exact facial geometry, same bone structure, same eye shape, same nose shape, same jawline, no variation in facial structure. No beauty filter, no stylization drift, no face reshaping, no glamor retouching, visible natural skin texture. three-quarter corporate portrait. Wearing tailored black blazer with white shirt. Environment: executive office interior. Expression: authoritative and composed. Lighting: soft studio lighting, even illumination, no harsh shadows, natural skin texture. Camera: ultra-realistic photography, 85mm lens, shallow depth of field, high facial fidelity. Category: business.","different person, identity drift, face reshaping, beautification distortion, anime, cartoon, stylized skin, waxy skin, deformed eyes, asymmetrical face, extreme retouching, altered bone structure, blur"
MUT_057,investor,investor,safe,formal dark blazer and light blouse,European investment bank style interior,strategic and composed,seated boardroom portrait,minimal jewelry,"soft studio lighting, even illumination, no harsh shadows, natural skin texture","ultra-realistic photography, 85mm lens, shallow depth of field, high facial fidelity",3,none,"Safe mutation: only wardrobe, environment, expression, shot, or accessory changed.","Same exact woman across all images, identity locked, preserve exact facial geometry, same bone structure, same eye shape, same nose shape, same jawline, no variation in facial structure. No beauty filter, no stylization drift, no face reshaping, no glamor retouching, visible natural skin texture. seated boardroom portrait. Wearing formal dark blazer and light blouse. Environment: European investment bank style interior. Expression: strategic and composed. Accessories: minimal jewelry. Lighting: soft studio lighting, even illumination, no harsh shadows, natural skin texture. Camera: ultra-realistic photography, 85mm lens, shallow depth of field, high facial fidelity. Category: investor.","different person, identity drift, face reshaping, beautification distortion, anime, cartoon, stylized skin, waxy skin, deformed eyes, asymmetrical face, extreme retouching, altered bone structure, blur"
MUT_058,control,control,safe,plain dark blazer,plain neutral background,neutral expression,left three-quarter validation portrait,no jewelry,"soft studio lighting, even illumination, no harsh shadows, natural skin texture","ultra-realistic photography, 85mm lens, shallow depth of field, high facial fidelity",1,none,"Safe mutation: only wardrobe, environment, expression, shot, or accessory changed.","Same exact woman across all images, identity locked, preserve exact facial geometry, same bone structure, same eye shape, same nose shape, same jawline, no variation in facial structure. No beauty filter, no stylization drift, no face reshaping, no glamor retouching, visible natural skin texture. left three-quarter validation portrait. Wearing plain dark blazer. Environment: plain neutral background. Expression: neutral expression. Lighting: soft studio lighting, even illumination, no harsh shadows, natural skin texture. Camera: ultra-realistic photography, 85mm lens, shallow depth of field, high facial fidelity. Category: control.","different person, identity drift, face reshaping, beautification distortion, anime, cartoon, stylized skin, waxy skin, deformed eyes, asymmetrical face, extreme retouching, altered bone structure, blur"
MUT_059,business,business,safe,dark blazer and light blouse,executive office interior,authoritative and composed,three-quarter corporate portrait,no jewelry,"soft studio lighting, even illumination, no harsh shadows, natural skin texture","ultra-realistic photography, 85mm lens, shallow depth of field, high facial fidelity",2,none,"Safe mutation: only wardrobe, environment, expression, shot, or accessory changed.","Same exact woman across all images, identity locked, preserve exact facial geometry, same bone structure, same eye shape, same nose shape, same jawline, no variation in facial structure. No beauty filter, no stylization drift, no face reshaping, no glamor retouching, visible natural skin texture. three-quarter corporate portrait. Wearing dark blazer and light blouse. Environment: executive office interior. Expression: authoritative and composed. Lighting: soft studio lighting, even illumination, no harsh shadows, natural skin texture. Camera: ultra-realistic photography, 85mm lens, shallow depth of field, high facial fidelity. Category: business.","different person, identity drift, face reshaping, beautification distortion, anime, cartoon, stylized skin, waxy skin, deformed eyes, asymmetrical face, extreme retouching, altered bone structure, blur"
MUT_060,investor,investor,safe,luxury minimalist business suit,formal meeting room,calm and intelligent,seated boardroom portrait,no jewelry,"soft studio lighting, even illumination, no harsh shadows, natural skin texture","ultra-realistic photography, 85mm lens, shallow depth of field, high facial fidelity",3,none,"Safe mutation: only wardrobe, environment, expression, shot, or accessory changed.","Same exact woman across all images, identity locked, preserve exact facial geometry, same bone structure, same eye shape, same nose shape, same jawline, no variation in facial structure. No beauty filter, no stylization drift, no face reshaping, no glamor retouching, visible natural skin texture. seated boardroom portrait. Wearing luxury minimalist business suit. Environment: formal meeting room. Expression: calm and intelligent. Lighting: soft studio lighting, even illumination, no harsh shadows, natural skin texture. Camera: ultra-realistic photography, 85mm lens, shallow depth of field, high facial fidelity. Category: investor.","different person, identity drift, face reshaping, beautification distortion, anime, cartoon, stylized skin, waxy skin, deformed eyes, asymmetrical face, extreme retouching, altered bone structure, blur"
MUT_061,investor,investor,safe,luxury minimalist business suit,European investment bank style interior,calm and intelligent,seated boardroom portrait,no jewelry,"soft studio lighting, even illumination, no harsh shadows, natural skin texture","ultra-realistic photography, 85mm lens, shallow depth of field, high facial fidelity",3,none,"Safe mutation: only wardrobe, environment, expression, shot, or accessory changed.","Same exact woman across all images, identity locked, preserve exact facial geometry, same bone structure, same eye shape, same nose shape, same jawline, no variation in facial structure. No beauty filter, no stylization drift, no face reshaping, no glamor retouching, visible natural skin texture. seated boardroom portrait. Wearing luxury minimalist business suit. Environment: European investment bank style interior. Expression: calm and intelligent. Lighting: soft studio lighting, even illumination, no harsh shadows, natural skin texture. Camera: ultra-realistic photography, 85mm lens, shallow depth of field, high facial fidelity. Category: investor.","different person, identity drift, face reshaping, beautification distortion, anime, cartoon, stylized skin, waxy skin, deformed eyes, asymmetrical face, extreme retouching, altered bone structure, blur"
MUT_062,business,business,safe,structured navy business suit,glass-and-steel boardroom,analytical and confident,three-quarter corporate portrait,no jewelry,"soft studio lighting, even illumination, no harsh shadows, natural skin texture","ultra-realistic photography, 85mm lens, shallow depth of field, high facial fidelity",2,none,"Safe mutation: only wardrobe, environment, expression, shot, or accessory changed.","Same exact woman across all images, identity locked, preserve exact facial geometry, same bone structure, same eye shape, same nose shape, same jawline, no variation in facial structure. No beauty filter, no stylization drift, no face reshaping, no glamor retouching, visible natural skin texture. three-quarter corporate portrait. Wearing structured navy business suit. Environment: glass-and-steel boardroom. Expression: analytical and confident. Lighting: soft studio lighting, even illumination, no harsh shadows, natural skin texture. Camera: ultra-realistic photography, 85mm lens, shallow depth of field, high facial fidelity. Category: business.","different person, identity drift, face reshaping, beautification distortion, anime, cartoon, stylized skin, waxy skin, deformed eyes, asymmetrical face, extreme retouching, altered bone structure, blur"
MUT_063,business,business,safe,structured navy business suit,executive office interior,analytical and confident,head-and-shoulders portrait,no jewelry,"soft studio lighting, even illumination, no harsh shadows, natural skin texture","ultra-realistic photography, 85mm lens, shallow depth of field, high facial fidelity",1,none,"Safe mutation: only wardrobe, environment, expression, shot, or accessory changed.","Same exact woman across all images, identity locked, preserve exact facial geometry, same bone structure, same eye shape, same nose shape, same jawline, no variation in facial structure. No beauty filter, no stylization drift, no face reshaping, no glamor retouching, visible natural skin texture. head-and-shoulders portrait. Wearing structured navy business suit. Environment: executive office interior. Expression: analytical and confident. Lighting: soft studio lighting, even illumination, no harsh shadows, natural skin texture. Camera: ultra-realistic photography, 85mm lens, shallow depth of field, high facial fidelity. Category: business.","different person, identity drift, face reshaping, beautification distortion, anime, cartoon, stylized skin, waxy skin, deformed eyes, asymmetrical face, extreme retouching, altered bone structure, blur"
MUT_064,investor,investor,safe,luxury minimalist business suit,formal meeting room,strategic and composed,formal institutional portrait,minimal jewelry,"soft studio lighting, even illumination, no harsh shadows, natural skin texture","ultra-realistic photography, 85mm lens, shallow depth of field, high facial fidelity",3,none,"Safe mutation: only wardrobe, environment, expression, shot, or accessory changed.","Same exact woman across all images, identity locked, preserve exact facial geometry, same bone structure, same eye shape, same nose shape, same jawline, no variation in facial structure. No beauty filter, no stylization drift, no face reshaping, no glamor retouching, visible natural skin texture. formal institutional portrait. Wearing luxury minimalist business suit. Environment: formal meeting room. Expression: strategic and composed. Accessories: minimal jewelry. Lighting: soft studio lighting, even illumination, no harsh shadows, natural skin texture. Camera: ultra-realistic photography, 85mm lens, shallow depth of field, high facial fidelity. Category: investor.","different person, identity drift, face reshaping, beautification distortion, anime, cartoon, stylized skin, waxy skin, deformed eyes, asymmetrical face, extreme retouching, altered bone structure, blur"
MUT_065,investor,investor,safe,formal dark blazer and light blouse,institutional finance setting,serious and credible,formal institutional portrait,minimal jewelry,"soft studio lighting, even illumination, no harsh shadows, natural skin texture","ultra-realistic photography, 85mm lens, shallow depth of field, high facial fidelity",2,none,"Safe mutation: only wardrobe, environment, expression, shot, or accessory changed.","Same exact woman across all images, identity locked, preserve exact facial geometry, same bone structure, same eye shape, same nose shape, same jawline, no variation in facial structure. No beauty filter, no stylization drift, no face reshaping, no glamor retouching, visible natural skin texture. formal institutional portrait. Wearing formal dark blazer and light blouse. Environment: institutional finance setting. Expression: serious and credible. Accessories: minimal jewelry. Lighting: soft studio lighting, even illumination, no harsh shadows, natural skin texture. Camera: ultra-realistic photography, 85mm lens, shallow depth of field, high facial fidelity. Category: investor.","different person, identity drift, face reshaping, beautification distortion, anime, cartoon, stylized skin, waxy skin, deformed eyes, asymmetrical face, extreme retouching, altered bone structure, blur"
MUT_066,business,business,safe,tailored black blazer with white shirt,executive office interior,credible and high-authority,three-quarter corporate portrait,no jewelry,"soft studio lighting, even illumination, no harsh shadows, natural skin texture","ultra-realistic photography, 85mm lens, shallow depth of field, high facial fidelity",3,none,"Safe mutation: only wardrobe, environment, expression, shot, or accessory changed.","Same exact woman across all images, identity locked, preserve exact facial geometry, same bone structure, same eye shape, same nose shape, same jawline, no variation in facial structure. No beauty filter, no stylization drift, no face reshaping, no glamor retouching, visible natural skin texture. three-quarter corporate portrait. Wearing tailored black blazer with white shirt. Environment: executive office interior. Expression: credible and high-authority. Lighting: soft studio lighting, even illumination, no harsh shadows, natural skin texture. Camera: ultra-realistic photography, 85mm lens, shallow depth of field, high facial fidelity. Category: business.","different person, identity drift, face reshaping, beautification distortion, anime, cartoon, stylized skin, waxy skin, deformed eyes, asymmetrical face, extreme retouching, altered bone structure, blur"
MUT_067,business,business,safe,dark blazer and light blouse,neutral studio background,analytical and confident,head-and-shoulders portrait,no jewelry,"soft studio lighting, even illumination, no harsh shadows, natural skin texture","ultra-realistic photography, 85mm lens, shallow depth of field, high facial fidelity",0,none,"Safe mutation: only wardrobe, environment, expression, shot, or accessory changed.","Same exact woman across all images, identity locked, preserve exact facial geometry, same bone structure, same eye shape, same nose shape, same jawline, no variation in facial structure. No beauty filter, no stylization drift, no face reshaping, no glamor retouching, visible natural skin texture. head-and-shoulders portrait. Wearing dark blazer and light blouse. Environment: neutral studio background. Expression: analytical and confident. Lighting: soft studio lighting, even illumination, no harsh shadows, natural skin texture. Camera: ultra-realistic photography, 85mm lens, shallow depth of field, high facial fidelity. Category: business.","different person, identity drift, face reshaping, beautification distortion, anime, cartoon, stylized skin, waxy skin, deformed eyes, asymmetrical face, extreme retouching, altered bone structure, blur"
MUT_068,control,control,safe,neutral clothing with no distraction,plain neutral background,calm and composed,front-facing validation portrait,no jewelry,"soft studio lighting, even illumination, no harsh shadows, natural skin texture","ultra-realistic photography, 85mm lens, shallow depth of field, high facial fidelity",0,none,"Safe mutation: only wardrobe, environment, expression, shot, or accessory changed.","Same exact woman across all images, identity locked, preserve exact facial geometry, same bone structure, same eye shape, same nose shape, same jawline, no variation in facial structure. No beauty filter, no stylization drift, no face reshaping, no glamor retouching, visible natural skin texture. front-facing validation portrait. Wearing neutral clothing with no distraction. Environment: plain neutral background. Expression: calm and composed. Lighting: soft studio lighting, even illumination, no harsh shadows, natural skin texture. Camera: ultra-realistic photography, 85mm lens, shallow depth of field, high facial fidelity. Category: control.","different person, identity drift, face reshaping, beautification distortion, anime, cartoon, stylized skin, waxy skin, deformed eyes, asymmetrical face, extreme retouching, altered bone structure, blur"
MUT_069,control,control,safe,neutral clothing with no distraction,clean studio backdrop,neutral expression,left three-quarter validation portrait,minimal jewelry,"soft studio lighting, even illumination, no harsh shadows, natural skin texture","ultra-realistic photography, 85mm lens, shallow depth of field, high facial fidelity",2,none,"Safe mutation: only wardrobe, environment, expression, shot, or accessory changed.","Same exact woman across all images, identity locked, preserve exact facial geometry, same bone structure, same eye shape, same nose shape, same jawline, no variation in facial structure. No beauty filter, no stylization drift, no face reshaping, no glamor retouching, visible natural skin texture. left three-quarter validation portrait. Wearing neutral clothing with no distraction. Environment: clean studio backdrop. Expression: neutral expression. Accessories: minimal jewelry. Lighting: soft studio lighting, even illumination, no harsh shadows, natural skin texture. Camera: ultra-realistic photography, 85mm lens, shallow depth of field, high facial fidelity. Category: control.","different person, identity drift, face reshaping, beautification distortion, anime, cartoon, stylized skin, waxy skin, deformed eyes, asymmetrical face, extreme retouching, altered bone structure, blur"
MUT_070,control,control,safe,plain dark blazer,plain neutral background,neutral expression,head-and-shoulders portrait,no jewelry,"soft studio lighting, even illumination, no harsh shadows, natural skin texture","ultra-realistic photography, 85mm lens, shallow depth of field, high facial fidelity",0,none,"Safe mutation: only wardrobe, environment, expression, shot, or accessory changed.","Same exact woman across all images, identity locked, preserve exact facial geometry, same bone structure, same eye shape, same nose shape, same jawline, no variation in facial structure. No beauty filter, no stylization drift, no face reshaping, no glamor retouching, visible natural skin texture. head-and-shoulders portrait. Wearing plain dark blazer. Environment: plain neutral background. Expression: neutral expression. Lighting: soft studio lighting, even illumination, no harsh shadows, natural skin texture. Camera: ultra-realistic photography, 85mm lens, shallow depth of field, high facial fidelity. Category: control.","different person, identity drift, face reshaping, beautification distortion, anime, cartoon, stylized skin, waxy skin, deformed eyes, asymmetrical face, extreme retouching, altered bone structure, blur"
MUT_071,investor,investor,safe,formal dark blazer and light blouse,formal meeting room,serious and credible,formal institutional portrait,minimal jewelry,"soft studio lighting, even illumination, no harsh shadows, natural skin texture","ultra-realistic photography, 85mm lens, shallow depth of field, high facial fidelity",2,none,"Safe mutation: only wardrobe, environment, expression, shot, or accessory changed.","Same exact woman across all images, identity locked, preserve exact facial geometry, same bone structure, same eye shape, same nose shape, same jawline, no variation in facial structure. No beauty filter, no stylization drift, no face reshaping, no glamor retouching, visible natural skin texture. formal institutional portrait. Wearing formal dark blazer and light blouse. Environment: formal meeting room. Expression: serious and credible. Accessories: minimal jewelry. Lighting: soft studio lighting, even illumination, no harsh shadows, natural skin texture. Camera: ultra-realistic photography, 85mm lens, shallow depth of field, high facial fidelity. Category: investor.","different person, identity drift, face reshaping, beautification distortion, anime, cartoon, stylized skin, waxy skin, deformed eyes, asymmetrical face, extreme retouching, altered bone structure, blur"
MUT_072,investor,investor,safe,structured dark suit,institutional finance setting,calm and intelligent,seated boardroom portrait,minimal jewelry,"soft studio lighting, even illumination, no harsh shadows, natural skin texture","ultra-realistic photography, 85mm lens, shallow depth of field, high facial fidelity",3,none,"Safe mutation: only wardrobe, environment, expression, shot, or accessory changed.","Same exact woman across all images, identity locked, preserve exact facial geometry, same bone structure, same eye shape, same nose shape, same jawline, no variation in facial structure. No beauty filter, no stylization drift, no face reshaping, no glamor retouching, visible natural skin texture. seated boardroom portrait. Wearing structured dark suit. Environment: institutional finance setting. Expression: calm and intelligent. Accessories: minimal jewelry. Lighting: soft studio lighting, even illumination, no harsh shadows, natural skin texture. Camera: ultra-realistic photography, 85mm lens, shallow depth of field, high facial fidelity. Category: investor.","different person, identity drift, face reshaping, beautification distortion, anime, cartoon, stylized skin, waxy skin, deformed eyes, asymmetrical face, extreme retouching, altered bone structure, blur"
MUT_073,control,control,safe,neutral clothing with no distraction,clean studio backdrop,calm and composed,head-and-shoulders portrait,no jewelry,"soft studio lighting, even illumination, no harsh shadows, natural skin texture","ultra-realistic photography, 85mm lens, shallow depth of field, high facial fidelity",0,none,"Safe mutation: only wardrobe, environment, expression, shot, or accessory changed.","Same exact woman across all images, identity locked, preserve exact facial geometry, same bone structure, same eye shape, same nose shape, same jawline, no variation in facial structure. No beauty filter, no stylization drift, no face reshaping, no glamor retouching, visible natural skin texture. head-and-shoulders portrait. Wearing neutral clothing with no distraction. Environment: clean studio backdrop. Expression: calm and composed. Lighting: soft studio lighting, even illumination, no harsh shadows, natural skin texture. Camera: ultra-realistic photography, 85mm lens, shallow depth of field, high facial fidelity. Category: control.","different person, identity drift, face reshaping, beautification distortion, anime, cartoon, stylized skin, waxy skin, deformed eyes, asymmetrical face, extreme retouching, altered bone structure, blur"
MUT_074,business,business,safe,charcoal blazer with minimal jewelry,clean corporate backdrop,authoritative and composed,three-quarter corporate portrait,minimal jewelry,"soft studio lighting, even illumination, no harsh shadows, natural skin texture","ultra-realistic photography, 85mm lens, shallow depth of field, high facial fidelity",3,none,"Safe mutation: only wardrobe, environment, expression, shot, or accessory changed.","Same exact woman across all images, identity locked, preserve exact facial geometry, same bone structure, same eye shape, same nose shape, same jawline, no variation in facial structure. No beauty filter, no stylization drift, no face reshaping, no glamor retouching, visible natural skin texture. three-quarter corporate portrait. Wearing charcoal blazer with minimal jewelry. Environment: clean corporate backdrop. Expression: authoritative and composed. Accessories: minimal jewelry. Lighting: soft studio lighting, even illumination, no harsh shadows, natural skin texture. Camera: ultra-realistic photography, 85mm lens, shallow depth of field, high facial fidelity. Category: business.","different person, identity drift, face reshaping, beautification distortion, anime, cartoon, stylized skin, waxy skin, deformed eyes, asymmetrical face, extreme retouching, altered bone structure, blur"
MUT_075,business,business,safe,dark blazer and light blouse,glass-and-steel boardroom,analytical and confident,head-and-shoulders portrait,minimal jewelry,"soft studio lighting, even illumination, no harsh shadows, natural skin texture","ultra-realistic photography, 85mm lens, shallow depth of field, high facial fidelity",2,none,"Safe mutation: only wardrobe, environment, expression, shot, or accessory changed.","Same exact woman across all images, identity locked, preserve exact facial geometry, same bone structure, same eye shape, same nose shape, same jawline, no variation in facial structure. No beauty filter, no stylization drift, no face reshaping, no glamor retouching, visible natural skin texture. head-and-shoulders portrait. Wearing dark blazer and light blouse. Environment: glass-and-steel boardroom. Expression: analytical and confident. Accessories: minimal jewelry. Lighting: soft studio lighting, even illumination, no harsh shadows, natural skin texture. Camera: ultra-realistic photography, 85mm lens, shallow depth of field, high facial fidelity. Category: business.","different person, identity drift, face reshaping, beautification distortion, anime, cartoon, stylized skin, waxy skin, deformed eyes, asymmetrical face, extreme retouching, altered bone structure, blur"
MUT_077,investor,investor,safe,formal dark blazer and light blouse,formal meeting room,strategic and composed,seated boardroom portrait,no jewelry,"soft studio lighting, even illumination, no harsh shadows, natural skin texture","ultra-realistic photography, 85mm lens, shallow depth of field, high facial fidelity",2,none,"Safe mutation: only wardrobe, environment, expression, shot, or accessory changed.","Same exact woman across all images, identity locked, preserve exact facial geometry, same bone structure, same eye shape, same nose shape, same jawline, no variation in facial structure. No beauty filter, no stylization drift, no face reshaping, no glamor retouching, visible natural skin texture. seated boardroom portrait. Wearing formal dark blazer and light blouse. Environment: formal meeting room. Expression: strategic and composed. Lighting: soft studio lighting, even illumination, no harsh shadows, natural skin texture. Camera: ultra-realistic photography, 85mm lens, shallow depth of field, high facial fidelity. Category: investor.","different person, identity drift, face reshaping, beautification distortion, anime, cartoon, stylized skin, waxy skin, deformed eyes, asymmetrical face, extreme retouching, altered bone structure, blur"
MUT_078,investor,investor,safe,luxury minimalist business suit,formal meeting room,serious and credible,formal institutional portrait,no jewelry,"soft studio lighting, even illumination, no harsh shadows, natural skin texture","ultra-realistic photography, 85mm lens, shallow depth of field, high facial fidelity",2,none,"Safe mutation: only wardrobe, environment, expression, shot, or accessory changed.","Same exact woman across all images, identity locked, preserve exact facial geometry, same bone structure, same eye shape, same nose shape, same jawline, no variation in facial structure. No beauty filter, no stylization drift, no face reshaping, no glamor retouching, visible natural skin texture. formal institutional portrait. Wearing luxury minimalist business suit. Environment: formal meeting room. Expression: serious and credible. Lighting: soft studio lighting, even illumination, no harsh shadows, natural skin texture. Camera: ultra-realistic photography, 85mm lens, shallow depth of field, high facial fidelity. Category: investor.","different person, identity drift, face reshaping, beautification distortion, anime, cartoon, stylized skin, waxy skin, deformed eyes, asymmetrical face, extreme retouching, altered bone structure, blur"
MUT_079,investor,investor,safe,formal dark blazer and light blouse,institutional finance setting,calm and intelligent,seated boardroom portrait,no jewelry,"soft studio lighting, even illumination, no harsh shadows, natural skin texture","ultra-realistic photography, 85mm lens, shallow depth of field, high facial fidelity",2,none,"Safe mutation: only wardrobe, environment, expression, shot, or accessory changed.","Same exact woman across all images, identity locked, preserve exact facial geometry, same bone structure, same eye shape, same nose shape, same jawline, no variation in facial structure. No beauty filter, no stylization drift, no face reshaping, no glamor retouching, visible natural skin texture. seated boardroom portrait. Wearing formal dark blazer and light blouse. Environment: institutional finance setting. Expression: calm and intelligent. Lighting: soft studio lighting, even illumination, no harsh shadows, natural skin texture. Camera: ultra-realistic photography, 85mm lens, shallow depth of field, high facial fidelity. Category: investor.","different person, identity drift, face reshaping, beautification distortion, anime, cartoon, stylized skin, waxy skin, deformed eyes, asymmetrical face, extreme retouching, altered bone structure, blur"
MUT_080,investor,investor,safe,structured dark suit,formal meeting room,calm and intelligent,formal institutional portrait,minimal jewelry,"soft studio lighting, even illumination, no harsh shadows, natural skin texture","ultra-realistic photography, 85mm lens, shallow depth of field, high facial fidelity",2,none,"Safe mutation: only wardrobe, environment, expression, shot, or accessory changed.","Same exact woman across all images, identity locked, preserve exact facial geometry, same bone structure, same eye shape, same nose shape, same jawline, no variation in facial structure. No beauty filter, no stylization drift, no face reshaping, no glamor retouching, visible natural skin texture. formal institutional portrait. Wearing structured dark suit. Environment: formal meeting room. Expression: calm and intelligent. Accessories: minimal jewelry. Lighting: soft studio lighting, even illumination, no harsh shadows, natural skin texture. Camera: ultra-realistic photography, 85mm lens, shallow depth of field, high facial fidelity. Category: investor.","different person, identity drift, face reshaping, beautification distortion, anime, cartoon, stylized skin, waxy skin, deformed eyes, asymmetrical face, extreme retouching, altered bone structure, blur"
MUT_081,investor,investor,risky_probe,structured dark suit,institutional finance setting,strategic and composed,formal institutional portrait,no jewelry,"soft studio lighting, even illumination, no harsh shadows, natural skin texture","ultra-realistic photography, 85mm lens, shallow depth of field, high facial fidelity",3,pose,Pose variance can reduce matching confidence.,"Same exact woman across all images, identity locked, preserve exact facial geometry, same bone structure, same eye shape, same nose shape, same jawline, no variation in facial structure. No beauty filter, no stylization drift, no face reshaping, no glamor retouching, visible natural skin texture. formal institutional portrait. Wearing structured dark suit. Environment: institutional finance setting. Expression: strategic and composed. Lighting: soft studio lighting, even illumination, no harsh shadows, natural skin texture. Camera: ultra-realistic photography, 85mm lens, shallow depth of field, high facial fidelity. Mutation test: strong head tilt. Category: investor.","different person, identity drift, face reshaping, beautification distortion, anime, cartoon, stylized skin, waxy skin, deformed eyes, asymmetrical face, extreme retouching, altered bone structure, blur"
MUT_090,control,control,risky_probe,neutral clothing with no distraction,plain neutral background,neutral expression,front-facing validation portrait,no jewelry,strong side-lighting stress test,"ultra-realistic photography, 85mm lens, shallow depth of field, high facial fidelity",3,lighting,One-sided shadow often triggers identity reconstruction.,"Same exact woman across all images, identity locked, preserve exact facial geometry, same bone structure, same eye shape, same nose shape, same jawline, no variation in facial structure. No beauty filter, no stylization drift, no face reshaping, no glamor retouching, visible natural skin texture. front-facing validation portrait. Wearing neutral clothing with no distraction. Environment: plain neutral background. Expression: neutral expression. Lighting: strong side-lighting stress test. Camera: ultra-realistic photography, 85mm lens, shallow depth of field, high facial fidelity. Category: control.","different person, identity drift, face reshaping, beautification distortion, anime, cartoon, stylized skin, waxy skin, deformed eyes, asymmetrical face, extreme retouching, altered bone structure, blur"
MUT_094,control,control,risky_probe,neutral clothing with no distraction,clean studio backdrop,neutral expression,left three-quarter validation portrait,no jewelry,"soft studio lighting, even illumination, no harsh shadows, natural skin texture","ultra-realistic photography, 85mm lens, shallow depth of field, high facial fidelity",3,accessory,Visual clutter can pull attention away from the face.,"Same exact woman across all images, identity locked, preserve exact facial geometry, same bone structure, same eye shape, same nose shape, same jawline, no variation in facial structure. No beauty filter, no stylization drift, no face reshaping, no glamor retouching, visible natural skin texture. left three-quarter validation portrait. Wearing neutral clothing with no distraction. Environment: clean studio backdrop. Expression: neutral expression. Lighting: soft studio lighting, even illumination, no harsh shadows, natural skin texture. Camera: ultra-realistic photography, 85mm lens, shallow depth of field, high facial fidelity. Mutation test: statement jewelry. Category: control.","different person, identity drift, face reshaping, beautification distortion, anime, cartoon, stylized skin, waxy skin, deformed eyes, asymmetrical face, extreme retouching, altered bone structure, blur"
MUT_100,investor,investor,risky_probe,formal dark blazer and light blouse,formal meeting room,calm and intelligent,formal institutional portrait,no jewelry,"soft studio lighting, even illumination, no harsh shadows, natural skin texture","ultra-realistic photography, 85mm lens, shallow depth of field, high facial fidelity",3,accessory,Visual clutter can pull attention away from the face.,"Same exact woman across all images, identity locked, preserve exact facial geometry, same bone structure, same eye shape, same nose shape, same jawline, no variation in facial structure. No beauty filter, no stylization drift, no face reshaping, no glamor retouching, visible natural skin texture. formal institutional portrait. Wearing formal dark blazer and light blouse. Environment: formal meeting room. Expression: calm and intelligent. Lighting: soft studio lighting, even illumination, no harsh shadows, natural skin texture. Camera: ultra-realistic photography, 85mm lens, shallow depth of field, high facial fidelity. Mutation test: statement jewelry. Category: investor.","different person, identity drift, face reshaping, beautification distortion, anime, cartoon, stylized skin, waxy skin, deformed eyes, asymmetrical face, extreme retouching, altered bone structure, blur"
