FILE_ID,FILE_PATH,RELATIVE_COPY_PATH,EXTENSION,SIZE_BYTES,LAST_WRITE,VALUE_CLASS
PVE_FILE_1,"/root/ALPINE_IPHONE_STORAGE_CENSUS_20260524_144342.txt","/root/PVE_ALPINE_VALUE_EXPORT_PACKET_20260525_054348/FILES/FILE_ALPINE_IPHONE_STORAGE_CENSUS_20260524_144342.txt","txt",40511,"2026-05-24 14:43:47.157699495 +0000","high_value_signal"
PVE_FILE_2,"/root/CMU_IPHONE_CENSUS/01_CMU_SIGNAL_PATHS.txt","/root/PVE_ALPINE_VALUE_EXPORT_PACKET_20260525_054348/FILES/FILE_01_CMU_SIGNAL_PATHS.txt","txt",180191,"2026-05-23 01:24:31.773067386 +0000","high_value_signal"
PVE_FILE_3,"/root/CMU_IPHONE_CENSUS/02_IMPORTANT_CONTROL_FILES.txt","/root/PVE_ALPINE_VALUE_EXPORT_PACKET_20260525_054348/FILES/FILE_02_IMPORTANT_CONTROL_FILES.txt","txt",340939,"2026-05-23 01:24:40.594237517 +0000","high_value_signal"
PVE_FILE_4,"/root/CMU_IPHONE_CENSUS/03_CANDIDATE_FOLDERS.txt","/root/PVE_ALPINE_VALUE_EXPORT_PACKET_20260525_054348/FILES/FILE_03_CANDIDATE_FOLDERS.txt","txt",17851,"2026-05-23 01:24:49.021528773 +0000","high_value_signal"
PVE_FILE_5,"/root/CMU_IPHONE_CENSUS/04_NEWEST_300_FILES.txt","/root/PVE_ALPINE_VALUE_EXPORT_PACKET_20260525_054348/FILES/FILE_04_NEWEST_300_FILES.txt","txt",24659,"2026-05-23 01:24:49.956933761 +0000","high_value_signal"
PVE_FILE_6,"/root/CMU_IPHONE_CENSUS/05_TITAN_FINAL_FILE_HASHES.txt","/root/PVE_ALPINE_VALUE_EXPORT_PACKET_20260525_054348/FILES/FILE_05_TITAN_FINAL_FILE_HASHES.txt","txt",5032,"2026-05-23 01:32:14.354152033 +0000","high_value_signal"
PVE_FILE_7,"/root/CMU_IPHONE_CENSUS/06A_TITAN_FINAL_FILE_COUNT.txt","/root/PVE_ALPINE_VALUE_EXPORT_PACKET_20260525_054348/FILES/FILE_06A_TITAN_FINAL_FILE_COUNT.txt","txt",4,"2026-05-23 01:33:19.005570707 +0000","high_value_signal"
PVE_FILE_8,"/root/CMU_IPHONE_CENSUS/06_TITAN_FINAL_FILE_INDEX.txt","/root/PVE_ALPINE_VALUE_EXPORT_PACKET_20260525_054348/FILES/FILE_06_TITAN_FINAL_FILE_INDEX.txt","txt",30281,"2026-05-23 01:33:17.987351121 +0000","high_value_signal"
PVE_FILE_9,"/root/CMU_IPHONE_CENSUS/07_TITAN_FINAL_SIZE.txt","/root/PVE_ALPINE_VALUE_EXPORT_PACKET_20260525_054348/FILES/FILE_07_TITAN_FINAL_SIZE.txt","txt",33,"2026-05-23 01:33:26.781552459 +0000","high_value_signal"
PVE_FILE_10,"/root/CMU_IPHONE_CENSUS/08_TITAN_FINAL_INDEX_HASHES.txt","/root/PVE_ALPINE_VALUE_EXPORT_PACKET_20260525_054348/FILES/FILE_08_TITAN_FINAL_INDEX_HASHES.txt","txt",355,"2026-05-23 01:33:26.795783946 +0000","high_value_signal"
PVE_FILE_11,"/root/CMU_IPHONE_CENSUS/09_TITAN_FINAL_FOLDER_MAP_DEPTH3.txt","/root/PVE_ALPINE_VALUE_EXPORT_PACKET_20260525_054348/FILES/FILE_09_TITAN_FINAL_FOLDER_MAP_DEPTH3.txt","txt",2757,"2026-05-23 01:34:10.763416181 +0000","high_value_signal"
PVE_FILE_12,"/root/CMU_IPHONE_CENSUS/10_TITAN_FINAL_FOLDER_MAP_HASH.txt","/root/PVE_ALPINE_VALUE_EXPORT_PACKET_20260525_054348/FILES/FILE_10_TITAN_FINAL_FOLDER_MAP_HASH.txt","txt",127,"2026-05-23 01:34:10.773696922 +0000","high_value_signal"
PVE_FILE_13,"/root/CMU_IPHONE_CENSUS/11_OLD_VDR_V6_3_FILE_INDEX.txt","/root/PVE_ALPINE_VALUE_EXPORT_PACKET_20260525_054348/FILES/FILE_11_OLD_VDR_V6_3_FILE_INDEX.txt","txt",18302,"2026-05-23 01:34:43.904819318 +0000","high_value_signal"
PVE_FILE_14,"/root/CMU_IPHONE_CENSUS/12_OLD_VDR_V6_3_FILE_COUNT.txt","/root/PVE_ALPINE_VALUE_EXPORT_PACKET_20260525_054348/FILES/FILE_12_OLD_VDR_V6_3_FILE_COUNT.txt","txt",4,"2026-05-23 01:34:44.475628162 +0000","high_value_signal"
PVE_FILE_15,"/root/CMU_IPHONE_CENSUS/13_OLD_VDR_V6_3_SIZE.txt","/root/PVE_ALPINE_VALUE_EXPORT_PACKET_20260525_054348/FILES/FILE_13_OLD_VDR_V6_3_SIZE.txt","txt",72,"2026-05-23 01:34:48.883910759 +0000","high_value_signal"
PVE_FILE_16,"/root/CMU_IPHONE_CENSUS/14_OLD_VDR_V6_3_INDEX_HASHES.txt","/root/PVE_ALPINE_VALUE_EXPORT_PACKET_20260525_054348/FILES/FILE_14_OLD_VDR_V6_3_INDEX_HASHES.txt","txt",357,"2026-05-23 01:34:48.891724711 +0000","high_value_signal"
PVE_FILE_17,"/root/CMU_IPHONE_CENSUS/99_CENSUS_HASHES.txt","/root/PVE_ALPINE_VALUE_EXPORT_PACKET_20260525_054348/FILES/FILE_99_CENSUS_HASHES.txt","txt",464,"2026-05-23 01:24:50.046387345 +0000","high_value_signal"
PVE_FILE_18,"/root/DELTA_CORE_v1_0.py","/root/PVE_ALPINE_VALUE_EXPORT_PACKET_20260525_054348/FILES/FILE_DELTA_CORE_v1_0.py","py",1456,"2026-05-14 08:54:27.394086239 +0000","general_visible_file"
PVE_FILE_19,"/root/DELTA_FINAL_EXPORT/README.txt","/root/PVE_ALPINE_VALUE_EXPORT_PACKET_20260525_054348/FILES/FILE_README.txt","txt",527,"2026-05-19 12:09:21.586473094 +0000","general_visible_file"
PVE_FILE_20,"/root/DELTA_FINAL_EXPORT/SOUL_EXPORT_20260519_1232/SOUL_MANIFEST.txt","/root/PVE_ALPINE_VALUE_EXPORT_PACKET_20260525_054348/FILES/FILE_SOUL_MANIFEST.txt","txt",376,"2026-05-19 12:32:42.201058252 +0000","general_visible_file"
PVE_FILE_21,"/root/DELTA_FINAL_EXPORT/SOUL_EXPORT_20260519_1232/Scripts/DELTA_CORE_v1_0.py","/root/PVE_ALPINE_VALUE_EXPORT_PACKET_20260525_054348/FILES/FILE_DELTA_CORE_v1_0.py","py",1456,"2026-05-19 12:32:41.350790642 +0000","general_visible_file"
PVE_FILE_22,"/root/DELTA_FINAL_EXPORT/SOUL_EXPORT_20260519_1232/Scripts/DELTA_UNITY_ENGINE_v1_7.py","/root/PVE_ALPINE_VALUE_EXPORT_PACKET_20260525_054348/FILES/FILE_DELTA_UNITY_ENGINE_v1_7.py","py",6110,"2026-05-19 12:32:41.355905068 +0000","general_visible_file"
PVE_FILE_23,"/root/DELTA_FINAL_EXPORT/SOUL_EXPORT_20260519_1232/Scripts/iphone_sha_analyzer.py","/root/PVE_ALPINE_VALUE_EXPORT_PACKET_20260525_054348/FILES/FILE_iphone_sha_analyzer.py","py",3513,"2026-05-19 12:32:41.308762904 +0000","high_value_signal"
PVE_FILE_24,"/root/DELTA_FINAL_EXPORT/SOUL_EXPORT_20260519_1232/iPhone_Exports/FAJLOVI_SA_TOKENIMA.txt","/root/PVE_ALPINE_VALUE_EXPORT_PACKET_20260525_054348/FILES/FILE_FAJLOVI_SA_TOKENIMA.txt","txt",2331,"2026-05-19 12:32:41.323286596 +0000","high_value_signal"
PVE_FILE_25,"/root/DELTA_FINAL_EXPORT/SOUL_EXPORT_20260519_1232/iPhone_Exports/IPHONE_STATIC_EXPORT_PACKET_FOR_MSI_20260516_075558_TAR_SHA256.txt","/root/PVE_ALPINE_VALUE_EXPORT_PACKET_20260525_054348/FILES/FILE_IPHONE_STATIC_EXPORT_PACKET_FOR_MSI_20260516_075558_TAR_SHA256.txt","txt",131,"2026-05-19 12:32:41.321045842 +0000","high_value_signal"
PVE_FILE_26,"/root/DELTA_FINAL_EXPORT/SOUL_EXPORT_20260519_1232/iPhone_Exports/IPHONE_STATIC_EXPORT_PACKET_MANIFEST_ONLY_20260519_082406_FOR_MSI_SHA256.txt","/root/PVE_ALPINE_VALUE_EXPORT_PACKET_20260525_054348/FILES/FILE_IPHONE_STATIC_EXPORT_PACKET_MANIFEST_ONLY_20260519_082406_FOR_MSI_SHA256.txt","txt",145,"2026-05-19 12:32:41.322395553 +0000","high_value_signal"
PVE_FILE_27,"/root/DELTA_FINAL_EXPORT/SOUL_EXPORT_20260519_1232/iPhone_Exports/iphone_manifest_for_msi_sha256.txt","/root/PVE_ALPINE_VALUE_EXPORT_PACKET_20260525_054348/FILES/FILE_iphone_manifest_for_msi_sha256.txt","txt",145,"2026-05-19 12:32:41.320373549 +0000","high_value_signal"
PVE_FILE_28,"/root/DELTA_FINAL_EXPORT/Scripts/iphone_sha_analyzer.py","/root/PVE_ALPINE_VALUE_EXPORT_PACKET_20260525_054348/FILES/FILE_iphone_sha_analyzer.py","py",3513,"2026-05-19 12:22:13.455240998 +0000","high_value_signal"
PVE_FILE_29,"/root/DELTA_FINAL_EXPORT/iPhone_Exports/FAJLOVI_SA_TOKENIMA.txt","/root/PVE_ALPINE_VALUE_EXPORT_PACKET_20260525_054348/FILES/FILE_FAJLOVI_SA_TOKENIMA.txt","txt",2331,"2026-05-19 12:27:18.266357735 +0000","high_value_signal"
PVE_FILE_30,"/root/DELTA_FINAL_EXPORT/iPhone_Exports/IPHONE_STATIC_EXPORT_PACKET_FOR_MSI_20260516_075558_TAR_SHA256.txt","/root/PVE_ALPINE_VALUE_EXPORT_PACKET_20260525_054348/FILES/FILE_IPHONE_STATIC_EXPORT_PACKET_FOR_MSI_20260516_075558_TAR_SHA256.txt","txt",131,"2026-05-19 12:27:17.261964069 +0000","high_value_signal"
PVE_FILE_31,"/root/DELTA_FINAL_EXPORT/iPhone_Exports/IPHONE_STATIC_EXPORT_PACKET_MANIFEST_ONLY_20260519_082406_FOR_MSI_SHA256.txt","/root/PVE_ALPINE_VALUE_EXPORT_PACKET_20260525_054348/FILES/FILE_IPHONE_STATIC_EXPORT_PACKET_MANIFEST_ONLY_20260519_082406_FOR_MSI_SHA256.txt","txt",145,"2026-05-19 12:27:17.265828034 +0000","high_value_signal"
PVE_FILE_32,"/root/DELTA_FINAL_EXPORT/iPhone_Exports/iphone_manifest_for_msi_sha256.txt","/root/PVE_ALPINE_VALUE_EXPORT_PACKET_20260525_054348/FILES/FILE_iphone_manifest_for_msi_sha256.txt","txt",145,"2026-05-19 12:27:17.278178513 +0000","high_value_signal"
PVE_FILE_33,"/root/DELTA_LENOVO_CENTRAL/01_HASH_REGISTERS/IPHONE_NOTES_PRIORITY_SHA256_REGISTER.txt","/root/PVE_ALPINE_VALUE_EXPORT_PACKET_20260525_054348/FILES/FILE_IPHONE_NOTES_PRIORITY_SHA256_REGISTER.txt","txt",68,"2026-05-15 09:01:14.805530413 +0000","high_value_signal"
PVE_FILE_34,"/root/DELTA_LENOVO_CENTRAL/02_INDEX/IPHONE_NOTES_PRIORITY_INDEX.txt","/root/PVE_ALPINE_VALUE_EXPORT_PACKET_20260525_054348/FILES/FILE_IPHONE_NOTES_PRIORITY_INDEX.txt","txt",0,"2026-05-15 09:01:14.783920432 +0000","high_value_signal"
PVE_FILE_35,"/root/DELTA_LENOVO_CENTRAL/03_SCRIPT_INVENTORY/IPHONE_SCRIPT_FILE_INDEX.txt","/root/PVE_ALPINE_VALUE_EXPORT_PACKET_20260525_054348/FILES/FILE_IPHONE_SCRIPT_FILE_INDEX.txt","txt",3231,"2026-05-15 09:03:47.651627267 +0000","high_value_signal"
PVE_FILE_36,"/root/DELTA_LENOVO_CENTRAL/03_SCRIPT_INVENTORY/IPHONE_SCRIPT_SHA256_REGISTER.txt","/root/PVE_ALPINE_VALUE_EXPORT_PACKET_20260525_054348/FILES/FILE_IPHONE_SCRIPT_SHA256_REGISTER.txt","txt",6267,"2026-05-15 09:04:00.208687597 +0000","high_value_signal"
PVE_FILE_37,"/root/DELTA_LENOVO_CENTRAL/03_SCRIPT_INVENTORY/IPHONE_SCRIPT_SIGNAL_SCAN.txt","/root/PVE_ALPINE_VALUE_EXPORT_PACKET_20260525_054348/FILES/FILE_IPHONE_SCRIPT_SIGNAL_SCAN.txt","txt",27111,"2026-05-15 09:04:27.503820236 +0000","high_value_signal"
PVE_FILE_38,"/root/DELTA_LENOVO_CENTRAL/04_CORE_CANDIDATE_REVIEW/CORE_FILE_INFO.txt","/root/PVE_ALPINE_VALUE_EXPORT_PACKET_20260525_054348/FILES/FILE_CORE_FILE_INFO.txt","txt",128,"2026-05-15 11:29:37.707294030 +0000","general_visible_file"
PVE_FILE_39,"/root/DELTA_LENOVO_CENTRAL/04_CORE_CANDIDATE_REVIEW/CORE_FUNCTION_CLASS_MAP.txt","/root/PVE_ALPINE_VALUE_EXPORT_PACKET_20260525_054348/FILES/FILE_CORE_FUNCTION_CLASS_MAP.txt","txt",2982,"2026-05-15 11:29:37.761128735 +0000","general_visible_file"
PVE_FILE_40,"/root/DELTA_LENOVO_CENTRAL/04_CORE_CANDIDATE_REVIEW/CORE_RUNTIME_RISK_SCAN.txt","/root/PVE_ALPINE_VALUE_EXPORT_PACKET_20260525_054348/FILES/FILE_CORE_RUNTIME_RISK_SCAN.txt","txt",3039,"2026-05-15 11:29:38.547215829 +0000","general_visible_file"
PVE_FILE_41,"/root/DELTA_LENOVO_CENTRAL/04_CORE_CANDIDATE_REVIEW/CORE_SHA256.txt","/root/PVE_ALPINE_VALUE_EXPORT_PACKET_20260525_054348/FILES/FILE_CORE_SHA256.txt","txt",139,"2026-05-15 11:29:37.735464673 +0000","high_value_signal"
PVE_FILE_42,"/root/DELTA_LENOVO_CENTRAL/40_STEP_PROTOCOL/STEP_01_CONTROL_SNAPSHOT/STEP_01_CORE_FILE_INFO.txt","/root/PVE_ALPINE_VALUE_EXPORT_PACKET_20260525_054348/FILES/FILE_STEP_01_CORE_FILE_INFO.txt","txt",128,"2026-05-15 11:33:50.661254671 +0000","high_value_signal"
PVE_FILE_43,"/root/DELTA_LENOVO_CENTRAL/40_STEP_PROTOCOL/STEP_01_CONTROL_SNAPSHOT/STEP_01_CORE_SHA256.txt","/root/PVE_ALPINE_VALUE_EXPORT_PACKET_20260525_054348/FILES/FILE_STEP_01_CORE_SHA256.txt","txt",139,"2026-05-15 11:33:50.688088315 +0000","high_value_signal"
PVE_FILE_44,"/root/DELTA_LENOVO_CENTRAL/40_STEP_PROTOCOL/STEP_01_CONTROL_SNAPSHOT/STEP_01_CORE_STRUCTURE_MAP.txt","/root/PVE_ALPINE_VALUE_EXPORT_PACKET_20260525_054348/FILES/FILE_STEP_01_CORE_STRUCTURE_MAP.txt","txt",3294,"2026-05-15 11:33:50.711446586 +0000","high_value_signal"
PVE_FILE_45,"/root/DELTA_LENOVO_CENTRAL/40_STEP_PROTOCOL/STEP_01_CONTROL_SNAPSHOT/STEP_01_CURRENT_LOCATION.txt","/root/PVE_ALPINE_VALUE_EXPORT_PACKET_20260525_054348/FILES/FILE_STEP_01_CURRENT_LOCATION.txt","txt",59,"2026-05-15 11:33:50.624573536 +0000","high_value_signal"
PVE_FILE_46,"/root/DELTA_LENOVO_CENTRAL/40_STEP_PROTOCOL/STEP_01_CONTROL_SNAPSHOT/STEP_01_STATUS.txt","/root/PVE_ALPINE_VALUE_EXPORT_PACKET_20260525_054348/FILES/FILE_STEP_01_STATUS.txt","txt",52,"2026-05-15 11:33:50.713768084 +0000","high_value_signal"
PVE_FILE_47,"/root/DELTA_LENOVO_CENTRAL/40_STEP_PROTOCOL/STEP_01_CONTROL_SNAPSHOT/STEP_01_TIMESTAMP.txt","/root/PVE_ALPINE_VALUE_EXPORT_PACKET_20260525_054348/FILES/FILE_STEP_01_TIMESTAMP.txt","txt",29,"2026-05-15 11:33:50.621157206 +0000","high_value_signal"
PVE_FILE_48,"/root/DELTA_LENOVO_CENTRAL/40_STEP_PROTOCOL/STEP_02_DEPENDENCY_INVENTORY/STEP_02_IMPORT_MAP.txt","/root/PVE_ALPINE_VALUE_EXPORT_PACKET_20260525_054348/FILES/FILE_STEP_02_IMPORT_MAP.txt","txt",312,"2026-05-15 11:35:02.907286625 +0000","high_value_signal"
PVE_FILE_49,"/root/DELTA_LENOVO_CENTRAL/40_STEP_PROTOCOL/STEP_02_DEPENDENCY_INVENTORY/STEP_02_STATUS.txt","/root/PVE_ALPINE_VALUE_EXPORT_PACKET_20260525_054348/FILES/FILE_STEP_02_STATUS.txt","txt",43,"2026-05-15 11:35:02.916937825 +0000","high_value_signal"
PVE_FILE_50,"/root/DELTA_LENOVO_CENTRAL/40_STEP_PROTOCOL/STEP_02_DEPENDENCY_INVENTORY/STEP_02_UNIQUE_IMPORTS.txt","/root/PVE_ALPINE_VALUE_EXPORT_PACKET_20260525_054348/FILES/FILE_STEP_02_UNIQUE_IMPORTS.txt","txt",83,"2026-05-15 11:35:02.914621161 +0000","high_value_signal"
PVE_FILE_51,"/root/DELTA_LENOVO_CENTRAL/40_STEP_PROTOCOL/STEP_03_MODULE_MAP/STEP_03_FUNCTION_MAP.txt","/root/PVE_ALPINE_VALUE_EXPORT_PACKET_20260525_054348/FILES/FILE_STEP_03_FUNCTION_MAP.txt","txt",2910,"2026-05-15 11:35:33.178488929 +0000","high_value_signal"
PVE_FILE_52,"/root/DELTA_LENOVO_CENTRAL/40_STEP_PROTOCOL/STEP_03_MODULE_MAP/STEP_03_SIGNAL_MODULE_MAP.txt","/root/PVE_ALPINE_VALUE_EXPORT_PACKET_20260525_054348/FILES/FILE_STEP_03_SIGNAL_MODULE_MAP.txt","txt",7275,"2026-05-15 11:35:33.154914617 +0000","high_value_signal"
PVE_FILE_53,"/root/DELTA_LENOVO_CENTRAL/40_STEP_PROTOCOL/STEP_03_MODULE_MAP/STEP_03_STATUS.txt","/root/PVE_ALPINE_VALUE_EXPORT_PACKET_20260525_054348/FILES/FILE_STEP_03_STATUS.txt","txt",47,"2026-05-15 11:35:33.181114927 +0000","high_value_signal"
PVE_FILE_54,"/root/DELTA_LENOVO_CENTRAL/40_STEP_PROTOCOL/STEP_04_COMPLEXITY_REVIEW/STEP_04_CLASS_COUNT.txt","/root/PVE_ALPINE_VALUE_EXPORT_PACKET_20260525_054348/FILES/FILE_STEP_04_CLASS_COUNT.txt","txt",2,"2026-05-15 11:36:00.786814629 +0000","high_value_signal"
PVE_FILE_55,"/root/DELTA_LENOVO_CENTRAL/40_STEP_PROTOCOL/STEP_04_COMPLEXITY_REVIEW/STEP_04_FUNCTION_COUNT.txt","/root/PVE_ALPINE_VALUE_EXPORT_PACKET_20260525_054348/FILES/FILE_STEP_04_FUNCTION_COUNT.txt","txt",3,"2026-05-15 11:36:00.766643438 +0000","high_value_signal"
PVE_FILE_56,"/root/DELTA_LENOVO_CENTRAL/40_STEP_PROTOCOL/STEP_04_COMPLEXITY_REVIEW/STEP_04_SIGNAL_DENSITY.txt","/root/PVE_ALPINE_VALUE_EXPORT_PACKET_20260525_054348/FILES/FILE_STEP_04_SIGNAL_DENSITY.txt","txt",4,"2026-05-15 11:36:00.813761730 +0000","high_value_signal"
PVE_FILE_57,"/root/DELTA_LENOVO_CENTRAL/40_STEP_PROTOCOL/STEP_04_COMPLEXITY_REVIEW/STEP_04_STATUS.txt","/root/PVE_ALPINE_VALUE_EXPORT_PACKET_20260525_054348/FILES/FILE_STEP_04_STATUS.txt","txt",40,"2026-05-15 11:36:00.816171812 +0000","high_value_signal"
PVE_FILE_58,"/root/DELTA_LENOVO_CENTRAL/40_STEP_PROTOCOL/STEP_04_COMPLEXITY_REVIEW/STEP_04_TOTAL_LINES.txt","/root/PVE_ALPINE_VALUE_EXPORT_PACKET_20260525_054348/FILES/FILE_STEP_04_TOTAL_LINES.txt","txt",78,"2026-05-15 11:36:00.741871460 +0000","high_value_signal"
PVE_FILE_59,"/root/DELTA_LENOVO_CENTRAL/40_STEP_PROTOCOL/STEP_05_GOVERNANCE_EXTRACTION/STEP_05_CORE_GOVERNANCE_FUNCTIONS.txt","/root/PVE_ALPINE_VALUE_EXPORT_PACKET_20260525_054348/FILES/FILE_STEP_05_CORE_GOVERNANCE_FUNCTIONS.txt","txt",908,"2026-05-15 11:36:31.583874562 +0000","high_value_signal"
PVE_FILE_60,"/root/DELTA_LENOVO_CENTRAL/40_STEP_PROTOCOL/STEP_05_GOVERNANCE_EXTRACTION/STEP_05_GOVERNANCE_SIGNALS.txt","/root/PVE_ALPINE_VALUE_EXPORT_PACKET_20260525_054348/FILES/FILE_STEP_05_GOVERNANCE_SIGNALS.txt","txt",5204,"2026-05-15 11:36:31.554914087 +0000","high_value_signal"
PVE_FILE_61,"/root/DELTA_LENOVO_CENTRAL/40_STEP_PROTOCOL/STEP_05_GOVERNANCE_EXTRACTION/STEP_05_STATUS.txt","/root/PVE_ALPINE_VALUE_EXPORT_PACKET_20260525_054348/FILES/FILE_STEP_05_STATUS.txt","txt",44,"2026-05-15 11:36:31.586326143 +0000","high_value_signal"
PVE_FILE_62,"/root/DELTA_LENOVO_CENTRAL/40_STEP_PROTOCOL/STEP_06_OUTPUT_SURFACE/STEP_06_OUTPUT_SIGNALS.txt","/root/PVE_ALPINE_VALUE_EXPORT_PACKET_20260525_054348/FILES/FILE_STEP_06_OUTPUT_SIGNALS.txt","txt",3889,"2026-05-15 11:37:20.363368219 +0000","high_value_signal"
PVE_FILE_63,"/root/DELTA_LENOVO_CENTRAL/40_STEP_PROTOCOL/STEP_06_OUTPUT_SURFACE/STEP_06_OUTPUT_VARIABLES.txt","/root/PVE_ALPINE_VALUE_EXPORT_PACKET_20260525_054348/FILES/FILE_STEP_06_OUTPUT_VARIABLES.txt","txt",2165,"2026-05-15 11:37:20.393534484 +0000","high_value_signal"
PVE_FILE_64,"/root/DELTA_LENOVO_CENTRAL/40_STEP_PROTOCOL/STEP_06_OUTPUT_SURFACE/STEP_06_STATUS.txt","/root/PVE_ALPINE_VALUE_EXPORT_PACKET_20260525_054348/FILES/FILE_STEP_06_STATUS.txt","txt",44,"2026-05-15 11:37:20.396249815 +0000","high_value_signal"
PVE_FILE_65,"/root/DELTA_LENOVO_CENTRAL/40_STEP_PROTOCOL/STEP_07_FUNCTION_CLASSIFICATION/STEP_07_OUTPUT_FUNCTIONS.txt","/root/PVE_ALPINE_VALUE_EXPORT_PACKET_20260525_054348/FILES/FILE_STEP_07_OUTPUT_FUNCTIONS.txt","txt",716,"2026-05-15 11:37:52.275477779 +0000","high_value_signal"
PVE_FILE_66,"/root/DELTA_LENOVO_CENTRAL/40_STEP_PROTOCOL/STEP_07_FUNCTION_CLASSIFICATION/STEP_07_REVIEW_REQUIRED_FUNCTIONS.txt","/root/PVE_ALPINE_VALUE_EXPORT_PACKET_20260525_054348/FILES/FILE_STEP_07_REVIEW_REQUIRED_FUNCTIONS.txt","txt",480,"2026-05-15 11:37:52.298161968 +0000","high_value_signal"
PVE_FILE_67,"/root/DELTA_LENOVO_CENTRAL/40_STEP_PROTOCOL/STEP_07_FUNCTION_CLASSIFICATION/STEP_07_SAFE_GOVERNANCE_FUNCTIONS.txt","/root/PVE_ALPINE_VALUE_EXPORT_PACKET_20260525_054348/FILES/FILE_STEP_07_SAFE_GOVERNANCE_FUNCTIONS.txt","txt",1366,"2026-05-15 11:37:52.250680926 +0000","high_value_signal"
PVE_FILE_68,"/root/DELTA_LENOVO_CENTRAL/40_STEP_PROTOCOL/STEP_07_FUNCTION_CLASSIFICATION/STEP_07_STATUS.txt","/root/PVE_ALPINE_VALUE_EXPORT_PACKET_20260525_054348/FILES/FILE_STEP_07_STATUS.txt","txt",46,"2026-05-15 11:37:52.300513716 +0000","high_value_signal"
PVE_FILE_69,"/root/DELTA_LENOVO_CENTRAL/40_STEP_PROTOCOL/STEP_08_CANONICAL_PACKAGE/STEP_08_ALL_STEP_ARTIFACTS.txt","/root/PVE_ALPINE_VALUE_EXPORT_PACKET_20260525_054348/FILES/FILE_STEP_08_ALL_STEP_ARTIFACTS.txt","txt",2703,"2026-05-15 11:38:30.466695645 +0000","high_value_signal"
PVE_FILE_70,"/root/DELTA_LENOVO_CENTRAL/40_STEP_PROTOCOL/STEP_08_CANONICAL_PACKAGE/STEP_08_ALL_STEP_SHA256.txt","/root/PVE_ALPINE_VALUE_EXPORT_PACKET_20260525_054348/FILES/FILE_STEP_08_ALL_STEP_SHA256.txt","txt",4715,"2026-05-15 11:38:30.496548744 +0000","high_value_signal"
PVE_FILE_71,"/root/DELTA_LENOVO_CENTRAL/40_STEP_PROTOCOL/STEP_08_CANONICAL_PACKAGE/STEP_08_ARTIFACT_COUNT.txt","/root/PVE_ALPINE_VALUE_EXPORT_PACKET_20260525_054348/FILES/FILE_STEP_08_ARTIFACT_COUNT.txt","txt",104,"2026-05-15 11:38:30.500910074 +0000","high_value_signal"
PVE_FILE_72,"/root/DELTA_LENOVO_CENTRAL/40_STEP_PROTOCOL/STEP_08_CANONICAL_PACKAGE/STEP_08_STATUS.txt","/root/PVE_ALPINE_VALUE_EXPORT_PACKET_20260525_054348/FILES/FILE_STEP_08_STATUS.txt","txt",50,"2026-05-15 11:38:30.503249238 +0000","high_value_signal"
PVE_FILE_73,"/root/DELTA_LENOVO_CENTRAL/40_STEP_PROTOCOL/STEP_09_HASH_VERIFICATION/STEP_09_ARTIFACT_INDEX_HASH.txt","/root/PVE_ALPINE_VALUE_EXPORT_PACKET_20260525_054348/FILES/FILE_STEP_09_ARTIFACT_INDEX_HASH.txt","txt",167,"2026-05-15 11:39:13.517328337 +0000","high_value_signal"
PVE_FILE_74,"/root/DELTA_LENOVO_CENTRAL/40_STEP_PROTOCOL/STEP_09_HASH_VERIFICATION/STEP_09_PACKAGE_HASH.txt","/root/PVE_ALPINE_VALUE_EXPORT_PACKET_20260525_054348/FILES/FILE_STEP_09_PACKAGE_HASH.txt","txt",164,"2026-05-15 11:39:13.506664096 +0000","high_value_signal"
PVE_FILE_75,"/root/DELTA_LENOVO_CENTRAL/40_STEP_PROTOCOL/STEP_09_HASH_VERIFICATION/STEP_09_STATUS.txt","/root/PVE_ALPINE_VALUE_EXPORT_PACKET_20260525_054348/FILES/FILE_STEP_09_STATUS.txt","txt",40,"2026-05-15 11:39:13.521548583 +0000","high_value_signal"
PVE_FILE_76,"/root/DELTA_LENOVO_CENTRAL/40_STEP_PROTOCOL/STEP_10_STATUS_REPORT/STEP_10_DELTA_CORE_STATUS.txt","/root/PVE_ALPINE_VALUE_EXPORT_PACKET_20260525_054348/FILES/FILE_STEP_10_DELTA_CORE_STATUS.txt","txt",639,"2026-05-15 11:39:52.224540548 +0000","high_value_signal"
PVE_FILE_77,"/root/DELTA_LENOVO_CENTRAL/40_STEP_PROTOCOL/STEP_10_STATUS_REPORT/STEP_10_DELTA_CORE_STATUS_SHA256.txt","/root/PVE_ALPINE_VALUE_EXPORT_PACKET_20260525_054348/FILES/FILE_STEP_10_DELTA_CORE_STATUS_SHA256.txt","txt",162,"2026-05-15 11:39:52.229832960 +0000","high_value_signal"
PVE_FILE_78,"/root/DELTA_LENOVO_CENTRAL/50_HARMONIZATION/DELTA_HARMONIZATION_STATUS.sha256.txt","/root/PVE_ALPINE_VALUE_EXPORT_PACKET_20260525_054348/FILES/FILE_DELTA_HARMONIZATION_STATUS.sha256.txt","txt",141,"2026-05-15 11:41:02.315887821 +0000","high_value_signal"
PVE_FILE_79,"/root/DELTA_LENOVO_CENTRAL/50_HARMONIZATION/DELTA_HARMONIZATION_STATUS.txt","/root/PVE_ALPINE_VALUE_EXPORT_PACKET_20260525_054348/FILES/FILE_DELTA_HARMONIZATION_STATUS.txt","txt",845,"2026-05-15 11:41:01.421481639 +0000","general_visible_file"
PVE_FILE_80,"/root/DELTA_LENOVO_CENTRAL/99_STATIC_REPORTS/ALPINE_LARGE_FILE_CHECK/possible_duplicates_by_size.txt","/root/PVE_ALPINE_VALUE_EXPORT_PACKET_20260525_054348/FILES/FILE_possible_duplicates_by_size.txt","txt",63302,"2026-05-18 00:35:09.374776995 +0000","general_visible_file"
PVE_FILE_81,"/root/DELTA_LENOVO_CENTRAL/99_STATIC_REPORTS/ALPINE_LARGE_FILE_CHECK/top_100_largest_files.txt","/root/PVE_ALPINE_VALUE_EXPORT_PACKET_20260525_054348/FILES/FILE_top_100_largest_files.txt","txt",13989,"2026-05-18 00:29:12.791291810 +0000","general_visible_file"
PVE_FILE_82,"/root/DELTA_UNITY_ENGINE_v1_7.py","/root/PVE_ALPINE_VALUE_EXPORT_PACKET_20260525_054348/FILES/FILE_DELTA_UNITY_ENGINE_v1_7.py","py",6110,"2026-05-14 08:45:15.122245206 +0000","general_visible_file"
PVE_FILE_83,"/root/Desktop/CMU_MAC_WORKZONE/00_INTAKE_RAW/IPHONE_EXPORT_SAFE_20260524_145256/00_CONTROL/IPHONE_EXPORT_SAFE_STATUS.txt","/root/PVE_ALPINE_VALUE_EXPORT_PACKET_20260525_054348/FILES/FILE_IPHONE_EXPORT_SAFE_STATUS.txt","txt",384,"2026-05-24 14:52:57.026688128 +0000","high_value_signal"
PVE_FILE_84,"/root/Desktop/CMU_MAC_WORKZONE/00_INTAKE_RAW/IPHONE_EXPORT_SAFE_20260524_145352/00_CONTROL/IPHONE_EXPORT_SAFE_STATUS.txt","/root/PVE_ALPINE_VALUE_EXPORT_PACKET_20260525_054348/FILES/FILE_IPHONE_EXPORT_SAFE_STATUS.txt","txt",384,"2026-05-24 14:53:52.585704088 +0000","high_value_signal"
PVE_FILE_85,"/root/Documents/.Trash/00_Cover_Letter_EBRD.pdf.pdf","/root/PVE_ALPINE_VALUE_EXPORT_PACKET_20260525_054348/FILES/FILE_00_Cover_Letter_EBRD.pdf.pdf","pdf",1012235,"2026-03-22 16:28:25.341005854 +0000","general_visible_file"
PVE_FILE_86,"/root/Documents/.Trash/MAPA_CIJELOG_UREDAJA.txt","/root/PVE_ALPINE_VALUE_EXPORT_PACKET_20260525_054348/FILES/FILE_MAPA_CIJELOG_UREDAJA.txt","txt",48542,"2026-05-10 10:36:02.000000000 +0000","general_visible_file"
PVE_FILE_87,"/root/Documents/.Trash/PUNA_MAPA.txt","/root/PVE_ALPINE_VALUE_EXPORT_PACKET_20260525_054348/FILES/FILE_PUNA_MAPA.txt","txt",71143,"2026-05-10 10:36:34.000000000 +0000","general_visible_file"
PVE_FILE_88,"/root/Documents/.Trash/SVE_OSJETLJIVO.txt","/root/PVE_ALPINE_VALUE_EXPORT_PACKET_20260525_054348/FILES/FILE_SVE_OSJETLJIVO.txt","txt",0,"2026-05-10 10:41:00.000000000 +0000","general_visible_file"
PVE_FILE_89,"/root/Documents/.Trash/Strateške prilike za industrijsku ekspanziju.pdf","/root/PVE_ALPINE_VALUE_EXPORT_PACKET_20260525_054348/FILES/FILE_Strateške_prilike_za_industrijsku_ekspanziju.pdf","pdf",230199,"2026-03-27 14:12:41.143212893 +0000","general_visible_file"
PVE_FILE_90,"/root/Documents/.Trash/TITAN_GRID_v5_Full_Lender_Closing_Book.pdf","/root/PVE_ALPINE_VALUE_EXPORT_PACKET_20260525_054348/FILES/FILE_TITAN_GRID_v5_Full_Lender_Closing_Book.pdf","pdf",26406,"2026-03-23 04:14:37.383769922 +0000","high_value_signal"
PVE_FILE_91,"/root/Documents/000. Titan/ARS 23.pdf.pdf","/root/PVE_ALPINE_VALUE_EXPORT_PACKET_20260525_054348/FILES/FILE_ARS_23.pdf.pdf","pdf",124140,"2026-05-05 14:39:00.350860175 +0000","high_value_signal"
PVE_FILE_92,"/root/Documents/000. Titan/ARS 24.pdf.pdf","/root/PVE_ALPINE_VALUE_EXPORT_PACKET_20260525_054348/FILES/FILE_ARS_24.pdf.pdf","pdf",124468,"2026-05-05 14:39:11.199945032 +0000","high_value_signal"
PVE_FILE_93,"/root/Documents/000. Titan/ARS 25.pdf.pdf","/root/PVE_ALPINE_VALUE_EXPORT_PACKET_20260525_054348/FILES/FILE_ARS_25.pdf.pdf","pdf",125608,"2026-05-05 14:39:19.073944284 +0000","high_value_signal"
PVE_FILE_94,"/root/Documents/000. Titan/BS 2023.pdf","/root/PVE_ALPINE_VALUE_EXPORT_PACKET_20260525_054348/FILES/FILE_BS_2023.pdf","pdf",245981,"2026-05-05 14:42:29.045030377 +0000","high_value_signal"
PVE_FILE_95,"/root/Documents/000. Titan/BS 2024.pdf","/root/PVE_ALPINE_VALUE_EXPORT_PACKET_20260525_054348/FILES/FILE_BS_2024.pdf","pdf",249957,"2026-05-05 14:41:59.345787635 +0000","high_value_signal"
PVE_FILE_96,"/root/Documents/000. Titan/BS 2025.pdf","/root/PVE_ALPINE_VALUE_EXPORT_PACKET_20260525_054348/FILES/FILE_BS_2025.pdf","pdf",236016,"2026-05-05 14:41:49.927537091 +0000","high_value_signal"
PVE_FILE_97,"/root/Documents/000. Titan/BS 24 (2).pdf","/root/PVE_ALPINE_VALUE_EXPORT_PACKET_20260525_054348/FILES/FILE_BS_24_(2).pdf","pdf",243619,"2026-05-05 14:42:19.654629714 +0000","high_value_signal"
PVE_FILE_98,"/root/Documents/000. Titan/BU 2023.pdf","/root/PVE_ALPINE_VALUE_EXPORT_PACKET_20260525_054348/FILES/FILE_BU_2023.pdf","pdf",232213,"2026-05-05 14:41:35.485722619 +0000","high_value_signal"
PVE_FILE_99,"/root/Documents/000. Titan/BU 2024.pdf","/root/PVE_ALPINE_VALUE_EXPORT_PACKET_20260525_054348/FILES/FILE_BU_2024.pdf","pdf",236289,"2026-05-05 14:41:27.606189174 +0000","high_value_signal"
PVE_FILE_100,"/root/Documents/000. Titan/BU 2025.pdf","/root/PVE_ALPINE_VALUE_EXPORT_PACKET_20260525_054348/FILES/FILE_BU_2025.pdf","pdf",223848,"2026-05-05 14:41:18.163638321 +0000","high_value_signal"
PVE_FILE_101,"/root/Documents/000. Titan/CRPS 4 Izvod sa SVIM podaci.pdf","/root/PVE_ALPINE_VALUE_EXPORT_PACKET_20260525_054348/FILES/FILE_CRPS_4_Izvod_sa_SVIM_podaci.pdf","pdf",253176,"2026-05-05 14:50:04.385257116 +0000","high_value_signal"
PVE_FILE_102,"/root/Documents/000. Titan/CRPS 4 Rjesenje Uskladjivanje +Promjena Dir.pdf","/root/PVE_ALPINE_VALUE_EXPORT_PACKET_20260525_054348/FILES/FILE_CRPS_4_Rjesenje_Uskladjivanje_+Promjena_Dir.pdf","pdf",143827,"2026-05-05 14:50:04.156800689 +0000","high_value_signal"
PVE_FILE_103,"/root/Documents/000. Titan/Izjava o Uskladjivanju-pp.pdf","/root/PVE_ALPINE_VALUE_EXPORT_PACKET_20260525_054348/FILES/FILE_Izjava_o_Uskladjivanju-pp.pdf","pdf",274045,"2026-05-05 14:50:04.240449297 +0000","high_value_signal"
PVE_FILE_104,"/root/Documents/000. Titan/Odluka o imenovanju Ovl.Zastup.-pp.pdf","/root/PVE_ALPINE_VALUE_EXPORT_PACKET_20260525_054348/FILES/FILE_Odluka_o_imenovanju_Ovl.Zastup.-pp.pdf","pdf",184866,"2026-05-05 14:50:04.192604343 +0000","high_value_signal"
PVE_FILE_105,"/root/Documents/000. Titan/Odluka o prom. Tipa posl. Uloge-pp.pdf","/root/PVE_ALPINE_VALUE_EXPORT_PACKET_20260525_054348/FILES/FILE_Odluka_o_prom._Tipa_posl._Uloge-pp.pdf","pdf",269682,"2026-05-05 14:50:04.233162692 +0000","high_value_signal"
PVE_FILE_106,"/root/Documents/000. Titan/Odluka o promjeni Direktora-pp.pdf","/root/PVE_ALPINE_VALUE_EXPORT_PACKET_20260525_054348/FILES/FILE_Odluka_o_promjeni_Direktora-pp.pdf","pdf",184881,"2026-05-05 14:50:04.152239535 +0000","high_value_signal"
PVE_FILE_107,"/root/Documents/000. Titan/Odluka o promjeni Kontakta-pp.pdf","/root/PVE_ALPINE_VALUE_EXPORT_PACKET_20260525_054348/FILES/FILE_Odluka_o_promjeni_Kontakta-pp.pdf","pdf",271986,"2026-05-05 14:50:04.242461959 +0000","high_value_signal"
PVE_FILE_108,"/root/Documents/000. Titan/Odluka o promjeni Prefiksa-pp.pdf","/root/PVE_ALPINE_VALUE_EXPORT_PACKET_20260525_054348/FILES/FILE_Odluka_o_promjeni_Prefiksa-pp.pdf","pdf",268805,"2026-05-05 14:50:04.197534871 +0000","high_value_signal"
PVE_FILE_109,"/root/Documents/000. Titan/Odluka o usvajanju novog Statuta-pp.pdf","/root/PVE_ALPINE_VALUE_EXPORT_PACKET_20260525_054348/FILES/FILE_Odluka_o_usvajanju_novog_Statuta-pp.pdf","pdf",188298,"2026-05-05 14:50:04.269284095 +0000","high_value_signal"
PVE_FILE_110,"/root/Documents/000. Titan/Saglasnost Imenovanje Ovl.Zastup.-pp.pdf","/root/PVE_ALPINE_VALUE_EXPORT_PACKET_20260525_054348/FILES/FILE_Saglasnost_Imenovanje_Ovl.Zastup.-pp.pdf","pdf",189110,"2026-05-05 14:50:04.238134595 +0000","high_value_signal"
PVE_FILE_111,"/root/Documents/000. Titan/Statut (mne+eng)-pp.pdf","/root/PVE_ALPINE_VALUE_EXPORT_PACKET_20260525_054348/FILES/FILE_Statut_(mne+eng)-pp.pdf","pdf",998981,"2026-05-05 14:50:04.259868537 +0000","high_value_signal"
PVE_FILE_112,"/root/Documents/000. Titan/srkretarijat za Urbanizam - Rešenje 07-322-25-8472-1 od 26.11.2025.pdf","/root/PVE_ALPINE_VALUE_EXPORT_PACKET_20260525_054348/FILES/FILE_srkretarijat_za_Urbanizam_-_Rešenje_07-322-25-8472-1_od_26.11.2025.pdf","pdf",1783954,"2026-05-05 14:36:47.020139396 +0000","high_value_signal"
PVE_FILE_113,"/root/Documents/0000000000000/DANASSSSS/001. INVESTICIONI PLAN IRF kopyası.pdf","/root/PVE_ALPINE_VALUE_EXPORT_PACKET_20260525_054348/FILES/FILE_001._INVESTICIONI_PLAN_IRF_kopyası.pdf","pdf",589579,"2026-04-06 02:15:40.967809603 +0000","general_visible_file"
PVE_FILE_114,"/root/Documents/0000000000000/DANASSSSS/00_Cover_Letter_EBRD.pdf.pdf","/root/PVE_ALPINE_VALUE_EXPORT_PACKET_20260525_054348/FILES/FILE_00_Cover_Letter_EBRD.pdf.pdf","pdf",1012235,"2026-03-22 16:28:25.341005854 +0000","general_visible_file"
PVE_FILE_115,"/root/Documents/0000000000000/DANASSSSS/00_Cover_Letter_EIB.pdf.pdf","/root/PVE_ALPINE_VALUE_EXPORT_PACKET_20260525_054348/FILES/FILE_00_Cover_Letter_EIB.pdf.pdf","pdf",1010249,"2026-03-22 16:28:25.337491124 +0000","general_visible_file"
PVE_FILE_116,"/root/Documents/0000000000000/DANASSSSS/00_STRATESKI_MEMORANDUM_Vlada_CG.pdf.pdf","/root/PVE_ALPINE_VALUE_EXPORT_PACKET_20260525_054348/FILES/FILE_00_STRATESKI_MEMORANDUM_Vlada_CG.pdf.pdf","pdf",1009394,"2026-03-22 16:28:25.348525602 +0000","general_visible_file"
PVE_FILE_117,"/root/Documents/0000000000000/DANASSSSS/01.1_DSCR.pdf","/root/PVE_ALPINE_VALUE_EXPORT_PACKET_20260525_054348/FILES/FILE_01.1_DSCR.pdf","pdf",1024047,"2026-03-22 16:28:25.322343878 +0000","general_visible_file"
PVE_FILE_118,"/root/Documents/0000000000000/DANASSSSS/01.2_Stress_Test.pdf","/root/PVE_ALPINE_VALUE_EXPORT_PACKET_20260525_054348/FILES/FILE_01.2_Stress_Test.pdf","pdf",1034809,"2026-03-22 16:28:25.356359140 +0000","general_visible_file"
PVE_FILE_119,"/root/Documents/0000000000000/DANASSSSS/01.3_Pass-Through.pdf","/root/PVE_ALPINE_VALUE_EXPORT_PACKET_20260525_054348/FILES/FILE_01.3_Pass-Through.pdf","pdf",1029294,"2026-03-22 16:28:25.304819313 +0000","general_visible_file"
PVE_FILE_120,"/root/Documents/0000000000000/DANASSSSS/01.4_Security.pdf","/root/PVE_ALPINE_VALUE_EXPORT_PACKET_20260525_054348/FILES/FILE_01.4_Security.pdf","pdf",1095581,"2026-03-22 16:28:25.352181205 +0000","general_visible_file"
PVE_FILE_121,"/root/Documents/0000000000000/DANASSSSS/01.5_Velocity.pdf","/root/PVE_ALPINE_VALUE_EXPORT_PACKET_20260525_054348/FILES/FILE_01.5_Velocity.pdf","pdf",1013625,"2026-03-22 16:28:25.349275764 +0000","general_visible_file"
PVE_FILE_122,"/root/Documents/0000000000000/DANASSSSS/ADS GAZETE SON.pdf","/root/PVE_ALPINE_VALUE_EXPORT_PACKET_20260525_054348/FILES/FILE_ADS_GAZETE_SON.pdf","pdf",40696,"2026-05-09 14:51:00.833569913 +0000","high_value_signal"
PVE_FILE_123,"/root/Documents/0000000000000/DANASSSSS/ADS İMZA SİRKÜSÜ 2027.pdf","/root/PVE_ALPINE_VALUE_EXPORT_PACKET_20260525_054348/FILES/FILE_ADS_İMZA_SİRKÜSÜ_2027.pdf","pdf",3519079,"2026-05-09 14:51:01.107755893 +0000","high_value_signal"
PVE_FILE_124,"/root/Documents/0000000000000/DANASSSSS/ARS 23.pdf.pdf","/root/PVE_ALPINE_VALUE_EXPORT_PACKET_20260525_054348/FILES/FILE_ARS_23.pdf.pdf","pdf",124140,"2026-05-05 14:39:00.350860175 +0000","high_value_signal"
PVE_FILE_125,"/root/Documents/0000000000000/DANASSSSS/ARS 24.pdf.pdf","/root/PVE_ALPINE_VALUE_EXPORT_PACKET_20260525_054348/FILES/FILE_ARS_24.pdf.pdf","pdf",124468,"2026-05-05 14:39:11.199945032 +0000","high_value_signal"
PVE_FILE_126,"/root/Documents/0000000000000/DANASSSSS/ARS 25.pdf.pdf","/root/PVE_ALPINE_VALUE_EXPORT_PACKET_20260525_054348/FILES/FILE_ARS_25.pdf.pdf","pdf",125608,"2026-05-05 14:39:19.073944284 +0000","high_value_signal"
PVE_FILE_127,"/root/Documents/0000000000000/DANASSSSS/Analiza snaga tri firme za EU platformu.pdf","/root/PVE_ALPINE_VALUE_EXPORT_PACKET_20260525_054348/FILES/FILE_Analiza_snaga_tri_firme_za_EU_platformu.pdf","pdf",233894,"2026-03-27 14:11:08.764056171 +0000","general_visible_file"
PVE_FILE_128,"/root/Documents/0000000000000/DANASSSSS/Assignment tracker.pdf","/root/PVE_ALPINE_VALUE_EXPORT_PACKET_20260525_054348/FILES/FILE_Assignment_tracker.pdf","pdf",125990,"2026-04-04 12:56:53.408111920 +0000","general_visible_file"
PVE_FILE_129,"/root/Documents/0000000000000/DANASSSSS/BS 2023.pdf","/root/PVE_ALPINE_VALUE_EXPORT_PACKET_20260525_054348/FILES/FILE_BS_2023.pdf","pdf",245981,"2026-05-05 14:42:29.045030377 +0000","general_visible_file"
PVE_FILE_130,"/root/Documents/0000000000000/DANASSSSS/BU 2023.pdf","/root/PVE_ALPINE_VALUE_EXPORT_PACKET_20260525_054348/FILES/FILE_BU_2023.pdf","pdf",232213,"2026-05-05 14:41:35.485722619 +0000","general_visible_file"
PVE_FILE_131,"/root/Documents/0000000000000/DANASSSSS/BU 2024.pdf","/root/PVE_ALPINE_VALUE_EXPORT_PACKET_20260525_054348/FILES/FILE_BU_2024.pdf","pdf",236289,"2026-05-05 14:41:27.606189174 +0000","general_visible_file"
PVE_FILE_132,"/root/Documents/0000000000000/DANASSSSS/BU 2025.pdf","/root/PVE_ALPINE_VALUE_EXPORT_PACKET_20260525_054348/FILES/FILE_BU_2025.pdf","pdf",223848,"2026-05-05 14:41:18.163638321 +0000","general_visible_file"
PVE_FILE_133,"/root/Documents/0000000000000/DANASSSSS/CRPS 4 Izvod sa SVIM podaci.pdf","/root/PVE_ALPINE_VALUE_EXPORT_PACKET_20260525_054348/FILES/FILE_CRPS_4_Izvod_sa_SVIM_podaci.pdf","pdf",253176,"2026-05-05 14:50:04.385257116 +0000","general_visible_file"
PVE_FILE_134,"/root/Documents/0000000000000/DANASSSSS/CRPS 4 Rjesenje Uskladjivanje +Promjena Dir.pdf","/root/PVE_ALPINE_VALUE_EXPORT_PACKET_20260525_054348/FILES/FILE_CRPS_4_Rjesenje_Uskladjivanje_+Promjena_Dir.pdf","pdf",143827,"2026-05-05 14:50:04.156800689 +0000","general_visible_file"
PVE_FILE_135,"/root/Documents/0000000000000/DANASSSSS/ECO + ARS Komercijalna Ekspanzija i Liderstvo.pdf","/root/PVE_ALPINE_VALUE_EXPORT_PACKET_20260525_054348/FILES/FILE_ECO_+_ARS_Komercijalna_Ekspanzija_i_Liderstvo.pdf","pdf",178531,"2026-03-27 17:33:19.317123817 +0000","high_value_signal"
PVE_FILE_136,"/root/Documents/0000000000000/DANASSSSS/Eco Transformer doo- analitical card.pdf","/root/PVE_ALPINE_VALUE_EXPORT_PACKET_20260525_054348/FILES/FILE_Eco_Transformer_doo-_analitical_card.pdf","pdf",523190,"2025-12-16 10:17:23.184845639 +0000","general_visible_file"
PVE_FILE_137,"/root/Documents/0000000000000/DANASSSSS/FIN-2.1 EXECUTIVE FINANCIAL DASHBOARD (PREGLED).pdf","/root/PVE_ALPINE_VALUE_EXPORT_PACKET_20260525_054348/FILES/FILE_FIN-2.1_EXECUTIVE_FINANCIAL_DASHBOARD_(PREGLED).pdf","pdf",926816,"2026-03-25 19:26:21.561796745 +0000","general_visible_file"
PVE_FILE_138,"/root/Documents/0000000000000/DANASSSSS/FIN-2.1 Executive Financial Dashboard.pdf","/root/PVE_ALPINE_VALUE_EXPORT_PACKET_20260525_054348/FILES/FILE_FIN-2.1_Executive_Financial_Dashboard.pdf","pdf",1246560,"2026-03-25 19:26:22.464436436 +0000","general_visible_file"
PVE_FILE_139,"/root/Documents/0000000000000/DANASSSSS/FIN-2.2 CAPEX Schedule .pdf","/root/PVE_ALPINE_VALUE_EXPORT_PACKET_20260525_054348/FILES/FILE_FIN-2.2_CAPEX_Schedule_.pdf","pdf",1417042,"2026-03-25 19:26:22.351482283 +0000","general_visible_file"
PVE_FILE_140,"/root/Documents/0000000000000/DANASSSSS/FIN-2.2 CAPEX Schedule – Capital Deployment Strategy.pdf","/root/PVE_ALPINE_VALUE_EXPORT_PACKET_20260525_054348/FILES/FILE_FIN-2.2_CAPEX_Schedule_–_Capital_Deployment_Strategy.pdf","pdf",1416685,"2026-03-25 19:26:22.519334564 +0000","general_visible_file"
PVE_FILE_141,"/root/Documents/0000000000000/DANASSSSS/FIN-2.4 OPERATIVNI TROŠKOVI I MATRICA RADNE SNAGE (OPEX & LABOR).pdf","/root/PVE_ALPINE_VALUE_EXPORT_PACKET_20260525_054348/FILES/FILE_FIN-2.4_OPERATIVNI_TROŠKOVI_I_MATRICA_RADNE_SNAGE_(OPEX_&_LABOR).pdf","pdf",1042535,"2026-03-25 19:26:21.665238789 +0000","general_visible_file"
PVE_FILE_142,"/root/Documents/0000000000000/DANASSSSS/FIN-2.4 OPEX & Labor Matrix.pdf","/root/PVE_ALPINE_VALUE_EXPORT_PACKET_20260525_054348/FILES/FILE_FIN-2.4_OPEX_&_Labor_Matrix.pdf","pdf",1034076,"2026-03-25 19:26:21.601709797 +0000","general_visible_file"
PVE_FILE_143,"/root/Documents/0000000000000/DANASSSSS/FIN-2.5 Energy Arbitrage (1.4 MWp).pdf","/root/PVE_ALPINE_VALUE_EXPORT_PACKET_20260525_054348/FILES/FILE_FIN-2.5_Energy_Arbitrage_(1.4_MWp).pdf","pdf",1003116,"2026-03-25 19:26:21.674989022 +0000","general_visible_file"
PVE_FILE_144,"/root/Documents/0000000000000/DANASSSSS/IRF - PRIRUCNIK ZA IZRADU INV PROJEKATA 2013 - do 50.pdf","/root/PVE_ALPINE_VALUE_EXPORT_PACKET_20260525_054348/FILES/FILE_IRF_-_PRIRUCNIK_ZA_IZRADU_INV_PROJEKATA_2013_-_do_50.pdf","pdf",274267,"2026-03-02 14:48:59.839611000 +0000","general_visible_file"
PVE_FILE_145,"/root/Documents/0000000000000/DANASSSSS/Implementacioni Plan Od Stabilizacije do Hegemoni....pdf","/root/PVE_ALPINE_VALUE_EXPORT_PACKET_20260525_054348/FILES/FILE_Implementacioni_Plan_Od_Stabilizacije_do_Hegemoni....pdf","pdf",213181,"2026-03-27 14:46:50.145809043 +0000","general_visible_file"
PVE_FILE_146,"/root/Documents/0000000000000/DANASSSSS/Industrijska Transformacija Od Haosa Ka Sistemu.pdf","/root/PVE_ALPINE_VALUE_EXPORT_PACKET_20260525_054348/FILES/FILE_Industrijska_Transformacija_Od_Haosa_Ka_Sistemu.pdf","pdf",193687,"2026-03-27 17:34:05.933879184 +0000","general_visible_file"
PVE_FILE_147,"/root/Documents/0000000000000/DANASSSSS/Izjava o Uskladjivanju-pp.pdf","/root/PVE_ALPINE_VALUE_EXPORT_PACKET_20260525_054348/FILES/FILE_Izjava_o_Uskladjivanju-pp.pdf","pdf",274045,"2026-05-05 14:50:04.240449297 +0000","general_visible_file"
PVE_FILE_148,"/root/Documents/0000000000000/DANASSSSS/Kontrola nabavke Moć u industriji.pdf","/root/PVE_ALPINE_VALUE_EXPORT_PACKET_20260525_054348/FILES/FILE_Kontrola_nabavke_Moć_u_industriji.pdf","pdf",200427,"2026-03-27 17:23:06.657353423 +0000","general_visible_file"
PVE_FILE_149,"/root/Documents/0000000000000/DANASSSSS/Kopija Plana.pdf","/root/PVE_ALPINE_VALUE_EXPORT_PACKET_20260525_054348/FILES/FILE_Kopija_Plana.pdf","pdf",1233716,"2026-02-05 22:47:25.669296799 +0000","general_visible_file"
PVE_FILE_150,"/root/Documents/0000000000000/DANASSSSS/Ljudski kapital Mikro-koraci za Fabriku.pdf","/root/PVE_ALPINE_VALUE_EXPORT_PACKET_20260525_054348/FILES/FILE_Ljudski_kapital_Mikro-koraci_za_Fabriku.pdf","pdf",199249,"2026-03-27 17:21:54.656498136 +0000","general_visible_file"
PVE_FILE_151,"/root/Documents/0000000000000/DANASSSSS/ORG-001_Project_Concept_Note.pdf (3).pdf","/root/PVE_ALPINE_VALUE_EXPORT_PACKET_20260525_054348/FILES/FILE_ORG-001_Project_Concept_Note.pdf_(3).pdf","pdf",658434,"2026-03-24 12:39:39.995679031 +0000","general_visible_file"
PVE_FILE_152,"/root/Documents/0000000000000/DANASSSSS/Odluka o imenovanju Ovl.Zastup.-pp.pdf","/root/PVE_ALPINE_VALUE_EXPORT_PACKET_20260525_054348/FILES/FILE_Odluka_o_imenovanju_Ovl.Zastup.-pp.pdf","pdf",184866,"2026-05-05 14:50:04.192604343 +0000","general_visible_file"
PVE_FILE_153,"/root/Documents/0000000000000/DANASSSSS/Odluka o promjeni Kontakta-pp.pdf","/root/PVE_ALPINE_VALUE_EXPORT_PACKET_20260525_054348/FILES/FILE_Odluka_o_promjeni_Kontakta-pp.pdf","pdf",271986,"2026-05-05 14:50:04.242461959 +0000","general_visible_file"
PVE_FILE_154,"/root/Documents/0000000000000/DANASSSSS/Odluka o promjeni Prefiksa-pp.pdf","/root/PVE_ALPINE_VALUE_EXPORT_PACKET_20260525_054348/FILES/FILE_Odluka_o_promjeni_Prefiksa-pp.pdf","pdf",268805,"2026-05-05 14:50:04.197534871 +0000","general_visible_file"
PVE_FILE_155,"/root/Documents/0000000000000/DANASSSSS/Odluka o usvajanju novog Statuta-pp.pdf","/root/PVE_ALPINE_VALUE_EXPORT_PACKET_20260525_054348/FILES/FILE_Odluka_o_usvajanju_novog_Statuta-pp.pdf","pdf",188298,"2026-05-05 14:50:04.269284095 +0000","general_visible_file"
PVE_FILE_156,"/root/Documents/0000000000000/DANASSSSS/PHOTO-2026-03-22-23-40-42.jpg","/root/PVE_ALPINE_VALUE_EXPORT_PACKET_20260525_054348/FILES/FILE_PHOTO-2026-03-22-23-40-42.jpg","jpg",311210,"2026-03-22 22:56:09.462118929 +0000","general_visible_file"
PVE_FILE_157,"/root/Documents/0000000000000/DANASSSSS/PHOTO-2026-04-06-07-59-05.jpg","/root/PVE_ALPINE_VALUE_EXPORT_PACKET_20260525_054348/FILES/FILE_PHOTO-2026-04-06-07-59-05.jpg","jpg",108449,"2026-04-06 05:59:06.480025919 +0000","general_visible_file"
PVE_FILE_158,"/root/Documents/0000000000000/DANASSSSS/PHOTO-2026-04-06-07-59-07.jpg","/root/PVE_ALPINE_VALUE_EXPORT_PACKET_20260525_054348/FILES/FILE_PHOTO-2026-04-06-07-59-07.jpg","jpg",183114,"2026-04-06 05:59:07.521823220 +0000","general_visible_file"
PVE_FILE_159,"/root/Documents/0000000000000/DANASSSSS/PHOTO-2026-04-06-07-59-08.jpg","/root/PVE_ALPINE_VALUE_EXPORT_PACKET_20260525_054348/FILES/FILE_PHOTO-2026-04-06-07-59-08.jpg","jpg",311307,"2026-04-06 05:59:09.558066054 +0000","general_visible_file"
PVE_FILE_160,"/root/Documents/0000000000000/DANASSSSS/PHOTO-2026-04-20-09-17-46.jpg","/root/PVE_ALPINE_VALUE_EXPORT_PACKET_20260525_054348/FILES/FILE_PHOTO-2026-04-20-09-17-46.jpg","jpg",44012,"2026-02-17 14:06:08.762941292 +0000","general_visible_file"
PVE_FILE_161,"/root/Documents/0000000000000/DANASSSSS/Plan Implementacije Industrijske Hegemonije.pdf","/root/PVE_ALPINE_VALUE_EXPORT_PACKET_20260525_054348/FILES/FILE_Plan_Implementacije_Industrijske_Hegemonije.pdf","pdf",182158,"2026-03-27 14:06:29.494346500 +0000","general_visible_file"
PVE_FILE_162,"/root/Documents/0000000000000/DANASSSSS/Poslovni plan za investitora 20 tačaka.pdf","/root/PVE_ALPINE_VALUE_EXPORT_PACKET_20260525_054348/FILES/FILE_Poslovni_plan_za_investitora_20_tačaka.pdf","pdf",178246,"2026-03-27 14:43:07.463005959 +0000","general_visible_file"
PVE_FILE_163,"/root/Documents/0000000000000/DANASSSSS/Preliminary Information Memorandum (PIM) .pdf","/root/PVE_ALPINE_VALUE_EXPORT_PACKET_20260525_054348/FILES/FILE_Preliminary_Information_Memorandum_(PIM)_.pdf","pdf",2256607,"2026-03-24 17:20:30.020050396 +0000","general_visible_file"
PVE_FILE_164,"/root/Documents/0000000000000/DANASSSSS/README.md","/root/PVE_ALPINE_VALUE_EXPORT_PACKET_20260525_054348/FILES/FILE_README.md","md",883,"2026-04-03 07:29:05.000000000 +0000","general_visible_file"
PVE_FILE_165,"/root/Documents/0000000000000/DANASSSSS/SA 2025.pdf","/root/PVE_ALPINE_VALUE_EXPORT_PACKET_20260525_054348/FILES/FILE_SA_2025.pdf","pdf",225732,"2026-02-06 07:58:57.095160000 +0000","general_visible_file"
PVE_FILE_166,"/root/Documents/0000000000000/DANASSSSS/Saglasnost Imenovanje Direktora-pp.pdf","/root/PVE_ALPINE_VALUE_EXPORT_PACKET_20260525_054348/FILES/FILE_Saglasnost_Imenovanje_Direktora-pp.pdf","pdf",188881,"2026-05-05 14:50:04.273965707 +0000","general_visible_file"
PVE_FILE_167,"/root/Documents/0000000000000/DANASSSSS/Saglasnost Imenovanje Ovl.Zastup.-pp.pdf","/root/PVE_ALPINE_VALUE_EXPORT_PACKET_20260525_054348/FILES/FILE_Saglasnost_Imenovanje_Ovl.Zastup.-pp.pdf","pdf",189110,"2026-05-05 14:50:04.238134595 +0000","general_visible_file"
PVE_FILE_168,"/root/Documents/0000000000000/DANASSSSS/Statut (mne+eng)-pp.pdf","/root/PVE_ALPINE_VALUE_EXPORT_PACKET_20260525_054348/FILES/FILE_Statut_(mne+eng)-pp.pdf","pdf",998981,"2026-05-05 14:50:04.259868537 +0000","general_visible_file"
PVE_FILE_169,"/root/Documents/0000000000000/DANASSSSS/Strategija Visoko Svjesnog Bića.pdf","/root/PVE_ALPINE_VALUE_EXPORT_PACKET_20260525_054348/FILES/FILE_Strategija_Visoko_Svjesnog_Bića.pdf","pdf",151851,"2026-03-27 17:20:48.292134162 +0000","general_visible_file"
PVE_FILE_170,"/root/Documents/0000000000000/DANASSSSS/Strateške prilike za industrijsku ekspanziju.pdf","/root/PVE_ALPINE_VALUE_EXPORT_PACKET_20260525_054348/FILES/FILE_Strateške_prilike_za_industrijsku_ekspanziju.pdf","pdf",230199,"2026-03-27 14:12:41.143212893 +0000","general_visible_file"
PVE_FILE_171,"/root/Documents/0000000000000/DANASSSSS/Strateški Plan za Industrijsku Moć.pdf","/root/PVE_ALPINE_VALUE_EXPORT_PACKET_20260525_054348/FILES/FILE_Strateški_Plan_za_Industrijsku_Moć.pdf","pdf",208733,"2026-03-27 17:38:28.098977482 +0000","general_visible_file"
PVE_FILE_172,"/root/Documents/0000000000000/DANASSSSS/Strateški model akvizicije ECO-a.pdf","/root/PVE_ALPINE_VALUE_EXPORT_PACKET_20260525_054348/FILES/FILE_Strateški_model_akvizicije_ECO-a.pdf","pdf",242874,"2026-03-27 14:48:40.378642351 +0000","high_value_signal"
PVE_FILE_173,"/root/Documents/0000000000000/DANASSSSS/TITAN_GRID_Risk_Allocation_Matrix_Annex.pdf","/root/PVE_ALPINE_VALUE_EXPORT_PACKET_20260525_054348/FILES/FILE_TITAN_GRID_Risk_Allocation_Matrix_Annex.pdf","pdf",53829,"2026-04-20 18:17:16.977072827 +0000","high_value_signal"
PVE_FILE_174,"/root/Documents/0000000000000/DANASSSSS/TITAN_GRID_v5_Full_Lender_Closing_Book.pdf","/root/PVE_ALPINE_VALUE_EXPORT_PACKET_20260525_054348/FILES/FILE_TITAN_GRID_v5_Full_Lender_Closing_Book.pdf","pdf",26406,"2026-03-23 04:14:37.383769922 +0000","high_value_signal"
PVE_FILE_175,"/root/Documents/0000000000000/DANASSSSS/Titan_Grid_v52_Credit_Committee_Pack.pdf","/root/PVE_ALPINE_VALUE_EXPORT_PACKET_20260525_054348/FILES/FILE_Titan_Grid_v52_Credit_Committee_Pack.pdf","pdf",1215615,"2026-03-25 23:52:56.376382627 +0000","high_value_signal"
PVE_FILE_176,"/root/Documents/0000000000000/DANASSSSS/ads vl 2025.pdf","/root/PVE_ALPINE_VALUE_EXPORT_PACKET_20260525_054348/FILES/FILE_ads_vl_2025.pdf","pdf",71412,"2026-05-09 14:51:00.867880135 +0000","high_value_signal"
PVE_FILE_177,"/root/Documents/0000000000000/DANASSSSS/grok_mutation_generator_safe_only.csv","/root/PVE_ALPINE_VALUE_EXPORT_PACKET_20260525_054348/FILES/FILE_grok_mutation_generator_safe_only.csv","csv",102514,"2026-03-31 22:22:18.360251555 +0000","general_visible_file"
PVE_FILE_178,"/root/Documents/0000000000000/DANASSSSS/rjesenje.pdf","/root/PVE_ALPINE_VALUE_EXPORT_PACKET_20260525_054348/FILES/FILE_rjesenje.pdf","pdf",881580,"2025-12-16 13:27:26.611124868 +0000","general_visible_file"
PVE_FILE_179,"/root/Documents/0000000000000/DANASSSSS/srkretarijat za Urbanizam - Rešenje 07-322-25-8472-1 od 26.11.2025.pdf","/root/PVE_ALPINE_VALUE_EXPORT_PACKET_20260525_054348/FILES/FILE_srkretarijat_za_Urbanizam_-_Rešenje_07-322-25-8472-1_od_26.11.2025.pdf","pdf",1783954,"2026-05-05 14:36:47.020139396 +0000","general_visible_file"
PVE_FILE_180,"/root/Documents/0000000000000/DANASSSSS/study trial.pdf","/root/PVE_ALPINE_VALUE_EXPORT_PACKET_20260525_054348/FILES/FILE_study_trial.pdf","pdf",6291288,"2026-04-06 23:57:19.671860949 +0000","general_visible_file"
PVE_FILE_181,"/root/Documents/0000000000000/DANASSSSS/text 2.txt","/root/PVE_ALPINE_VALUE_EXPORT_PACKET_20260525_054348/FILES/FILE_text_2.txt","txt",55,"2026-05-18 13:31:26.405074735 +0000","general_visible_file"
PVE_FILE_182,"/root/Documents/0000000000000/DANASSSSS/text 3.txt","/root/PVE_ALPINE_VALUE_EXPORT_PACKET_20260525_054348/FILES/FILE_text_3.txt","txt",55,"2026-05-18 13:31:44.973783475 +0000","general_visible_file"
PVE_FILE_183,"/root/Documents/0000000000000/DANASSSSS/text 4.txt","/root/PVE_ALPINE_VALUE_EXPORT_PACKET_20260525_054348/FILES/FILE_text_4.txt","txt",55,"2026-05-18 13:31:59.554563158 +0000","general_visible_file"
PVE_FILE_184,"/root/Documents/0000000000000/DANASSSSS/text 5.txt","/root/PVE_ALPINE_VALUE_EXPORT_PACKET_20260525_054348/FILES/FILE_text_5.txt","txt",55,"2026-05-18 14:01:58.968845259 +0000","general_visible_file"
PVE_FILE_185,"/root/Documents/0000000000000/DANASSSSS/text.txt","/root/PVE_ALPINE_VALUE_EXPORT_PACKET_20260525_054348/FILES/FILE_text.txt","txt",55,"2026-05-18 13:29:59.610342976 +0000","general_visible_file"
PVE_FILE_186,"/root/Documents/0000000000000/TITANGRID_DELTA_888_DIGITAL_TRANSFORMER.py","/root/PVE_ALPINE_VALUE_EXPORT_PACKET_20260525_054348/FILES/FILE_TITANGRID_DELTA_888_DIGITAL_TRANSFORMER.py","py",47757,"2026-05-13 20:19:46.270187530 +0000","high_value_signal"
PVE_FILE_187,"/root/Documents/0000000000000/vDR/Kopija Plana.pdf","/root/PVE_ALPINE_VALUE_EXPORT_PACKET_20260525_054348/FILES/FILE_Kopija_Plana.pdf","pdf",1233716,"2026-02-05 22:47:25.669296799 +0000","general_visible_file"
PVE_FILE_188,"/root/Documents/001. Zakoni i regulative/Zakon_o_privrednim_drustvima_2025.pdf","/root/PVE_ALPINE_VALUE_EXPORT_PACKET_20260525_054348/FILES/FILE_Zakon_o_privrednim_drustvima_2025.pdf","pdf",1294781,"2026-01-29 20:17:00.537514816 +0000","general_visible_file"
PVE_FILE_189,"/root/Documents/001. Zakoni i regulative/zakon-o-izgradnji-objekata.pdf","/root/PVE_ALPINE_VALUE_EXPORT_PACKET_20260525_054348/FILES/FILE_zakon-o-izgradnji-objekata.pdf","pdf",350283,"2026-02-02 19:42:12.111048697 +0000","general_visible_file"
PVE_FILE_190,"/root/Documents/001. Zakoni i regulative/zakon-o-radu.pdf","/root/PVE_ALPINE_VALUE_EXPORT_PACKET_20260525_054348/FILES/FILE_zakon-o-radu.pdf","pdf",543796,"2026-02-02 19:40:39.310855081 +0000","general_visible_file"
PVE_FILE_191,"/root/Documents/003 DELTA/37_system_index_builder.py","/root/PVE_ALPINE_VALUE_EXPORT_PACKET_20260525_054348/FILES/FILE_37_system_index_builder.py","py",4667,"2026-05-05 23:48:52.000000000 +0000","general_visible_file"
PVE_FILE_192,"/root/Documents/003 DELTA/TITAN_FINAL_HUMAN_REVIEW_CHECKLIST.md","/root/PVE_ALPINE_VALUE_EXPORT_PACKET_20260525_054348/FILES/FILE_TITAN_FINAL_HUMAN_REVIEW_CHECKLIST.md","md",13200,"2026-05-06 03:05:03.773142974 +0000","high_value_signal"
PVE_FILE_193,"/root/Documents/003. PPP/Montenegro_PPP_Framework_Analysis.pdf","/root/PVE_ALPINE_VALUE_EXPORT_PACKET_20260525_054348/FILES/FILE_Montenegro_PPP_Framework_Analysis.pdf","pdf",20334,"2026-04-20 16:03:49.780608113 +0000","general_visible_file"
PVE_FILE_194,"/root/Documents/003. PPP/TITAN_GRID_Decision_Brief.pdf","/root/PVE_ALPINE_VALUE_EXPORT_PACKET_20260525_054348/FILES/FILE_TITAN_GRID_Decision_Brief.pdf","pdf",3767,"2026-04-20 17:02:55.861181881 +0000","high_value_signal"
PVE_FILE_195,"/root/Documents/003. PPP/TITAN_GRID_Decision_Brief_v1.6.pdf","/root/PVE_ALPINE_VALUE_EXPORT_PACKET_20260525_054348/FILES/FILE_TITAN_GRID_Decision_Brief_v1.6.pdf","pdf",56367,"2026-04-20 17:58:12.671642141 +0000","high_value_signal"
PVE_FILE_196,"/root/Documents/003. PPP/TITAN_GRID_PPP_Concept_Note.pdf","/root/PVE_ALPINE_VALUE_EXPORT_PACKET_20260525_054348/FILES/FILE_TITAN_GRID_PPP_Concept_Note.pdf","pdf",9273,"2026-04-20 16:48:28.596964420 +0000","high_value_signal"
PVE_FILE_197,"/root/Documents/003. PPP/TITAN_GRID_PPP_Concept_Note_v2.1.pdf","/root/PVE_ALPINE_VALUE_EXPORT_PACKET_20260525_054348/FILES/FILE_TITAN_GRID_PPP_Concept_Note_v2.1.pdf","pdf",11179,"2026-04-20 16:57:08.603155349 +0000","high_value_signal"
PVE_FILE_198,"/root/Documents/003. PPP/TITAN_GRID_PPP_Concept_Note_v2.pdf","/root/PVE_ALPINE_VALUE_EXPORT_PACKET_20260525_054348/FILES/FILE_TITAN_GRID_PPP_Concept_Note_v2.pdf","pdf",10589,"2026-04-20 16:53:43.838737234 +0000","high_value_signal"
PVE_FILE_199,"/root/Documents/003. PPP/TITAN_GRID_Risk_Allocation_Matrix_Annex.pdf","/root/PVE_ALPINE_VALUE_EXPORT_PACKET_20260525_054348/FILES/FILE_TITAN_GRID_Risk_Allocation_Matrix_Annex.pdf","pdf",53829,"2026-04-20 18:17:16.977072827 +0000","high_value_signal"
PVE_FILE_200,"/root/Documents/003. PPP/titan_grid_v5_max_pojaczony.py","/root/PVE_ALPINE_VALUE_EXPORT_PACKET_20260525_054348/FILES/FILE_titan_grid_v5_max_pojaczony.py","py",65772,"2026-04-24 15:38:41.271899830 +0000","high_value_signal"
PVE_FILE_201,"/root/Documents/003. PPP/titan_grid_vdr_enterprise_v3_4.py","/root/PVE_ALPINE_VALUE_EXPORT_PACKET_20260525_054348/FILES/FILE_titan_grid_vdr_enterprise_v3_4.py","py",62981,"2026-04-21 05:44:17.193510543 +0000","high_value_signal"
PVE_FILE_202,"/root/Documents/003. PPP/titan_grid_vdr_ultimate_final_clean.py","/root/PVE_ALPINE_VALUE_EXPORT_PACKET_20260525_054348/FILES/FILE_titan_grid_vdr_ultimate_final_clean.py","py",25946,"2026-04-21 05:31:37.020977373 +0000","high_value_signal"
PVE_FILE_203,"/root/Documents/004. Extrakcije iz chatova/2.md","/root/PVE_ALPINE_VALUE_EXPORT_PACKET_20260525_054348/FILES/FILE_2.md","md",32025,"2026-05-06 06:53:59.510047641 +0000","general_visible_file"
PVE_FILE_204,"/root/Documents/004. Extrakcije iz chatova/3.md","/root/PVE_ALPINE_VALUE_EXPORT_PACKET_20260525_054348/FILES/FILE_3.md","md",13420,"2026-05-06 06:57:36.537744243 +0000","general_visible_file"
PVE_FILE_205,"/root/Documents/004. Extrakcije iz chatova/4.md","/root/PVE_ALPINE_VALUE_EXPORT_PACKET_20260525_054348/FILES/FILE_4.md","md",13420,"2026-05-06 06:58:14.690551551 +0000","general_visible_file"
PVE_FILE_206,"/root/Documents/004. Extrakcije iz chatova/TITAN_DEEP_FORENSIC_CONTEXT_EXTRACTION_RAG_READY_v2.md","/root/PVE_ALPINE_VALUE_EXPORT_PACKET_20260525_054348/FILES/FILE_TITAN_DEEP_FORENSIC_CONTEXT_EXTRACTION_RAG_READY_v2.md","md",35968,"2026-05-06 06:49:36.484403116 +0000","high_value_signal"
PVE_FILE_207,"/root/Documents/00_MASTER_TOKEN_AUTHORITY/ACTIVE_DOCUMENT_REGISTRY.json","/root/PVE_ALPINE_VALUE_EXPORT_PACKET_20260525_054348/FILES/FILE_ACTIVE_DOCUMENT_REGISTRY.json","json",737,"2026-05-11 06:50:39.046341388 +0000","general_visible_file"
PVE_FILE_208,"/root/Documents/00_MASTER_TOKEN_AUTHORITY/DOCUMENT_SCOPE_POLICY.json","/root/PVE_ALPINE_VALUE_EXPORT_PACKET_20260525_054348/FILES/FILE_DOCUMENT_SCOPE_POLICY.json","json",842,"2026-05-10 14:25:41.215867177 +0000","general_visible_file"
PVE_FILE_209,"/root/Documents/00_MASTER_TOKEN_AUTHORITY/MASTER_TOKEN_REGISTER.json","/root/PVE_ALPINE_VALUE_EXPORT_PACKET_20260525_054348/FILES/FILE_MASTER_TOKEN_REGISTER.json","json",2079,"2026-05-10 14:25:25.610167363 +0000","general_visible_file"
PVE_FILE_210,"/root/Documents/00_MASTER_TOKEN_AUTHORITY/MASTER_TOKEN_REGISTER_v4.0.json","/root/PVE_ALPINE_VALUE_EXPORT_PACKET_20260525_054348/FILES/FILE_MASTER_TOKEN_REGISTER_v4.0.json","json",3748,"2026-05-11 06:49:07.789417034 +0000","general_visible_file"
PVE_FILE_211,"/root/Documents/00_MASTER_TOKEN_AUTHORITY/generate_ANEKS1.py","/root/PVE_ALPINE_VALUE_EXPORT_PACKET_20260525_054348/FILES/FILE_generate_ANEKS1.py","py",1879,"2026-05-10 14:26:38.205271014 +0000","general_visible_file"
PVE_FILE_212,"/root/Documents/00_MASTER_TOKEN_AUTHORITY/generate_ANEKS1_final.py","/root/PVE_ALPINE_VALUE_EXPORT_PACKET_20260525_054348/FILES/FILE_generate_ANEKS1_final.py","py",2310,"2026-05-10 19:43:26.530182507 +0000","general_visible_file"
PVE_FILE_213,"/root/Documents/00_MASTER_TOKEN_AUTHORITY/generate_ANEKS1_improved.py","/root/PVE_ALPINE_VALUE_EXPORT_PACKET_20260525_054348/FILES/FILE_generate_ANEKS1_improved.py","py",3108,"2026-05-10 19:43:09.488590496 +0000","general_visible_file"
PVE_FILE_214,"/root/Documents/00_MASTER_TOKEN_AUTHORITY/generate_ANEKS1_institutional_final.py","/root/PVE_ALPINE_VALUE_EXPORT_PACKET_20260525_054348/FILES/FILE_generate_ANEKS1_institutional_final.py","py",2395,"2026-05-10 19:44:20.027841163 +0000","general_visible_file"
PVE_FILE_215,"/root/Documents/00_MASTER_TOKEN_AUTHORITY/generate_ANEKS1_institutional_ultra.py","/root/PVE_ALPINE_VALUE_EXPORT_PACKET_20260525_054348/FILES/FILE_generate_ANEKS1_institutional_ultra.py","py",2536,"2026-05-10 19:45:08.696147012 +0000","general_visible_file"
PVE_FILE_216,"/root/Documents/00_MASTER_TOKEN_AUTHORITY/generate_ANEKS1_professional_final.py","/root/PVE_ALPINE_VALUE_EXPORT_PACKET_20260525_054348/FILES/FILE_generate_ANEKS1_professional_final.py","py",3122,"2026-05-11 07:10:52.246177496 +0000","general_visible_file"
PVE_FILE_217,"/root/Documents/00_MASTER_TOKEN_AUTHORITY/generate_ANEKS1_strict_v2.py","/root/PVE_ALPINE_VALUE_EXPORT_PACKET_20260525_054348/FILES/FILE_generate_ANEKS1_strict_v2.py","py",1496,"2026-05-10 19:32:54.651633822 +0000","general_visible_file"
PVE_FILE_218,"/root/Documents/00_MASTER_TOKEN_AUTHORITY/generate_ANEKS1_v4.py","/root/PVE_ALPINE_VALUE_EXPORT_PACKET_20260525_054348/FILES/FILE_generate_ANEKS1_v4.py","py",1456,"2026-05-11 06:50:39.084140692 +0000","general_visible_file"
PVE_FILE_219,"/root/Documents/00_MASTER_TOKEN_AUTHORITY/generate_ANEKS1_with_footer.py","/root/PVE_ALPINE_VALUE_EXPORT_PACKET_20260525_054348/FILES/FILE_generate_ANEKS1_with_footer.py","py",2254,"2026-05-10 19:40:50.999808659 +0000","general_visible_file"
PVE_FILE_220,"/root/Documents/00_MASTER_TOKEN_AUTHORITY/generate_EU_BRAND.py","/root/PVE_ALPINE_VALUE_EXPORT_PACKET_20260525_054348/FILES/FILE_generate_EU_BRAND.py","py",3169,"2026-05-10 19:39:17.942607670 +0000","general_visible_file"
PVE_FILE_221,"/root/Documents/00_MASTER_TOKEN_AUTHORITY/generate_SIGNALNI_MEMORANDUM_TITAN1.py","/root/PVE_ALPINE_VALUE_EXPORT_PACKET_20260525_054348/FILES/FILE_generate_SIGNALNI_MEMORANDUM_TITAN1.py","py",1914,"2026-05-10 19:35:12.494842082 +0000","high_value_signal"
PVE_FILE_222,"/root/Documents/01. DELTA REAL-TIME SSOT GENERATION POPLINE /DELTA_SSOT_SIGNAL_TO_DOCUMENT_GOVERNANCE_MAP.csv","/root/PVE_ALPINE_VALUE_EXPORT_PACKET_20260525_054348/FILES/FILE_DELTA_SSOT_SIGNAL_TO_DOCUMENT_GOVERNANCE_MAP.csv","csv",1120,"2026-05-20 20:31:59.610434000 +0000","high_value_signal"
PVE_FILE_223,"/root/Documents/01. DELTA REAL-TIME SSOT GENERATION POPLINE /README_DELTA_SSOT_SIGNAL_TO_DOCUMENT_GOVERNANCE_MAP.md","/root/PVE_ALPINE_VALUE_EXPORT_PACKET_20260525_054348/FILES/FILE_README_DELTA_SSOT_SIGNAL_TO_DOCUMENT_GOVERNANCE_MAP.md","md",866,"2026-05-20 20:34:17.398077000 +0000","high_value_signal"
PVE_FILE_224,"/root/Documents/Exeli/TITAN_GRID_v5_Full_Lender_Closing_Book.pdf","/root/PVE_ALPINE_VALUE_EXPORT_PACKET_20260525_054348/FILES/FILE_TITAN_GRID_v5_Full_Lender_Closing_Book.pdf","pdf",26406,"2026-03-23 04:14:37.383769922 +0000","high_value_signal"
PVE_FILE_225,"/root/Documents/FINAL_SEND_PACKAGE_TITAN1_2026-05-10/ACTIVE_DOCUMENT_REGISTRY.json","/root/PVE_ALPINE_VALUE_EXPORT_PACKET_20260525_054348/FILES/FILE_ACTIVE_DOCUMENT_REGISTRY.json","json",737,"2026-05-11 06:52:16.785921534 +0000","high_value_signal"
PVE_FILE_226,"/root/Documents/FINAL_SEND_PACKAGE_TITAN1_2026-05-10/HASH_LEDGER.txt","/root/PVE_ALPINE_VALUE_EXPORT_PACKET_20260525_054348/FILES/FILE_HASH_LEDGER.txt","txt",421,"2026-05-11 06:52:16.855934873 +0000","high_value_signal"
PVE_FILE_227,"/root/Documents/FINAL_SEND_PACKAGE_TITAN1_2026-05-10/MASTER_TOKEN_REGISTER_v4.0.json","/root/PVE_ALPINE_VALUE_EXPORT_PACKET_20260525_054348/FILES/FILE_MASTER_TOKEN_REGISTER_v4.0.json","json",3748,"2026-05-11 06:52:16.835765747 +0000","high_value_signal"
PVE_FILE_228,"/root/Documents/FINAL_SEND_PACKAGE_TITAN1_2026-05-10/README_TITAN1_FINAL_PACKAGE.txt","/root/PVE_ALPINE_VALUE_EXPORT_PACKET_20260525_054348/FILES/FILE_README_TITAN1_FINAL_PACKAGE.txt","txt",486,"2026-05-11 06:52:16.879573735 +0000","high_value_signal"
PVE_FILE_229,"/root/Documents/Finansiski model /Eco Transformer doo- analitical card.pdf","/root/PVE_ALPINE_VALUE_EXPORT_PACKET_20260525_054348/FILES/FILE_Eco_Transformer_doo-_analitical_card.pdf","pdf",523190,"2025-12-16 10:17:23.184845639 +0000","high_value_signal"
PVE_FILE_230,"/root/Documents/Finansiski model /IRF - PRIRUCNIK ZA IZRADU INV PROJEKATA 2013 - do 50.pdf","/root/PVE_ALPINE_VALUE_EXPORT_PACKET_20260525_054348/FILES/FILE_IRF_-_PRIRUCNIK_ZA_IZRADU_INV_PROJEKATA_2013_-_do_50.pdf","pdf",274267,"2026-03-02 14:48:59.839611000 +0000","high_value_signal"
PVE_FILE_231,"/root/Documents/Irf/IRF - PRIRUCNIK ZA IZRADU INV PROJEKATA 2013 - do 50.pdf","/root/PVE_ALPINE_VALUE_EXPORT_PACKET_20260525_054348/FILES/FILE_IRF_-_PRIRUCNIK_ZA_IZRADU_INV_PROJEKATA_2013_-_do_50.pdf","pdf",274267,"2026-03-02 14:48:59.839611000 +0000","general_visible_file"
PVE_FILE_232,"/root/Documents/LAS_VEGAS_GOLD_PACKAGE/TOKENS.txt","/root/PVE_ALPINE_VALUE_EXPORT_PACKET_20260525_054348/FILES/FILE_TOKENS.txt","txt",161,"2026-05-10 10:38:53.000000000 +0000","general_visible_file"
PVE_FILE_233,"/root/Documents/LAS_VEGAS_GOLD_PACKAGE/TOKENS_I_SIGNALI.txt","/root/PVE_ALPINE_VALUE_EXPORT_PACKET_20260525_054348/FILES/FILE_TOKENS_I_SIGNALI.txt","txt",0,"2026-05-10 10:37:48.000000000 +0000","general_visible_file"
PVE_FILE_234,"/root/Documents/MAPA_CIJELOG_UREDAJA.txt","/root/PVE_ALPINE_VALUE_EXPORT_PACKET_20260525_054348/FILES/FILE_MAPA_CIJELOG_UREDAJA.txt","txt",48542,"2026-05-10 10:36:02.651807780 +0000","general_visible_file"
PVE_FILE_235,"/root/Documents/O02 chatgbt /FIN-2.5 ENERGETSKA ARBITRAŽA I SOLARNI PRINOS (LCOE MODEL).pdf","/root/PVE_ALPINE_VALUE_EXPORT_PACKET_20260525_054348/FILES/FILE_FIN-2.5_ENERGETSKA_ARBITRAŽA_I_SOLARNI_PRINOS_(LCOE_MODEL).pdf","pdf",1031737,"2026-03-25 19:26:21.656099927 +0000","high_value_signal"
PVE_FILE_236,"/root/Documents/O02 chatgbt /Irf investicioni plan.pdf","/root/PVE_ALPINE_VALUE_EXPORT_PACKET_20260525_054348/FILES/FILE_Irf_investicioni_plan.pdf","pdf",2272128,"2026-03-29 03:53:29.760082014 +0000","general_visible_file"
PVE_FILE_237,"/root/Documents/O02 chatgbt /Kontrola nabavke: Moć u industriji.pdf","/root/PVE_ALPINE_VALUE_EXPORT_PACKET_20260525_054348/FILES/FILE_Kontrola_nabavke:_Moć_u_industriji.pdf","pdf",200427,"2026-03-27 17:23:06.657353423 +0000","general_visible_file"
PVE_FILE_238,"/root/Documents/O02 chatgbt /Novo harvest /TITAN_UPLOAD_PDF_HARVEST_100_888.md","/root/PVE_ALPINE_VALUE_EXPORT_PACKET_20260525_054348/FILES/FILE_TITAN_UPLOAD_PDF_HARVEST_100_888.md","md",2454,"2026-05-05 02:13:59.316632700 +0000","high_value_signal"
PVE_FILE_239,"/root/Documents/O02 chatgbt /Novo harvest /TITAN_UPLOAD_PDF_HARVEST_100_888_SUMMARY.json","/root/PVE_ALPINE_VALUE_EXPORT_PACKET_20260525_054348/FILES/FILE_TITAN_UPLOAD_PDF_HARVEST_100_888_SUMMARY.json","json",584,"2026-05-05 02:14:25.308784290 +0000","high_value_signal"
PVE_FILE_240,"/root/Documents/O02 chatgbt /Strateške prilike za industrijsku ekspanziju.pdf","/root/PVE_ALPINE_VALUE_EXPORT_PACKET_20260525_054348/FILES/FILE_Strateške_prilike_za_industrijsku_ekspanziju.pdf","pdf",230199,"2026-03-27 14:12:41.143212893 +0000","general_visible_file"
PVE_FILE_241,"/root/Documents/O02 chatgbt /Strateški Plan za Industrijsku Moć.pdf","/root/PVE_ALPINE_VALUE_EXPORT_PACKET_20260525_054348/FILES/FILE_Strateški_Plan_za_Industrijsku_Moć.pdf","pdf",208733,"2026-03-27 17:38:28.098977482 +0000","general_visible_file"
PVE_FILE_242,"/root/Documents/PUNA_MAPA.txt","/root/PVE_ALPINE_VALUE_EXPORT_PACKET_20260525_054348/FILES/FILE_PUNA_MAPA.txt","txt",71143,"2026-05-10 10:36:34.777323796 +0000","general_visible_file"
PVE_FILE_243,"/root/Documents/SOUL_EXPORT_20260519_1232/SOUL_MANIFEST.txt","/root/PVE_ALPINE_VALUE_EXPORT_PACKET_20260525_054348/FILES/FILE_SOUL_MANIFEST.txt","txt",376,"2026-05-19 12:32:42.000000000 +0000","general_visible_file"
PVE_FILE_244,"/root/Documents/SOUL_EXPORT_20260519_1232/Scripts/DELTA_CORE_v1_0.py","/root/PVE_ALPINE_VALUE_EXPORT_PACKET_20260525_054348/FILES/FILE_DELTA_CORE_v1_0.py","py",1456,"2026-05-19 12:32:41.000000000 +0000","general_visible_file"
PVE_FILE_245,"/root/Documents/SOUL_EXPORT_20260519_1232/Scripts/DELTA_UNITY_ENGINE_v1_7.py","/root/PVE_ALPINE_VALUE_EXPORT_PACKET_20260525_054348/FILES/FILE_DELTA_UNITY_ENGINE_v1_7.py","py",6110,"2026-05-19 12:32:41.000000000 +0000","general_visible_file"
PVE_FILE_246,"/root/Documents/SOUL_EXPORT_20260519_1232/Scripts/iphone_sha_analyzer.py","/root/PVE_ALPINE_VALUE_EXPORT_PACKET_20260525_054348/FILES/FILE_iphone_sha_analyzer.py","py",3513,"2026-05-19 12:32:41.000000000 +0000","high_value_signal"
PVE_FILE_247,"/root/Documents/SOUL_EXPORT_20260519_1232/iPhone_Exports/FAJLOVI_SA_TOKENIMA.txt","/root/PVE_ALPINE_VALUE_EXPORT_PACKET_20260525_054348/FILES/FILE_FAJLOVI_SA_TOKENIMA.txt","txt",2331,"2026-05-19 12:32:41.000000000 +0000","high_value_signal"
PVE_FILE_248,"/root/Documents/SOUL_EXPORT_20260519_1232/iPhone_Exports/IPHONE_STATIC_EXPORT_PACKET_FOR_MSI_20260516_075558_TAR_SHA256.txt","/root/PVE_ALPINE_VALUE_EXPORT_PACKET_20260525_054348/FILES/FILE_IPHONE_STATIC_EXPORT_PACKET_FOR_MSI_20260516_075558_TAR_SHA256.txt","txt",131,"2026-05-19 12:32:41.000000000 +0000","high_value_signal"
PVE_FILE_249,"/root/Documents/SOUL_EXPORT_20260519_1232/iPhone_Exports/IPHONE_STATIC_EXPORT_PACKET_MANIFEST_ONLY_20260519_082406_FOR_MSI_SHA256.txt","/root/PVE_ALPINE_VALUE_EXPORT_PACKET_20260525_054348/FILES/FILE_IPHONE_STATIC_EXPORT_PACKET_MANIFEST_ONLY_20260519_082406_FOR_MSI_SHA256.txt","txt",145,"2026-05-19 12:32:41.000000000 +0000","high_value_signal"
PVE_FILE_250,"/root/Documents/SOUL_EXPORT_20260519_1232/iPhone_Exports/iphone_manifest_for_msi_sha256.txt","/root/PVE_ALPINE_VALUE_EXPORT_PACKET_20260525_054348/FILES/FILE_iphone_manifest_for_msi_sha256.txt","txt",145,"2026-05-19 12:32:41.000000000 +0000","high_value_signal"
PVE_FILE_251,"/root/Documents/SVE_OSJETLJIVO.txt","/root/PVE_ALPINE_VALUE_EXPORT_PACKET_20260525_054348/FILES/FILE_SVE_OSJETLJIVO.txt","txt",0,"2026-05-10 10:41:00.238317097 +0000","general_visible_file"
PVE_FILE_252,"/root/Documents/Sistem final /01_discover_files_v8_1_AUDIT_LOCKED.py","/root/PVE_ALPINE_VALUE_EXPORT_PACKET_20260525_054348/FILES/FILE_01_discover_files_v8_1_AUDIT_LOCKED.py","py",72224,"2026-05-01 23:34:19.914827000 +0000","general_visible_file"
PVE_FILE_253,"/root/Documents/Sistem final /01_discover_files_v8_AUDIT_LOCKED.py","/root/PVE_ALPINE_VALUE_EXPORT_PACKET_20260525_054348/FILES/FILE_01_discover_files_v8_AUDIT_LOCKED.py","py",68398,"2026-05-01 23:34:19.917139000 +0000","general_visible_file"
PVE_FILE_254,"/root/Documents/Sistem final /01_discover_files_v9_AUDIT_LOCKED.py","/root/PVE_ALPINE_VALUE_EXPORT_PACKET_20260525_054348/FILES/FILE_01_discover_files_v9_AUDIT_LOCKED.py","py",75998,"2026-05-01 23:34:19.881223000 +0000","general_visible_file"
PVE_FILE_255,"/root/Documents/Sistem final /TITAN_MASTER_SSOT_v1.0.pdf","/root/PVE_ALPINE_VALUE_EXPORT_PACKET_20260525_054348/FILES/FILE_TITAN_MASTER_SSOT_v1.0.pdf","pdf",15425,"2026-04-26 17:14:07.043290528 +0000","high_value_signal"
PVE_FILE_256,"/root/Documents/TITAN FINAL/01.04/GROK_CENTRAL_BRAIN_INSTRUCTIONS.txt","/root/PVE_ALPINE_VALUE_EXPORT_PACKET_20260525_054348/FILES/FILE_GROK_CENTRAL_BRAIN_INSTRUCTIONS.txt","txt",1226,"2026-04-01 06:07:43.071621334 +0000","high_value_signal"
PVE_FILE_257,"/root/Documents/TITAN FINAL/01.04/README_GROK_CENTRAL_BRAIN.txt","/root/PVE_ALPINE_VALUE_EXPORT_PACKET_20260525_054348/FILES/FILE_README_GROK_CENTRAL_BRAIN.txt","txt",1005,"2026-04-01 06:08:20.308783383 +0000","high_value_signal"
PVE_FILE_258,"/root/Documents/TITAN FINAL/01.04/grok_central_brain_exporter.py","/root/PVE_ALPINE_VALUE_EXPORT_PACKET_20260525_054348/FILES/FILE_grok_central_brain_exporter.py","py",5060,"2026-04-01 06:08:05.361011352 +0000","high_value_signal"
PVE_FILE_259,"/root/Documents/TITAN FINAL/01.04/grok_central_brain_lookup.csv","/root/PVE_ALPINE_VALUE_EXPORT_PACKET_20260525_054348/FILES/FILE_grok_central_brain_lookup.csv","csv",101680,"2026-04-01 06:08:46.851451390 +0000","high_value_signal"
PVE_FILE_260,"/root/Documents/TITAN FINAL/01.04/grok_central_brain_lookup.json","/root/PVE_ALPINE_VALUE_EXPORT_PACKET_20260525_054348/FILES/FILE_grok_central_brain_lookup.json","json",260612,"2026-04-01 06:08:34.149353295 +0000","high_value_signal"
PVE_FILE_261,"/root/Documents/TITAN FINAL/03.03/04.04/Assignment tracker.pdf","/root/PVE_ALPINE_VALUE_EXPORT_PACKET_20260525_054348/FILES/FILE_Assignment_tracker.pdf","pdf",125990,"2026-04-04 12:56:53.408111920 +0000","high_value_signal"
PVE_FILE_262,"/root/Documents/TITAN FINAL/03.03/README.md","/root/PVE_ALPINE_VALUE_EXPORT_PACKET_20260525_054348/FILES/FILE_README.md","md",883,"2026-04-03 07:29:05.000000000 +0000","high_value_signal"
PVE_FILE_263,"/root/Documents/TITAN FINAL/03.03/build_control_tower_v1.py","/root/PVE_ALPINE_VALUE_EXPORT_PACKET_20260525_054348/FILES/FILE_build_control_tower_v1.py","py",526,"2026-04-03 07:31:31.922424767 +0000","high_value_signal"
PVE_FILE_264,"/root/Documents/TITAN FINAL/03.03/grok_payload_v6_2.json","/root/PVE_ALPINE_VALUE_EXPORT_PACKET_20260525_054348/FILES/FILE_grok_payload_v6_2.json","json",2654,"2026-04-03 12:20:32.820883418 +0000","high_value_signal"
PVE_FILE_265,"/root/Documents/TITAN FINAL/03.03/grok_payload_v6_2.py","/root/PVE_ALPINE_VALUE_EXPORT_PACKET_20260525_054348/FILES/FILE_grok_payload_v6_2.py","py",2674,"2026-04-03 12:20:43.551282597 +0000","high_value_signal"
PVE_FILE_266,"/root/Documents/TITAN FINAL/03.03/titan_central_brain_v6_1_generator.py","/root/PVE_ALPINE_VALUE_EXPORT_PACKET_20260525_054348/FILES/FILE_titan_central_brain_v6_1_generator.py","py",30287,"2026-05-10 11:10:22.018186295 +0000","high_value_signal"
PVE_FILE_267,"/root/Documents/TITAN FINAL/27.03/TITAN_Data_Room_v6_3_Automated/00_ADMIN/ADM-01_Executive_Summary.md","/root/PVE_ALPINE_VALUE_EXPORT_PACKET_20260525_054348/FILES/FILE_ADM-01_Executive_Summary.md","md",1288,"2026-03-27 06:21:24.000000000 +0000","high_value_signal"
PVE_FILE_268,"/root/Documents/TITAN FINAL/27.03/TITAN_Data_Room_v6_3_Automated/00_ADMIN/ADM-02_Version_Control_Log.md","/root/PVE_ALPINE_VALUE_EXPORT_PACKET_20260525_054348/FILES/FILE_ADM-02_Version_Control_Log.md","md",1290,"2026-03-27 06:21:24.000000000 +0000","high_value_signal"
PVE_FILE_269,"/root/Documents/TITAN FINAL/27.03/TITAN_Data_Room_v6_3_Automated/00_ADMIN/ADM-03_Document_Index_Master.md","/root/PVE_ALPINE_VALUE_EXPORT_PACKET_20260525_054348/FILES/FILE_ADM-03_Document_Index_Master.md","md",9892,"2026-03-27 06:21:24.000000000 +0000","high_value_signal"
PVE_FILE_270,"/root/Documents/TITAN FINAL/27.03/TITAN_Data_Room_v6_3_Automated/00_ADMIN/ADM-04_Data_Room_Access_Matrix.md","/root/PVE_ALPINE_VALUE_EXPORT_PACKET_20260525_054348/FILES/FILE_ADM-04_Data_Room_Access_Matrix.md","md",1294,"2026-03-27 06:21:24.000000000 +0000","high_value_signal"
PVE_FILE_271,"/root/Documents/TITAN FINAL/27.03/TITAN_Data_Room_v6_3_Automated/00_ADMIN/ADM-05_NDA_Template.md","/root/PVE_ALPINE_VALUE_EXPORT_PACKET_20260525_054348/FILES/FILE_ADM-05_NDA_Template.md","md",1283,"2026-03-27 06:21:24.000000000 +0000","high_value_signal"
PVE_FILE_272,"/root/Documents/TITAN FINAL/27.03/TITAN_Data_Room_v6_3_Automated/00_ADMIN/ADM-06_QA_Log.md","/root/PVE_ALPINE_VALUE_EXPORT_PACKET_20260525_054348/FILES/FILE_ADM-06_QA_Log.md","md",1277,"2026-03-27 06:21:24.000000000 +0000","high_value_signal"
PVE_FILE_273,"/root/Documents/TITAN FINAL/27.03/TITAN_Data_Room_v6_3_Automated/00_ADMIN/ADM-07_Issues_Register.md","/root/PVE_ALPINE_VALUE_EXPORT_PACKET_20260525_054348/FILES/FILE_ADM-07_Issues_Register.md","md",1286,"2026-03-27 06:21:24.000000000 +0000","high_value_signal"
PVE_FILE_274,"/root/Documents/TITAN FINAL/27.03/TITAN_Data_Room_v6_3_Automated/00_ADMIN/ADM-08_Approvals_Register.md","/root/PVE_ALPINE_VALUE_EXPORT_PACKET_20260525_054348/FILES/FILE_ADM-08_Approvals_Register.md","md",1289,"2026-03-27 06:21:24.000000000 +0000","high_value_signal"
PVE_FILE_275,"/root/Documents/TITAN FINAL/27.03/TITAN_Data_Room_v6_3_Automated/01_EXECUTIVE/EXE-01_Investment_Memo_EIB.md","/root/PVE_ALPINE_VALUE_EXPORT_PACKET_20260525_054348/FILES/FILE_EXE-01_Investment_Memo_EIB.md","md",1290,"2026-03-27 06:21:24.000000000 +0000","high_value_signal"
PVE_FILE_276,"/root/Documents/TITAN FINAL/27.03/TITAN_Data_Room_v6_3_Automated/01_EXECUTIVE/EXE-02_Investment_Memo_EBRD.md","/root/PVE_ALPINE_VALUE_EXPORT_PACKET_20260525_054348/FILES/FILE_EXE-02_Investment_Memo_EBRD.md","md",1291,"2026-03-27 06:21:24.000000000 +0000","high_value_signal"
PVE_FILE_277,"/root/Documents/TITAN FINAL/27.03/TITAN_Data_Room_v6_3_Automated/01_EXECUTIVE/EXE-03_IC_Paper_PE.md","/root/PVE_ALPINE_VALUE_EXPORT_PACKET_20260525_054348/FILES/FILE_EXE-03_IC_Paper_PE.md","md",1282,"2026-03-27 06:21:24.000000000 +0000","high_value_signal"
PVE_FILE_278,"/root/Documents/TITAN FINAL/27.03/TITAN_Data_Room_v6_3_Automated/01_EXECUTIVE/EXE-04_One_Pager.md","/root/PVE_ALPINE_VALUE_EXPORT_PACKET_20260525_054348/FILES/FILE_EXE-04_One_Pager.md","md",1280,"2026-03-27 06:21:24.000000000 +0000","high_value_signal"
PVE_FILE_279,"/root/Documents/TITAN FINAL/27.03/TITAN_Data_Room_v6_3_Automated/01_EXECUTIVE/EXE-05_Pitch_Deck_Outline.md","/root/PVE_ALPINE_VALUE_EXPORT_PACKET_20260525_054348/FILES/FILE_EXE-05_Pitch_Deck_Outline.md","md",1289,"2026-03-27 06:21:24.000000000 +0000","high_value_signal"
PVE_FILE_280,"/root/Documents/TITAN FINAL/27.03/TITAN_Data_Room_v6_3_Automated/01_EXECUTIVE/EXE-06_Strategic_Rationale.md","/root/PVE_ALPINE_VALUE_EXPORT_PACKET_20260525_054348/FILES/FILE_EXE-06_Strategic_Rationale.md","md",1290,"2026-03-27 06:21:24.000000000 +0000","high_value_signal"
PVE_FILE_281,"/root/Documents/TITAN FINAL/27.03/TITAN_Data_Room_v6_3_Automated/01_EXECUTIVE/EXE-07_Value_Creation_Plan.md","/root/PVE_ALPINE_VALUE_EXPORT_PACKET_20260525_054348/FILES/FILE_EXE-07_Value_Creation_Plan.md","md",1290,"2026-03-27 06:21:24.000000000 +0000","high_value_signal"
PVE_FILE_282,"/root/Documents/TITAN FINAL/27.03/TITAN_Data_Room_v6_3_Automated/01_EXECUTIVE/EXE-08_Executive_Risk_Summary.md","/root/PVE_ALPINE_VALUE_EXPORT_PACKET_20260525_054348/FILES/FILE_EXE-08_Executive_Risk_Summary.md","md",1293,"2026-03-27 06:21:24.000000000 +0000","high_value_signal"
PVE_FILE_283,"/root/Documents/TITAN FINAL/27.03/TITAN_Data_Room_v6_3_Automated/02_PROJECT_OVERVIEW/PROJ-01_Project_Description.md","/root/PVE_ALPINE_VALUE_EXPORT_PACKET_20260525_054348/FILES/FILE_PROJ-01_Project_Description.md","md",1291,"2026-03-27 06:21:24.000000000 +0000","high_value_signal"
PVE_FILE_284,"/root/Documents/TITAN FINAL/27.03/TITAN_Data_Room_v6_3_Automated/02_PROJECT_OVERVIEW/PROJ-02_Rollout_Timeline_2026_2029.md","/root/PVE_ALPINE_VALUE_EXPORT_PACKET_20260525_054348/FILES/FILE_PROJ-02_Rollout_Timeline_2026_2029.md","md",1298,"2026-03-27 06:21:24.000000000 +0000","high_value_signal"
PVE_FILE_285,"/root/Documents/TITAN FINAL/27.03/TITAN_Data_Room_v6_3_Automated/02_PROJECT_OVERVIEW/PROJ-03_Asset_Map_3_Factories.md","/root/PVE_ALPINE_VALUE_EXPORT_PACKET_20260525_054348/FILES/FILE_PROJ-03_Asset_Map_3_Factories.md","md",1293,"2026-03-27 06:21:24.000000000 +0000","high_value_signal"
PVE_FILE_286,"/root/Documents/TITAN FINAL/27.03/TITAN_Data_Room_v6_3_Automated/02_PROJECT_OVERVIEW/PROJ-04_Location_Analysis_Montenegro.md","/root/PVE_ALPINE_VALUE_EXPORT_PACKET_20260525_054348/FILES/FILE_PROJ-04_Location_Analysis_Montenegro.md","md",1300,"2026-03-27 06:21:24.000000000 +0000","high_value_signal"
PVE_FILE_287,"/root/Documents/TITAN FINAL/27.03/TITAN_Data_Room_v6_3_Automated/02_PROJECT_OVERVIEW/PROJ-05_Industrial_Layout.md","/root/PVE_ALPINE_VALUE_EXPORT_PACKET_20260525_054348/FILES/FILE_PROJ-05_Industrial_Layout.md","md",1289,"2026-03-27 06:21:24.000000000 +0000","high_value_signal"
PVE_FILE_288,"/root/Documents/TITAN FINAL/27.03/TITAN_Data_Room_v6_3_Automated/02_PROJECT_OVERVIEW/PROJ-06_Capacity_Plan_3600_Units.md","/root/PVE_ALPINE_VALUE_EXPORT_PACKET_20260525_054348/FILES/FILE_PROJ-06_Capacity_Plan_3600_Units.md","md",1296,"2026-03-27 06:21:24.000000000 +0000","high_value_signal"
PVE_FILE_289,"/root/Documents/TITAN FINAL/27.03/TITAN_Data_Room_v6_3_Automated/02_PROJECT_OVERVIEW/PROJ-07_Sponsor_Profile_ARS_Metal.md","/root/PVE_ALPINE_VALUE_EXPORT_PACKET_20260525_054348/FILES/FILE_PROJ-07_Sponsor_Profile_ARS_Metal.md","md",1297,"2026-03-27 06:21:24.000000000 +0000","high_value_signal"
PVE_FILE_290,"/root/Documents/TITAN FINAL/27.03/TITAN_Data_Room_v6_3_Automated/02_PROJECT_OVERVIEW/PROJ-08_ADS_Ankara_Industrial_Base.md","/root/PVE_ALPINE_VALUE_EXPORT_PACKET_20260525_054348/FILES/FILE_PROJ-08_ADS_Ankara_Industrial_Base.md","md",1298,"2026-03-27 06:21:24.000000000 +0000","high_value_signal"
PVE_FILE_291,"/root/Documents/TITAN FINAL/27.03/TITAN_Data_Room_v6_3_Automated/03_MARKET_ANALYSIS/MKT-01_EU_Transformer_Demand_Study.md","/root/PVE_ALPINE_VALUE_EXPORT_PACKET_20260525_054348/FILES/FILE_MKT-01_EU_Transformer_Demand_Study.md","md",1298,"2026-03-27 06:21:24.000000000 +0000","high_value_signal"
PVE_FILE_292,"/root/Documents/TITAN FINAL/27.03/TITAN_Data_Room_v6_3_Automated/03_MARKET_ANALYSIS/MKT-02_Grid_Expansion_Pipeline.md","/root/PVE_ALPINE_VALUE_EXPORT_PACKET_20260525_054348/FILES/FILE_MKT-02_Grid_Expansion_Pipeline.md","md",1294,"2026-03-27 06:21:24.000000000 +0000","high_value_signal"
PVE_FILE_293,"/root/Documents/TITAN FINAL/27.03/TITAN_Data_Room_v6_3_Automated/03_MARKET_ANALYSIS/MKT-03_Nearshoring_Analysis.md","/root/PVE_ALPINE_VALUE_EXPORT_PACKET_20260525_054348/FILES/FILE_MKT-03_Nearshoring_Analysis.md","md",1291,"2026-03-27 06:21:24.000000000 +0000","high_value_signal"
PVE_FILE_294,"/root/Documents/TITAN FINAL/27.03/TITAN_Data_Room_v6_3_Automated/03_MARKET_ANALYSIS/MKT-04_Competitor_Benchmarking.md","/root/PVE_ALPINE_VALUE_EXPORT_PACKET_20260525_054348/FILES/FILE_MKT-04_Competitor_Benchmarking.md","md",1294,"2026-03-27 06:21:24.000000000 +0000","high_value_signal"
PVE_FILE_295,"/root/Documents/TITAN FINAL/27.03/TITAN_Data_Room_v6_3_Automated/03_MARKET_ANALYSIS/MKT-05_Pricing_Analysis.md","/root/PVE_ALPINE_VALUE_EXPORT_PACKET_20260525_054348/FILES/FILE_MKT-05_Pricing_Analysis.md","md",1287,"2026-03-27 06:21:24.000000000 +0000","high_value_signal"
PVE_FILE_296,"/root/Documents/TITAN FINAL/27.03/TITAN_Data_Room_v6_3_Automated/03_MARKET_ANALYSIS/MKT-06_Steel_Price_Sensitivity.md","/root/PVE_ALPINE_VALUE_EXPORT_PACKET_20260525_054348/FILES/FILE_MKT-06_Steel_Price_Sensitivity.md","md",1294,"2026-03-27 06:21:24.000000000 +0000","high_value_signal"
PVE_FILE_297,"/root/Documents/TITAN FINAL/27.03/TITAN_Data_Room_v6_3_Automated/03_MARKET_ANALYSIS/MKT-07_Customer_Segments.md","/root/PVE_ALPINE_VALUE_EXPORT_PACKET_20260525_054348/FILES/FILE_MKT-07_Customer_Segments.md","md",1288,"2026-03-27 06:21:24.000000000 +0000","high_value_signal"
PVE_FILE_298,"/root/Documents/TITAN FINAL/27.03/TITAN_Data_Room_v6_3_Automated/03_MARKET_ANALYSIS/MKT-08_Offtake_Pipeline.md","/root/PVE_ALPINE_VALUE_EXPORT_PACKET_20260525_054348/FILES/FILE_MKT-08_Offtake_Pipeline.md","md",1287,"2026-03-27 06:21:24.000000000 +0000","high_value_signal"
PVE_FILE_299,"/root/Documents/TITAN FINAL/27.03/TITAN_Data_Room_v6_3_Automated/03_MARKET_ANALYSIS/MKT-09_Lead_Time_Analysis.md","/root/PVE_ALPINE_VALUE_EXPORT_PACKET_20260525_054348/FILES/FILE_MKT-09_Lead_Time_Analysis.md","md",1289,"2026-03-27 06:21:24.000000000 +0000","high_value_signal"
PVE_FILE_300,"/root/Documents/TITAN FINAL/27.03/TITAN_Data_Room_v6_3_Automated/03_MARKET_ANALYSIS/MKT-10_Commercial_Assumptions_Register.md","/root/PVE_ALPINE_VALUE_EXPORT_PACKET_20260525_054348/FILES/FILE_MKT-10_Commercial_Assumptions_Register.md","md",1302,"2026-03-27 06:21:24.000000000 +0000","high_value_signal"
PVE_FILE_301,"/root/Documents/TITAN FINAL/27.03/TITAN_Data_Room_v6_3_Automated/04_TECHNICAL/TECH-01_Product_Specifications.md","/root/PVE_ALPINE_VALUE_EXPORT_PACKET_20260525_054348/FILES/FILE_TECH-01_Product_Specifications.md","md",1294,"2026-03-27 06:21:24.000000000 +0000","high_value_signal"
PVE_FILE_302,"/root/Documents/TITAN FINAL/27.03/TITAN_Data_Room_v6_3_Automated/04_TECHNICAL/TECH-02_Manufacturing_Process_Flow.md","/root/PVE_ALPINE_VALUE_EXPORT_PACKET_20260525_054348/FILES/FILE_TECH-02_Manufacturing_Process_Flow.md","md",1298,"2026-03-27 06:21:24.000000000 +0000","high_value_signal"
PVE_FILE_303,"/root/Documents/TITAN FINAL/27.03/TITAN_Data_Room_v6_3_Automated/04_TECHNICAL/TECH-03_ADS_Capability_Proof.md","/root/PVE_ALPINE_VALUE_EXPORT_PACKET_20260525_054348/FILES/FILE_TECH-03_ADS_Capability_Proof.md","md",1292,"2026-03-27 06:21:24.000000000 +0000","high_value_signal"
PVE_FILE_304,"/root/Documents/TITAN FINAL/27.03/TITAN_Data_Room_v6_3_Automated/04_TECHNICAL/TECH-04_Quality_Standards.md","/root/PVE_ALPINE_VALUE_EXPORT_PACKET_20260525_054348/FILES/FILE_TECH-04_Quality_Standards.md","md",1289,"2026-03-27 06:21:24.000000000 +0000","high_value_signal"
PVE_FILE_305,"/root/Documents/TITAN FINAL/27.03/TITAN_Data_Room_v6_3_Automated/04_TECHNICAL/TECH-05_Machinery_List.md","/root/PVE_ALPINE_VALUE_EXPORT_PACKET_20260525_054348/FILES/FILE_TECH-05_Machinery_List.md","md",1286,"2026-03-27 06:21:24.000000000 +0000","high_value_signal"
PVE_FILE_306,"/root/Documents/TITAN FINAL/27.03/TITAN_Data_Room_v6_3_Automated/04_TECHNICAL/TECH-06_Layout_Drawings_Register.md","/root/PVE_ALPINE_VALUE_EXPORT_PACKET_20260525_054348/FILES/FILE_TECH-06_Layout_Drawings_Register.md","md",1296,"2026-03-27 06:21:24.000000000 +0000","high_value_signal"
PVE_FILE_307,"/root/Documents/TITAN FINAL/27.03/TITAN_Data_Room_v6_3_Automated/04_TECHNICAL/TECH-07_Energy_Consumption_Study.md","/root/PVE_ALPINE_VALUE_EXPORT_PACKET_20260525_054348/FILES/FILE_TECH-07_Energy_Consumption_Study.md","md",1296,"2026-03-27 06:21:24.000000000 +0000","high_value_signal"
PVE_FILE_308,"/root/Documents/TITAN FINAL/27.03/TITAN_Data_Room_v6_3_Automated/04_TECHNICAL/TECH-08_Scrap_Rate_Analysis.md","/root/PVE_ALPINE_VALUE_EXPORT_PACKET_20260525_054348/FILES/FILE_TECH-08_Scrap_Rate_Analysis.md","md",1291,"2026-03-27 06:21:24.000000000 +0000","high_value_signal"
PVE_FILE_309,"/root/Documents/TITAN FINAL/27.03/TITAN_Data_Room_v6_3_Automated/04_TECHNICAL/TECH-09_Process_QA_QC.md","/root/PVE_ALPINE_VALUE_EXPORT_PACKET_20260525_054348/FILES/FILE_TECH-09_Process_QA_QC.md","md",1285,"2026-03-27 06:21:24.000000000 +0000","high_value_signal"
PVE_FILE_310,"/root/Documents/TITAN FINAL/27.03/TITAN_Data_Room_v6_3_Automated/04_TECHNICAL/TECH-10_Capacity_Certification.md","/root/PVE_ALPINE_VALUE_EXPORT_PACKET_20260525_054348/FILES/FILE_TECH-10_Capacity_Certification.md","md",1294,"2026-03-27 06:21:24.000000000 +0000","high_value_signal"
PVE_FILE_311,"/root/Documents/TITAN FINAL/27.03/TITAN_Data_Room_v6_3_Automated/05_OPERATIONS/OPS-01_Production_Plan.md","/root/PVE_ALPINE_VALUE_EXPORT_PACKET_20260525_054348/FILES/FILE_OPS-01_Production_Plan.md","md",1286,"2026-03-27 06:21:24.000000000 +0000","high_value_signal"
PVE_FILE_312,"/root/Documents/TITAN FINAL/27.03/TITAN_Data_Room_v6_3_Automated/05_OPERATIONS/OPS-02_OEE_Assumptions.md","/root/PVE_ALPINE_VALUE_EXPORT_PACKET_20260525_054348/FILES/FILE_OPS-02_OEE_Assumptions.md","md",1286,"2026-03-27 06:21:24.000000000 +0000","high_value_signal"
PVE_FILE_313,"/root/Documents/TITAN FINAL/27.03/TITAN_Data_Room_v6_3_Automated/05_OPERATIONS/OPS-03_Supply_Chain_Map.md","/root/PVE_ALPINE_VALUE_EXPORT_PACKET_20260525_054348/FILES/FILE_OPS-03_Supply_Chain_Map.md","md",1287,"2026-03-27 06:21:24.000000000 +0000","high_value_signal"
PVE_FILE_314,"/root/Documents/TITAN FINAL/27.03/TITAN_Data_Room_v6_3_Automated/05_OPERATIONS/OPS-04_Logistics_Plan.md","/root/PVE_ALPINE_VALUE_EXPORT_PACKET_20260525_054348/FILES/FILE_OPS-04_Logistics_Plan.md","md",1285,"2026-03-27 06:21:24.000000000 +0000","high_value_signal"
PVE_FILE_315,"/root/Documents/TITAN FINAL/27.03/TITAN_Data_Room_v6_3_Automated/05_OPERATIONS/OPS-05_Procurement_Strategy.md","/root/PVE_ALPINE_VALUE_EXPORT_PACKET_20260525_054348/FILES/FILE_OPS-05_Procurement_Strategy.md","md",1291,"2026-03-27 06:21:24.000000000 +0000","high_value_signal"
PVE_FILE_316,"/root/Documents/TITAN FINAL/27.03/TITAN_Data_Room_v6_3_Automated/05_OPERATIONS/OPS-06_Inventory_Policy.md","/root/PVE_ALPINE_VALUE_EXPORT_PACKET_20260525_054348/FILES/FILE_OPS-06_Inventory_Policy.md","md",1287,"2026-03-27 06:21:24.000000000 +0000","high_value_signal"
PVE_FILE_317,"/root/Documents/TITAN FINAL/27.03/TITAN_Data_Room_v6_3_Automated/05_OPERATIONS/OPS-07_Maintenance_Plan.md","/root/PVE_ALPINE_VALUE_EXPORT_PACKET_20260525_054348/FILES/FILE_OPS-07_Maintenance_Plan.md","md",1287,"2026-03-27 06:21:24.000000000 +0000","high_value_signal"
PVE_FILE_318,"/root/Documents/TITAN FINAL/27.03/TITAN_Data_Room_v6_3_Automated/05_OPERATIONS/OPS-08_Shift_Model.md","/root/PVE_ALPINE_VALUE_EXPORT_PACKET_20260525_054348/FILES/FILE_OPS-08_Shift_Model.md","md",1282,"2026-03-27 06:21:24.000000000 +0000","high_value_signal"
PVE_FILE_319,"/root/Documents/TITAN FINAL/27.03/TITAN_Data_Room_v6_3_Automated/05_OPERATIONS/OPS-09_Ramp_Up_Plan.md","/root/PVE_ALPINE_VALUE_EXPORT_PACKET_20260525_054348/FILES/FILE_OPS-09_Ramp_Up_Plan.md","md",1283,"2026-03-27 06:21:24.000000000 +0000","high_value_signal"
PVE_FILE_320,"/root/Documents/TITAN FINAL/27.03/TITAN_Data_Room_v6_3_Automated/05_OPERATIONS/OPS-10_KPI_Framework.md","/root/PVE_ALPINE_VALUE_EXPORT_PACKET_20260525_054348/FILES/FILE_OPS-10_KPI_Framework.md","md",1284,"2026-03-27 06:21:24.000000000 +0000","high_value_signal"
PVE_FILE_321,"/root/Documents/TITAN FINAL/27.03/TITAN_Data_Room_v6_3_Automated/06_CAPEX/CAPEX-01_Detailed_CAPEX_Breakdown.md","/root/PVE_ALPINE_VALUE_EXPORT_PACKET_20260525_054348/FILES/FILE_CAPEX-01_Detailed_CAPEX_Breakdown.md","md",1297,"2026-03-27 06:21:24.000000000 +0000","high_value_signal"
PVE_FILE_322,"/root/Documents/TITAN FINAL/27.03/TITAN_Data_Room_v6_3_Automated/06_CAPEX/CAPEX-02_P90_CAPEX.md","/root/PVE_ALPINE_VALUE_EXPORT_PACKET_20260525_054348/FILES/FILE_CAPEX-02_P90_CAPEX.md","md",1282,"2026-03-27 06:21:24.000000000 +0000","high_value_signal"
PVE_FILE_323,"/root/Documents/TITAN FINAL/27.03/TITAN_Data_Room_v6_3_Automated/06_CAPEX/CAPEX-03_Vendor_Quotes_Register.md","/root/PVE_ALPINE_VALUE_EXPORT_PACKET_20260525_054348/FILES/FILE_CAPEX-03_Vendor_Quotes_Register.md","md",1295,"2026-03-27 06:21:24.000000000 +0000","high_value_signal"
PVE_FILE_324,"/root/Documents/TITAN FINAL/27.03/TITAN_Data_Room_v6_3_Automated/06_CAPEX/CAPEX-04_Construction_Timeline.md","/root/PVE_ALPINE_VALUE_EXPORT_PACKET_20260525_054348/FILES/FILE_CAPEX-04_Construction_Timeline.md","md",1294,"2026-03-27 06:21:24.000000000 +0000","high_value_signal"
PVE_FILE_325,"/root/Documents/TITAN FINAL/27.03/TITAN_Data_Room_v6_3_Automated/06_CAPEX/CAPEX-05_Contingency_Analysis.md","/root/PVE_ALPINE_VALUE_EXPORT_PACKET_20260525_054348/FILES/FILE_CAPEX-05_Contingency_Analysis.md","md",1293,"2026-03-27 06:21:24.000000000 +0000","high_value_signal"
PVE_FILE_326,"/root/Documents/TITAN FINAL/27.03/TITAN_Data_Room_v6_3_Automated/06_CAPEX/CAPEX-06_IDC_Calculation.md","/root/PVE_ALPINE_VALUE_EXPORT_PACKET_20260525_054348/FILES/FILE_CAPEX-06_IDC_Calculation.md","md",1288,"2026-03-27 06:21:24.000000000 +0000","high_value_signal"
PVE_FILE_327,"/root/Documents/TITAN FINAL/27.03/TITAN_Data_Room_v6_3_Automated/06_CAPEX/CAPEX-07_Expansion_CAPEX.md","/root/PVE_ALPINE_VALUE_EXPORT_PACKET_20260525_054348/FILES/FILE_CAPEX-07_Expansion_CAPEX.md","md",1288,"2026-03-27 06:21:24.000000000 +0000","high_value_signal"
PVE_FILE_328,"/root/Documents/TITAN FINAL/27.03/TITAN_Data_Room_v6_3_Automated/06_CAPEX/CAPEX-08_Civil_Works_Scope.md","/root/PVE_ALPINE_VALUE_EXPORT_PACKET_20260525_054348/FILES/FILE_CAPEX-08_Civil_Works_Scope.md","md",1290,"2026-03-27 06:21:24.000000000 +0000","high_value_signal"
PVE_FILE_329,"/root/Documents/TITAN FINAL/27.03/TITAN_Data_Room_v6_3_Automated/06_CAPEX/CAPEX-09_Equipment_Scope.md","/root/PVE_ALPINE_VALUE_EXPORT_PACKET_20260525_054348/FILES/FILE_CAPEX-09_Equipment_Scope.md","md",1288,"2026-03-27 06:21:24.000000000 +0000","high_value_signal"
PVE_FILE_330,"/root/Documents/TITAN FINAL/27.03/TITAN_Data_Room_v6_3_Automated/06_CAPEX/CAPEX-10_CAPEX_Assumptions_Register.md","/root/PVE_ALPINE_VALUE_EXPORT_PACKET_20260525_054348/FILES/FILE_CAPEX-10_CAPEX_Assumptions_Register.md","md",1299,"2026-03-27 06:21:24.000000000 +0000","high_value_signal"
PVE_FILE_331,"/root/Documents/TITAN FINAL/27.03/TITAN_Data_Room_v6_3_Automated/07_FINANCIAL_MODEL/FIN-01_Central_Brain_Master_Model.md","/root/PVE_ALPINE_VALUE_EXPORT_PACKET_20260525_054348/FILES/FILE_FIN-01_Central_Brain_Master_Model.md","md",1297,"2026-03-27 06:21:24.000000000 +0000","high_value_signal"
PVE_FILE_332,"/root/Documents/TITAN FINAL/27.03/TITAN_Data_Room_v6_3_Automated/07_FINANCIAL_MODEL/FIN-02_Assumptions_Book.md","/root/PVE_ALPINE_VALUE_EXPORT_PACKET_20260525_054348/FILES/FILE_FIN-02_Assumptions_Book.md","md",1287,"2026-03-27 06:21:24.000000000 +0000","high_value_signal"
PVE_FILE_333,"/root/Documents/TITAN FINAL/27.03/TITAN_Data_Room_v6_3_Automated/07_FINANCIAL_MODEL/FIN-03_DSCR_Model.md","/root/PVE_ALPINE_VALUE_EXPORT_PACKET_20260525_054348/FILES/FILE_FIN-03_DSCR_Model.md","md",1281,"2026-03-27 06:21:24.000000000 +0000","high_value_signal"
PVE_FILE_334,"/root/Documents/TITAN FINAL/27.03/TITAN_Data_Room_v6_3_Automated/07_FINANCIAL_MODEL/FIN-04_CFADS_Model.md","/root/PVE_ALPINE_VALUE_EXPORT_PACKET_20260525_054348/FILES/FILE_FIN-04_CFADS_Model.md","md",1282,"2026-03-27 06:21:24.000000000 +0000","high_value_signal"
PVE_FILE_335,"/root/Documents/TITAN FINAL/27.03/TITAN_Data_Room_v6_3_Automated/07_FINANCIAL_MODEL/FIN-05_Quarterly_Debt_Model.md","/root/PVE_ALPINE_VALUE_EXPORT_PACKET_20260525_054348/FILES/FILE_FIN-05_Quarterly_Debt_Model.md","md",1291,"2026-03-27 06:21:24.000000000 +0000","high_value_signal"
PVE_FILE_336,"/root/Documents/TITAN FINAL/27.03/TITAN_Data_Room_v6_3_Automated/07_FINANCIAL_MODEL/FIN-06_DSRA_Model.md","/root/PVE_ALPINE_VALUE_EXPORT_PACKET_20260525_054348/FILES/FILE_FIN-06_DSRA_Model.md","md",1281,"2026-03-27 06:21:24.000000000 +0000","high_value_signal"
PVE_FILE_337,"/root/Documents/TITAN FINAL/27.03/TITAN_Data_Room_v6_3_Automated/07_FINANCIAL_MODEL/FIN-07_LLCR_PLCR_Model.md","/root/PVE_ALPINE_VALUE_EXPORT_PACKET_20260525_054348/FILES/FILE_FIN-07_LLCR_PLCR_Model.md","md",1286,"2026-03-27 06:21:24.000000000 +0000","high_value_signal"
PVE_FILE_338,"/root/Documents/TITAN FINAL/27.03/TITAN_Data_Room_v6_3_Automated/07_FINANCIAL_MODEL/FIN-08_Sensitivity_Analysis.md","/root/PVE_ALPINE_VALUE_EXPORT_PACKET_20260525_054348/FILES/FILE_FIN-08_Sensitivity_Analysis.md","md",1291,"2026-03-27 06:21:24.000000000 +0000","high_value_signal"
PVE_FILE_339,"/root/Documents/TITAN FINAL/27.03/TITAN_Data_Room_v6_3_Automated/07_FINANCIAL_MODEL/FIN-09_Scenario_Analysis.md","/root/PVE_ALPINE_VALUE_EXPORT_PACKET_20260525_054348/FILES/FILE_FIN-09_Scenario_Analysis.md","md",1288,"2026-03-27 06:21:24.000000000 +0000","high_value_signal"
PVE_FILE_340,"/root/Documents/TITAN FINAL/27.03/TITAN_Data_Room_v6_3_Automated/07_FINANCIAL_MODEL/FIN-10_Dashboard_Notes.md","/root/PVE_ALPINE_VALUE_EXPORT_PACKET_20260525_054348/FILES/FILE_FIN-10_Dashboard_Notes.md","md",1286,"2026-03-27 06:21:24.000000000 +0000","high_value_signal"
PVE_FILE_341,"/root/Documents/TITAN FINAL/27.03/TITAN_Data_Room_v6_3_Automated/07_FINANCIAL_MODEL/FIN-11_Working_Capital_Model.md","/root/PVE_ALPINE_VALUE_EXPORT_PACKET_20260525_054348/FILES/FILE_FIN-11_Working_Capital_Model.md","md",1292,"2026-03-27 06:21:24.000000000 +0000","high_value_signal"
PVE_FILE_342,"/root/Documents/TITAN FINAL/27.03/TITAN_Data_Room_v6_3_Automated/07_FINANCIAL_MODEL/FIN-12_Grant_Integration_Model.md","/root/PVE_ALPINE_VALUE_EXPORT_PACKET_20260525_054348/FILES/FILE_FIN-12_Grant_Integration_Model.md","md",1294,"2026-03-27 06:21:24.000000000 +0000","high_value_signal"
PVE_FILE_343,"/root/Documents/TITAN FINAL/27.03/TITAN_Data_Room_v6_3_Automated/08_FUNDING/FUND-01_Capital_Structure.md","/root/PVE_ALPINE_VALUE_EXPORT_PACKET_20260525_054348/FILES/FILE_FUND-01_Capital_Structure.md","md",1289,"2026-03-27 06:21:24.000000000 +0000","high_value_signal"
PVE_FILE_344,"/root/Documents/TITAN FINAL/27.03/TITAN_Data_Room_v6_3_Automated/08_FUNDING/FUND-02_Debt_Term_Sheet.md","/root/PVE_ALPINE_VALUE_EXPORT_PACKET_20260525_054348/FILES/FILE_FUND-02_Debt_Term_Sheet.md","md",1287,"2026-03-27 06:21:24.000000000 +0000","high_value_signal"
PVE_FILE_345,"/root/Documents/TITAN FINAL/27.03/TITAN_Data_Room_v6_3_Automated/08_FUNDING/FUND-03_Lender_Presentation_EIB.md","/root/PVE_ALPINE_VALUE_EXPORT_PACKET_20260525_054348/FILES/FILE_FUND-03_Lender_Presentation_EIB.md","md",1295,"2026-03-27 06:21:24.000000000 +0000","high_value_signal"
PVE_FILE_346,"/root/Documents/TITAN FINAL/27.03/TITAN_Data_Room_v6_3_Automated/08_FUNDING/FUND-04_Lender_Presentation_EBRD.md","/root/PVE_ALPINE_VALUE_EXPORT_PACKET_20260525_054348/FILES/FILE_FUND-04_Lender_Presentation_EBRD.md","md",1296,"2026-03-27 06:21:24.000000000 +0000","high_value_signal"
PVE_FILE_347,"/root/Documents/TITAN FINAL/27.03/TITAN_Data_Room_v6_3_Automated/08_FUNDING/FUND-05_Equity_Story.md","/root/PVE_ALPINE_VALUE_EXPORT_PACKET_20260525_054348/FILES/FILE_FUND-05_Equity_Story.md","md",1284,"2026-03-27 06:21:24.000000000 +0000","high_value_signal"
PVE_FILE_348,"/root/Documents/TITAN FINAL/27.03/TITAN_Data_Room_v6_3_Automated/08_FUNDING/FUND-06_Co_Investment_Strategy.md","/root/PVE_ALPINE_VALUE_EXPORT_PACKET_20260525_054348/FILES/FILE_FUND-06_Co_Investment_Strategy.md","md",1294,"2026-03-27 06:21:24.000000000 +0000","high_value_signal"
PVE_FILE_349,"/root/Documents/TITAN FINAL/27.03/TITAN_Data_Room_v6_3_Automated/08_FUNDING/FUND-07_Refinancing_Strategy.md","/root/PVE_ALPINE_VALUE_EXPORT_PACKET_20260525_054348/FILES/FILE_FUND-07_Refinancing_Strategy.md","md",1292,"2026-03-27 06:21:24.000000000 +0000","high_value_signal"
PVE_FILE_350,"/root/Documents/TITAN FINAL/27.03/TITAN_Data_Room_v6_3_Automated/08_FUNDING/FUND-08_Debt_Marketing_List.md","/root/PVE_ALPINE_VALUE_EXPORT_PACKET_20260525_054348/FILES/FILE_FUND-08_Debt_Marketing_List.md","md",1291,"2026-03-27 06:21:24.000000000 +0000","high_value_signal"
PVE_FILE_351,"/root/Documents/TITAN FINAL/27.03/TITAN_Data_Room_v6_3_Automated/08_FUNDING/FUND-09_Lender_QA_Register.md","/root/PVE_ALPINE_VALUE_EXPORT_PACKET_20260525_054348/FILES/FILE_FUND-09_Lender_QA_Register.md","md",1290,"2026-03-27 06:21:24.000000000 +0000","high_value_signal"
PVE_FILE_352,"/root/Documents/TITAN FINAL/27.03/TITAN_Data_Room_v6_3_Automated/09_LEGAL/LEG-01_Company_Registration.md","/root/PVE_ALPINE_VALUE_EXPORT_PACKET_20260525_054348/FILES/FILE_LEG-01_Company_Registration.md","md",1291,"2026-03-27 06:21:24.000000000 +0000","high_value_signal"
PVE_FILE_353,"/root/Documents/TITAN FINAL/27.03/TITAN_Data_Room_v6_3_Automated/09_LEGAL/LEG-02_Ownership_Structure.md","/root/PVE_ALPINE_VALUE_EXPORT_PACKET_20260525_054348/FILES/FILE_LEG-02_Ownership_Structure.md","md",1290,"2026-03-27 06:21:24.000000000 +0000","high_value_signal"
PVE_FILE_354,"/root/Documents/TITAN FINAL/27.03/TITAN_Data_Room_v6_3_Automated/09_LEGAL/LEG-03_Shareholder_Agreements.md","/root/PVE_ALPINE_VALUE_EXPORT_PACKET_20260525_054348/FILES/FILE_LEG-03_Shareholder_Agreements.md","md",1293,"2026-03-27 06:21:24.000000000 +0000","high_value_signal"
PVE_FILE_355,"/root/Documents/TITAN FINAL/27.03/TITAN_Data_Room_v6_3_Automated/09_LEGAL/LEG-04_Land_Ownership_Lease.md","/root/PVE_ALPINE_VALUE_EXPORT_PACKET_20260525_054348/FILES/FILE_LEG-04_Land_Ownership_Lease.md","md",1291,"2026-03-27 06:21:24.000000000 +0000","high_value_signal"
PVE_FILE_356,"/root/Documents/TITAN FINAL/27.03/TITAN_Data_Room_v6_3_Automated/09_LEGAL/LEG-05_Permits_Register.md","/root/PVE_ALPINE_VALUE_EXPORT_PACKET_20260525_054348/FILES/FILE_LEG-05_Permits_Register.md","md",1287,"2026-03-27 06:21:24.000000000 +0000","high_value_signal"
PVE_FILE_357,"/root/Documents/TITAN FINAL/27.03/TITAN_Data_Room_v6_3_Automated/09_LEGAL/LEG-06_Compliance_Certificates.md","/root/PVE_ALPINE_VALUE_EXPORT_PACKET_20260525_054348/FILES/FILE_LEG-06_Compliance_Certificates.md","md",1294,"2026-03-27 06:21:24.000000000 +0000","high_value_signal"
PVE_FILE_358,"/root/Documents/TITAN FINAL/27.03/TITAN_Data_Room_v6_3_Automated/09_LEGAL/LEG-07_Corporate_Governance.md","/root/PVE_ALPINE_VALUE_EXPORT_PACKET_20260525_054348/FILES/FILE_LEG-07_Corporate_Governance.md","md",1291,"2026-03-27 06:21:24.000000000 +0000","high_value_signal"
PVE_FILE_359,"/root/Documents/TITAN FINAL/27.03/TITAN_Data_Room_v6_3_Automated/09_LEGAL/LEG-08_Litigation_Register.md","/root/PVE_ALPINE_VALUE_EXPORT_PACKET_20260525_054348/FILES/FILE_LEG-08_Litigation_Register.md","md",1290,"2026-03-27 06:21:24.000000000 +0000","high_value_signal"
PVE_FILE_360,"/root/Documents/TITAN FINAL/27.03/TITAN_Data_Room_v6_3_Automated/09_LEGAL/LEG-09_Material_Legal_Risks.md","/root/PVE_ALPINE_VALUE_EXPORT_PACKET_20260525_054348/FILES/FILE_LEG-09_Material_Legal_Risks.md","md",1291,"2026-03-27 06:21:24.000000000 +0000","high_value_signal"
PVE_FILE_361,"/root/Documents/TITAN FINAL/27.03/TITAN_Data_Room_v6_3_Automated/10_TAX/TAX-01_Corporate_Tax_Structure.md","/root/PVE_ALPINE_VALUE_EXPORT_PACKET_20260525_054348/FILES/FILE_TAX-01_Corporate_Tax_Structure.md","md",1294,"2026-03-27 06:21:24.000000000 +0000","high_value_signal"
PVE_FILE_362,"/root/Documents/TITAN FINAL/27.03/TITAN_Data_Room_v6_3_Automated/10_TAX/TAX-02_Montenegro_Incentives.md","/root/PVE_ALPINE_VALUE_EXPORT_PACKET_20260525_054348/FILES/FILE_TAX-02_Montenegro_Incentives.md","md",1292,"2026-03-27 06:21:24.000000000 +0000","high_value_signal"
PVE_FILE_363,"/root/Documents/TITAN FINAL/27.03/TITAN_Data_Room_v6_3_Automated/10_TAX/TAX-03_VAT_Treatment.md","/root/PVE_ALPINE_VALUE_EXPORT_PACKET_20260525_054348/FILES/FILE_TAX-03_VAT_Treatment.md","md",1284,"2026-03-27 06:21:24.000000000 +0000","high_value_signal"
PVE_FILE_364,"/root/Documents/TITAN FINAL/27.03/TITAN_Data_Room_v6_3_Automated/10_TAX/TAX-04_Cross_Border_Tax_Turkey_Montenegro.md","/root/PVE_ALPINE_VALUE_EXPORT_PACKET_20260525_054348/FILES/FILE_TAX-04_Cross_Border_Tax_Turkey_Montenegro.md","md",1305,"2026-03-27 06:21:24.000000000 +0000","high_value_signal"
PVE_FILE_365,"/root/Documents/TITAN FINAL/27.03/TITAN_Data_Room_v6_3_Automated/10_TAX/TAX-05_Tax_Optimization_Memo.md","/root/PVE_ALPINE_VALUE_EXPORT_PACKET_20260525_054348/FILES/FILE_TAX-05_Tax_Optimization_Memo.md","md",1292,"2026-03-27 06:21:24.000000000 +0000","high_value_signal"
PVE_FILE_366,"/root/Documents/TITAN FINAL/27.03/TITAN_Data_Room_v6_3_Automated/10_TAX/TAX-06_Tax_Compliance_Checklist.md","/root/PVE_ALPINE_VALUE_EXPORT_PACKET_20260525_054348/FILES/FILE_TAX-06_Tax_Compliance_Checklist.md","md",1295,"2026-03-27 06:21:24.000000000 +0000","high_value_signal"
PVE_FILE_367,"/root/Documents/TITAN FINAL/27.03/TITAN_Data_Room_v6_3_Automated/11_ESG/ESG-01_ESG_Strategy.md","/root/PVE_ALPINE_VALUE_EXPORT_PACKET_20260525_054348/FILES/FILE_ESG-01_ESG_Strategy.md","md",1283,"2026-03-27 06:21:24.000000000 +0000","high_value_signal"
PVE_FILE_368,"/root/Documents/TITAN FINAL/27.03/TITAN_Data_Room_v6_3_Automated/11_ESG/ESG-02_EU_Taxonomy_Alignment.md","/root/PVE_ALPINE_VALUE_EXPORT_PACKET_20260525_054348/FILES/FILE_ESG-02_EU_Taxonomy_Alignment.md","md",1292,"2026-03-27 06:21:24.000000000 +0000","high_value_signal"
PVE_FILE_369,"/root/Documents/TITAN FINAL/27.03/TITAN_Data_Room_v6_3_Automated/11_ESG/ESG-03_CBAM_Impact_Analysis.md","/root/PVE_ALPINE_VALUE_EXPORT_PACKET_20260525_054348/FILES/FILE_ESG-03_CBAM_Impact_Analysis.md","md",1291,"2026-03-27 06:21:24.000000000 +0000","high_value_signal"
PVE_FILE_370,"/root/Documents/TITAN FINAL/27.03/TITAN_Data_Room_v6_3_Automated/11_ESG/ESG-04_CO2_Reduction_Estimate.md","/root/PVE_ALPINE_VALUE_EXPORT_PACKET_20260525_054348/FILES/FILE_ESG-04_CO2_Reduction_Estimate.md","md",1293,"2026-03-27 06:21:24.000000000 +0000","high_value_signal"
PVE_FILE_371,"/root/Documents/TITAN FINAL/27.03/TITAN_Data_Room_v6_3_Automated/11_ESG/ESG-05_Environmental_Permits.md","/root/PVE_ALPINE_VALUE_EXPORT_PACKET_20260525_054348/FILES/FILE_ESG-05_Environmental_Permits.md","md",1292,"2026-03-27 06:21:24.000000000 +0000","high_value_signal"
PVE_FILE_372,"/root/Documents/TITAN FINAL/27.03/TITAN_Data_Room_v6_3_Automated/11_ESG/ESG-06_Social_Impact.md","/root/PVE_ALPINE_VALUE_EXPORT_PACKET_20260525_054348/FILES/FILE_ESG-06_Social_Impact.md","md",1284,"2026-03-27 06:21:24.000000000 +0000","high_value_signal"
PVE_FILE_373,"/root/Documents/TITAN FINAL/27.03/TITAN_Data_Room_v6_3_Automated/11_ESG/ESG-07_Governance_Framework.md","/root/PVE_ALPINE_VALUE_EXPORT_PACKET_20260525_054348/FILES/FILE_ESG-07_Governance_Framework.md","md",1291,"2026-03-27 06:21:24.000000000 +0000","high_value_signal"
PVE_FILE_374,"/root/Documents/TITAN FINAL/27.03/TITAN_Data_Room_v6_3_Automated/11_ESG/ESG-08_ESG_KPI_Register.md","/root/PVE_ALPINE_VALUE_EXPORT_PACKET_20260525_054348/FILES/FILE_ESG-08_ESG_KPI_Register.md","md",1287,"2026-03-27 06:21:24.000000000 +0000","high_value_signal"
PVE_FILE_375,"/root/Documents/TITAN FINAL/27.03/TITAN_Data_Room_v6_3_Automated/11_ESG/ESG-09_ESG_Risk_Map.md","/root/PVE_ALPINE_VALUE_EXPORT_PACKET_20260525_054348/FILES/FILE_ESG-09_ESG_Risk_Map.md","md",1283,"2026-03-27 06:21:24.000000000 +0000","high_value_signal"
PVE_FILE_376,"/root/Documents/TITAN FINAL/27.03/TITAN_Data_Room_v6_3_Automated/12_GRANTS/GR-01_Grant_Strategy_Overview.md","/root/PVE_ALPINE_VALUE_EXPORT_PACKET_20260525_054348/FILES/FILE_GR-01_Grant_Strategy_Overview.md","md",1293,"2026-03-27 06:21:24.000000000 +0000","high_value_signal"
PVE_FILE_377,"/root/Documents/TITAN FINAL/27.03/TITAN_Data_Room_v6_3_Automated/12_GRANTS/GR-02_EU_IPA_Documentation.md","/root/PVE_ALPINE_VALUE_EXPORT_PACKET_20260525_054348/FILES/FILE_GR-02_EU_IPA_Documentation.md","md",1290,"2026-03-27 06:21:24.000000000 +0000","high_value_signal"
PVE_FILE_378,"/root/Documents/TITAN FINAL/27.03/TITAN_Data_Room_v6_3_Automated/12_GRANTS/GR-03_WBIF_Eligibility.md","/root/PVE_ALPINE_VALUE_EXPORT_PACKET_20260525_054348/FILES/FILE_GR-03_WBIF_Eligibility.md","md",1286,"2026-03-27 06:21:24.000000000 +0000","high_value_signal"
PVE_FILE_379,"/root/Documents/TITAN FINAL/27.03/TITAN_Data_Room_v6_3_Automated/12_GRANTS/GR-04_Montenegro_Incentives.md","/root/PVE_ALPINE_VALUE_EXPORT_PACKET_20260525_054348/FILES/FILE_GR-04_Montenegro_Incentives.md","md",1291,"2026-03-27 06:21:24.000000000 +0000","high_value_signal"
PVE_FILE_380,"/root/Documents/TITAN FINAL/27.03/TITAN_Data_Room_v6_3_Automated/12_GRANTS/GR-05_Turkey_Industrial_Support.md","/root/PVE_ALPINE_VALUE_EXPORT_PACKET_20260525_054348/FILES/FILE_GR-05_Turkey_Industrial_Support.md","md",1295,"2026-03-27 06:21:24.000000000 +0000","high_value_signal"
PVE_FILE_381,"/root/Documents/TITAN FINAL/27.03/TITAN_Data_Room_v6_3_Automated/12_GRANTS/GR-06_Grant_Timing_Model.md","/root/PVE_ALPINE_VALUE_EXPORT_PACKET_20260525_054348/FILES/FILE_GR-06_Grant_Timing_Model.md","md",1288,"2026-03-27 06:21:24.000000000 +0000","high_value_signal"
PVE_FILE_382,"/root/Documents/TITAN FINAL/27.03/TITAN_Data_Room_v6_3_Automated/12_GRANTS/GR-07_Grant_Compliance.md","/root/PVE_ALPINE_VALUE_EXPORT_PACKET_20260525_054348/FILES/FILE_GR-07_Grant_Compliance.md","md",1286,"2026-03-27 06:21:24.000000000 +0000","high_value_signal"
PVE_FILE_383,"/root/Documents/TITAN FINAL/27.03/TITAN_Data_Room_v6_3_Automated/12_GRANTS/GR-08_Grant_Document_Checklist.md","/root/PVE_ALPINE_VALUE_EXPORT_PACKET_20260525_054348/FILES/FILE_GR-08_Grant_Document_Checklist.md","md",1294,"2026-03-27 06:21:24.000000000 +0000","high_value_signal"
PVE_FILE_384,"/root/Documents/TITAN FINAL/27.03/TITAN_Data_Room_v6_3_Automated/12_GRANTS/GR-09_Grant_Risk_Register.md","/root/PVE_ALPINE_VALUE_EXPORT_PACKET_20260525_054348/FILES/FILE_GR-09_Grant_Risk_Register.md","md",1289,"2026-03-27 06:21:24.000000000 +0000","high_value_signal"
PVE_FILE_385,"/root/Documents/TITAN FINAL/27.03/TITAN_Data_Room_v6_3_Automated/13_RISK/RISK-01_Risk_Matrix.md","/root/PVE_ALPINE_VALUE_EXPORT_PACKET_20260525_054348/FILES/FILE_RISK-01_Risk_Matrix.md","md",1283,"2026-03-27 06:21:24.000000000 +0000","high_value_signal"
PVE_FILE_386,"/root/Documents/TITAN FINAL/27.03/TITAN_Data_Room_v6_3_Automated/13_RISK/RISK-02_CAPEX_Risk.md","/root/PVE_ALPINE_VALUE_EXPORT_PACKET_20260525_054348/FILES/FILE_RISK-02_CAPEX_Risk.md","md",1282,"2026-03-27 06:21:24.000000000 +0000","high_value_signal"
PVE_FILE_387,"/root/Documents/TITAN FINAL/27.03/TITAN_Data_Room_v6_3_Automated/13_RISK/RISK-03_Market_Risk.md","/root/PVE_ALPINE_VALUE_EXPORT_PACKET_20260525_054348/FILES/FILE_RISK-03_Market_Risk.md","md",1283,"2026-03-27 06:21:24.000000000 +0000","high_value_signal"
PVE_FILE_388,"/root/Documents/TITAN FINAL/27.03/TITAN_Data_Room_v6_3_Automated/13_RISK/RISK-04_FX_Risk.md","/root/PVE_ALPINE_VALUE_EXPORT_PACKET_20260525_054348/FILES/FILE_RISK-04_FX_Risk.md","md",1279,"2026-03-27 06:21:24.000000000 +0000","high_value_signal"
PVE_FILE_389,"/root/Documents/TITAN FINAL/27.03/TITAN_Data_Room_v6_3_Automated/13_RISK/RISK-05_Interest_Rate_Risk.md","/root/PVE_ALPINE_VALUE_EXPORT_PACKET_20260525_054348/FILES/FILE_RISK-05_Interest_Rate_Risk.md","md",1290,"2026-03-27 06:21:24.000000000 +0000","high_value_signal"
PVE_FILE_390,"/root/Documents/TITAN FINAL/27.03/TITAN_Data_Room_v6_3_Automated/13_RISK/RISK-06_Operational_Risk.md","/root/PVE_ALPINE_VALUE_EXPORT_PACKET_20260525_054348/FILES/FILE_RISK-06_Operational_Risk.md","md",1288,"2026-03-27 06:21:24.000000000 +0000","high_value_signal"
PVE_FILE_391,"/root/Documents/TITAN FINAL/27.03/TITAN_Data_Room_v6_3_Automated/13_RISK/RISK-07_Mitigation_Strategies.md","/root/PVE_ALPINE_VALUE_EXPORT_PACKET_20260525_054348/FILES/FILE_RISK-07_Mitigation_Strategies.md","md",1293,"2026-03-27 06:21:24.000000000 +0000","high_value_signal"
PVE_FILE_392,"/root/Documents/TITAN FINAL/27.03/TITAN_Data_Room_v6_3_Automated/13_RISK/RISK-08_Covenant_Risk.md","/root/PVE_ALPINE_VALUE_EXPORT_PACKET_20260525_054348/FILES/FILE_RISK-08_Covenant_Risk.md","md",1285,"2026-03-27 06:21:24.000000000 +0000","high_value_signal"
PVE_FILE_393,"/root/Documents/TITAN FINAL/27.03/TITAN_Data_Room_v6_3_Automated/13_RISK/RISK-09_Liquidity_Risk.md","/root/PVE_ALPINE_VALUE_EXPORT_PACKET_20260525_054348/FILES/FILE_RISK-09_Liquidity_Risk.md","md",1286,"2026-03-27 06:21:24.000000000 +0000","high_value_signal"
PVE_FILE_394,"/root/Documents/TITAN FINAL/27.03/TITAN_Data_Room_v6_3_Automated/13_RISK/RISK-10_Risk_Ownership_Map.md","/root/PVE_ALPINE_VALUE_EXPORT_PACKET_20260525_054348/FILES/FILE_RISK-10_Risk_Ownership_Map.md","md",1290,"2026-03-27 06:21:24.000000000 +0000","high_value_signal"
PVE_FILE_395,"/root/Documents/TITAN FINAL/27.03/TITAN_Data_Room_v6_3_Automated/14_MONTE_CARLO/MC-01_Simulation_Assumptions.md","/root/PVE_ALPINE_VALUE_EXPORT_PACKET_20260525_054348/FILES/FILE_MC-01_Simulation_Assumptions.md","md",1292,"2026-03-27 06:21:24.000000000 +0000","high_value_signal"
PVE_FILE_396,"/root/Documents/TITAN FINAL/27.03/TITAN_Data_Room_v6_3_Automated/14_MONTE_CARLO/MC-02_Python_Model.md","/root/PVE_ALPINE_VALUE_EXPORT_PACKET_20260525_054348/FILES/FILE_MC-02_Python_Model.md","md",1282,"2026-03-27 06:21:24.000000000 +0000","high_value_signal"
PVE_FILE_397,"/root/Documents/TITAN FINAL/27.03/TITAN_Data_Room_v6_3_Automated/14_MONTE_CARLO/MC-03_10000_Run_Results.md","/root/PVE_ALPINE_VALUE_EXPORT_PACKET_20260525_054348/FILES/FILE_MC-03_10000_Run_Results.md","md",1287,"2026-03-27 06:21:24.000000000 +0000","high_value_signal"
PVE_FILE_398,"/root/Documents/TITAN FINAL/27.03/TITAN_Data_Room_v6_3_Automated/14_MONTE_CARLO/MC-04_DSCR_Distribution.md","/root/PVE_ALPINE_VALUE_EXPORT_PACKET_20260525_054348/FILES/FILE_MC-04_DSCR_Distribution.md","md",1287,"2026-03-27 06:21:24.000000000 +0000","high_value_signal"
PVE_FILE_399,"/root/Documents/TITAN FINAL/27.03/TITAN_Data_Room_v6_3_Automated/14_MONTE_CARLO/MC-05_IRR_Distribution.md","/root/PVE_ALPINE_VALUE_EXPORT_PACKET_20260525_054348/FILES/FILE_MC-05_IRR_Distribution.md","md",1286,"2026-03-27 06:21:24.000000000 +0000","high_value_signal"
PVE_FILE_400,"/root/Documents/TITAN FINAL/27.03/TITAN_Data_Room_v6_3_Automated/14_MONTE_CARLO/MC-06_Equity_Downside.md","/root/PVE_ALPINE_VALUE_EXPORT_PACKET_20260525_054348/FILES/FILE_MC-06_Equity_Downside.md","md",1285,"2026-03-27 06:21:24.000000000 +0000","high_value_signal"
PVE_FILE_401,"/root/Documents/TITAN FINAL/27.03/TITAN_Data_Room_v6_3_Automated/14_MONTE_CARLO/MC-07_Variable_Definitions.md","/root/PVE_ALPINE_VALUE_EXPORT_PACKET_20260525_054348/FILES/FILE_MC-07_Variable_Definitions.md","md",1290,"2026-03-27 06:21:24.000000000 +0000","high_value_signal"
PVE_FILE_402,"/root/Documents/TITAN FINAL/27.03/TITAN_Data_Room_v6_3_Automated/14_MONTE_CARLO/MC-08_Correlation_Matrix.md","/root/PVE_ALPINE_VALUE_EXPORT_PACKET_20260525_054348/FILES/FILE_MC-08_Correlation_Matrix.md","md",1288,"2026-03-27 06:21:24.000000000 +0000","high_value_signal"
PVE_FILE_403,"/root/Documents/TITAN FINAL/27.03/TITAN_Data_Room_v6_3_Automated/14_MONTE_CARLO/MC-09_P90_Methodology.md","/root/PVE_ALPINE_VALUE_EXPORT_PACKET_20260525_054348/FILES/FILE_MC-09_P90_Methodology.md","md",1285,"2026-03-27 06:21:24.000000000 +0000","high_value_signal"
