FILE_PATH,SIZE_BYTES,LAST_WRITE
"/root/.ash_history",208988,"2026-05-25 05:35:07.243152440 +0000"
"/root/.cache/pip/selfcheck/241e69162522ccf5846a2f42ebc24b17464915a155679666b89a9f31",86,"2026-05-19 12:05:33.271858636 +0000"
"/root/ALPINE_IPHONE_STORAGE_CENSUS_20260524_144342.txt",40511,"2026-05-24 14:43:47.157699495 +0000"
"/root/CMU_IPHONE_CENSUS/01_CMU_SIGNAL_PATHS.txt",180191,"2026-05-23 01:24:31.773067386 +0000"
"/root/CMU_IPHONE_CENSUS/02_IMPORTANT_CONTROL_FILES.txt",340939,"2026-05-23 01:24:40.594237517 +0000"
"/root/CMU_IPHONE_CENSUS/03_CANDIDATE_FOLDERS.txt",17851,"2026-05-23 01:24:49.021528773 +0000"
"/root/CMU_IPHONE_CENSUS/04_NEWEST_300_FILES.txt",24659,"2026-05-23 01:24:49.956933761 +0000"
"/root/CMU_IPHONE_CENSUS/05_TITAN_FINAL_FILE_HASHES.txt",5032,"2026-05-23 01:32:14.354152033 +0000"
"/root/CMU_IPHONE_CENSUS/06A_TITAN_FINAL_FILE_COUNT.txt",4,"2026-05-23 01:33:19.005570707 +0000"
"/root/CMU_IPHONE_CENSUS/06_TITAN_FINAL_FILE_INDEX.txt",30281,"2026-05-23 01:33:17.987351121 +0000"
"/root/CMU_IPHONE_CENSUS/07_TITAN_FINAL_SIZE.txt",33,"2026-05-23 01:33:26.781552459 +0000"
"/root/CMU_IPHONE_CENSUS/08_TITAN_FINAL_INDEX_HASHES.txt",355,"2026-05-23 01:33:26.795783946 +0000"
"/root/CMU_IPHONE_CENSUS/09_TITAN_FINAL_FOLDER_MAP_DEPTH3.txt",2757,"2026-05-23 01:34:10.763416181 +0000"
"/root/CMU_IPHONE_CENSUS/10_TITAN_FINAL_FOLDER_MAP_HASH.txt",127,"2026-05-23 01:34:10.773696922 +0000"
"/root/CMU_IPHONE_CENSUS/11_OLD_VDR_V6_3_FILE_INDEX.txt",18302,"2026-05-23 01:34:43.904819318 +0000"
"/root/CMU_IPHONE_CENSUS/12_OLD_VDR_V6_3_FILE_COUNT.txt",4,"2026-05-23 01:34:44.475628162 +0000"
"/root/CMU_IPHONE_CENSUS/13_OLD_VDR_V6_3_SIZE.txt",72,"2026-05-23 01:34:48.883910759 +0000"
"/root/CMU_IPHONE_CENSUS/14_OLD_VDR_V6_3_INDEX_HASHES.txt",357,"2026-05-23 01:34:48.891724711 +0000"
"/root/CMU_IPHONE_CENSUS/99_CENSUS_HASHES.txt",464,"2026-05-23 01:24:50.046387345 +0000"
"/root/DELTA_CORE_v1_0.py",1456,"2026-05-14 08:54:27.394086239 +0000"
"/root/DELTA_FINAL_EXPORT/.directory",32,"2026-05-19 12:09:11.419325849 +0000"
"/root/DELTA_FINAL_EXPORT/README.txt",527,"2026-05-19 12:09:21.586473094 +0000"
"/root/DELTA_FINAL_EXPORT/Reports/Excel/iPhone_Analysis_20260519_122920.xlsx",6448,"2026-05-19 12:29:25.634079652 +0000"
"/root/DELTA_FINAL_EXPORT/Reports/Excel/iPhone_FULL_ANALYSIS_20260519_1305.xlsx",6447,"2026-05-19 13:05:16.947050861 +0000"
"/root/DELTA_FINAL_EXPORT/SAFE_BACKUP/SOUL_EXPORT_FULL_20260519_1234.tar.gz",134383,"2026-05-19 12:41:57.908996493 +0000"
"/root/DELTA_FINAL_EXPORT/SAFE_BACKUP/SOUL_EXPORT_FULL_20260519_1235.tar.gz",134383,"2026-05-19 12:41:57.910552246 +0000"
"/root/DELTA_FINAL_EXPORT/SOUL_EXPORT_20260519_1232/SOUL_MANIFEST.txt",376,"2026-05-19 12:32:42.201058252 +0000"
"/root/DELTA_FINAL_EXPORT/SOUL_EXPORT_20260519_1232/Scripts/DELTA_CORE_v1_0.py",1456,"2026-05-19 12:32:41.350790642 +0000"
"/root/DELTA_FINAL_EXPORT/SOUL_EXPORT_20260519_1232/Scripts/DELTA_UNITY_ENGINE_v1_7.py",6110,"2026-05-19 12:32:41.355905068 +0000"
"/root/DELTA_FINAL_EXPORT/SOUL_EXPORT_20260519_1232/Scripts/iphone_sha_analyzer.py",3513,"2026-05-19 12:32:41.308762904 +0000"
"/root/DELTA_FINAL_EXPORT/SOUL_EXPORT_20260519_1232/iPhone_Exports/FAJLOVI_SA_TOKENIMA.txt",2331,"2026-05-19 12:32:41.323286596 +0000"
"/root/DELTA_FINAL_EXPORT/SOUL_EXPORT_20260519_1232/iPhone_Exports/IPHONE_STATIC_EXPORT_PACKET_FOR_MSI_20260516_075558.tar.gz",2339,"2026-05-19 12:32:41.321717760 +0000"
"/root/DELTA_FINAL_EXPORT/SOUL_EXPORT_20260519_1232/iPhone_Exports/IPHONE_STATIC_EXPORT_PACKET_FOR_MSI_20260516_075558_TAR_SHA256.txt",131,"2026-05-19 12:32:41.321045842 +0000"
"/root/DELTA_FINAL_EXPORT/SOUL_EXPORT_20260519_1232/iPhone_Exports/IPHONE_STATIC_EXPORT_PACKET_MANIFEST_ONLY_20260519_082406_FOR_MSI.tar.gz",60411,"2026-05-19 12:32:41.318933922 +0000"
"/root/DELTA_FINAL_EXPORT/SOUL_EXPORT_20260519_1232/iPhone_Exports/IPHONE_STATIC_EXPORT_PACKET_MANIFEST_ONLY_20260519_082406_FOR_MSI_SHA256.txt",145,"2026-05-19 12:32:41.322395553 +0000"
"/root/DELTA_FINAL_EXPORT/SOUL_EXPORT_20260519_1232/iPhone_Exports/iphone_manifest_for_msi.tar.gz",60411,"2026-05-19 12:32:41.319683298 +0000"
"/root/DELTA_FINAL_EXPORT/SOUL_EXPORT_20260519_1232/iPhone_Exports/iphone_manifest_for_msi_sha256.txt",145,"2026-05-19 12:32:41.320373549 +0000"
"/root/DELTA_FINAL_EXPORT/SOUL_EXPORT_FULL_20260519_1234.tar.gz",134383,"2026-05-19 12:34:24.894991633 +0000"
"/root/DELTA_FINAL_EXPORT/SOUL_EXPORT_FULL_20260519_1235.tar.gz",134383,"2026-05-19 12:35:21.560571983 +0000"
"/root/DELTA_FINAL_EXPORT/Scripts/iphone_sha_analyzer.py",3513,"2026-05-19 12:22:13.455240998 +0000"
"/root/DELTA_FINAL_EXPORT/iPhone_Exports/FAJLOVI_SA_TOKENIMA.txt",2331,"2026-05-19 12:27:18.266357735 +0000"
"/root/DELTA_FINAL_EXPORT/iPhone_Exports/IPHONE_STATIC_EXPORT_PACKET_FOR_MSI_20260516_075558.tar.gz",2339,"2026-05-19 12:27:17.259710607 +0000"
"/root/DELTA_FINAL_EXPORT/iPhone_Exports/IPHONE_STATIC_EXPORT_PACKET_FOR_MSI_20260516_075558_TAR_SHA256.txt",131,"2026-05-19 12:27:17.261964069 +0000"
"/root/DELTA_FINAL_EXPORT/iPhone_Exports/IPHONE_STATIC_EXPORT_PACKET_MANIFEST_ONLY_20260519_082406_FOR_MSI.tar.gz",60411,"2026-05-19 12:27:17.264065114 +0000"
"/root/DELTA_FINAL_EXPORT/iPhone_Exports/IPHONE_STATIC_EXPORT_PACKET_MANIFEST_ONLY_20260519_082406_FOR_MSI_SHA256.txt",145,"2026-05-19 12:27:17.265828034 +0000"
"/root/DELTA_FINAL_EXPORT/iPhone_Exports/iphone_manifest_for_msi.tar.gz",60411,"2026-05-19 12:27:17.276662511 +0000"
"/root/DELTA_FINAL_EXPORT/iPhone_Exports/iphone_manifest_for_msi_sha256.txt",145,"2026-05-19 12:27:17.278178513 +0000"
"/root/DELTA_LENOVO_CENTRAL/01_HASH_REGISTERS/IPHONE_NOTES_PRIORITY_SHA256_REGISTER.txt",68,"2026-05-15 09:01:14.805530413 +0000"
"/root/DELTA_LENOVO_CENTRAL/02_INDEX/IPHONE_NOTES_PRIORITY_INDEX.txt",0,"2026-05-15 09:01:14.783920432 +0000"
"/root/DELTA_LENOVO_CENTRAL/03_SCRIPT_INVENTORY/IPHONE_SCRIPT_FILE_INDEX.txt",3231,"2026-05-15 09:03:47.651627267 +0000"
"/root/DELTA_LENOVO_CENTRAL/03_SCRIPT_INVENTORY/IPHONE_SCRIPT_SHA256_REGISTER.txt",6267,"2026-05-15 09:04:00.208687597 +0000"
"/root/DELTA_LENOVO_CENTRAL/03_SCRIPT_INVENTORY/IPHONE_SCRIPT_SIGNAL_SCAN.txt",27111,"2026-05-15 09:04:27.503820236 +0000"
"/root/DELTA_LENOVO_CENTRAL/04_CORE_CANDIDATE_REVIEW/CORE_FILE_INFO.txt",128,"2026-05-15 11:29:37.707294030 +0000"
"/root/DELTA_LENOVO_CENTRAL/04_CORE_CANDIDATE_REVIEW/CORE_FUNCTION_CLASS_MAP.txt",2982,"2026-05-15 11:29:37.761128735 +0000"
"/root/DELTA_LENOVO_CENTRAL/04_CORE_CANDIDATE_REVIEW/CORE_RUNTIME_RISK_SCAN.txt",3039,"2026-05-15 11:29:38.547215829 +0000"
"/root/DELTA_LENOVO_CENTRAL/04_CORE_CANDIDATE_REVIEW/CORE_SHA256.txt",139,"2026-05-15 11:29:37.735464673 +0000"
"/root/DELTA_LENOVO_CENTRAL/40_STEP_PROTOCOL/STEP_01_CONTROL_SNAPSHOT/STEP_01_CORE_FILE_INFO.txt",128,"2026-05-15 11:33:50.661254671 +0000"
"/root/DELTA_LENOVO_CENTRAL/40_STEP_PROTOCOL/STEP_01_CONTROL_SNAPSHOT/STEP_01_CORE_SHA256.txt",139,"2026-05-15 11:33:50.688088315 +0000"
"/root/DELTA_LENOVO_CENTRAL/40_STEP_PROTOCOL/STEP_01_CONTROL_SNAPSHOT/STEP_01_CORE_STRUCTURE_MAP.txt",3294,"2026-05-15 11:33:50.711446586 +0000"
"/root/DELTA_LENOVO_CENTRAL/40_STEP_PROTOCOL/STEP_01_CONTROL_SNAPSHOT/STEP_01_CURRENT_LOCATION.txt",59,"2026-05-15 11:33:50.624573536 +0000"
"/root/DELTA_LENOVO_CENTRAL/40_STEP_PROTOCOL/STEP_01_CONTROL_SNAPSHOT/STEP_01_STATUS.txt",52,"2026-05-15 11:33:50.713768084 +0000"
"/root/DELTA_LENOVO_CENTRAL/40_STEP_PROTOCOL/STEP_01_CONTROL_SNAPSHOT/STEP_01_TIMESTAMP.txt",29,"2026-05-15 11:33:50.621157206 +0000"
"/root/DELTA_LENOVO_CENTRAL/40_STEP_PROTOCOL/STEP_02_DEPENDENCY_INVENTORY/STEP_02_IMPORT_MAP.txt",312,"2026-05-15 11:35:02.907286625 +0000"
"/root/DELTA_LENOVO_CENTRAL/40_STEP_PROTOCOL/STEP_02_DEPENDENCY_INVENTORY/STEP_02_STATUS.txt",43,"2026-05-15 11:35:02.916937825 +0000"
"/root/DELTA_LENOVO_CENTRAL/40_STEP_PROTOCOL/STEP_02_DEPENDENCY_INVENTORY/STEP_02_UNIQUE_IMPORTS.txt",83,"2026-05-15 11:35:02.914621161 +0000"
"/root/DELTA_LENOVO_CENTRAL/40_STEP_PROTOCOL/STEP_03_MODULE_MAP/STEP_03_FUNCTION_MAP.txt",2910,"2026-05-15 11:35:33.178488929 +0000"
"/root/DELTA_LENOVO_CENTRAL/40_STEP_PROTOCOL/STEP_03_MODULE_MAP/STEP_03_SIGNAL_MODULE_MAP.txt",7275,"2026-05-15 11:35:33.154914617 +0000"
"/root/DELTA_LENOVO_CENTRAL/40_STEP_PROTOCOL/STEP_03_MODULE_MAP/STEP_03_STATUS.txt",47,"2026-05-15 11:35:33.181114927 +0000"
"/root/DELTA_LENOVO_CENTRAL/40_STEP_PROTOCOL/STEP_04_COMPLEXITY_REVIEW/STEP_04_CLASS_COUNT.txt",2,"2026-05-15 11:36:00.786814629 +0000"
"/root/DELTA_LENOVO_CENTRAL/40_STEP_PROTOCOL/STEP_04_COMPLEXITY_REVIEW/STEP_04_FUNCTION_COUNT.txt",3,"2026-05-15 11:36:00.766643438 +0000"
"/root/DELTA_LENOVO_CENTRAL/40_STEP_PROTOCOL/STEP_04_COMPLEXITY_REVIEW/STEP_04_SIGNAL_DENSITY.txt",4,"2026-05-15 11:36:00.813761730 +0000"
"/root/DELTA_LENOVO_CENTRAL/40_STEP_PROTOCOL/STEP_04_COMPLEXITY_REVIEW/STEP_04_STATUS.txt",40,"2026-05-15 11:36:00.816171812 +0000"
"/root/DELTA_LENOVO_CENTRAL/40_STEP_PROTOCOL/STEP_04_COMPLEXITY_REVIEW/STEP_04_TOTAL_LINES.txt",78,"2026-05-15 11:36:00.741871460 +0000"
"/root/DELTA_LENOVO_CENTRAL/40_STEP_PROTOCOL/STEP_05_GOVERNANCE_EXTRACTION/STEP_05_CORE_GOVERNANCE_FUNCTIONS.txt",908,"2026-05-15 11:36:31.583874562 +0000"
"/root/DELTA_LENOVO_CENTRAL/40_STEP_PROTOCOL/STEP_05_GOVERNANCE_EXTRACTION/STEP_05_GOVERNANCE_SIGNALS.txt",5204,"2026-05-15 11:36:31.554914087 +0000"
"/root/DELTA_LENOVO_CENTRAL/40_STEP_PROTOCOL/STEP_05_GOVERNANCE_EXTRACTION/STEP_05_STATUS.txt",44,"2026-05-15 11:36:31.586326143 +0000"
"/root/DELTA_LENOVO_CENTRAL/40_STEP_PROTOCOL/STEP_06_OUTPUT_SURFACE/STEP_06_OUTPUT_SIGNALS.txt",3889,"2026-05-15 11:37:20.363368219 +0000"
"/root/DELTA_LENOVO_CENTRAL/40_STEP_PROTOCOL/STEP_06_OUTPUT_SURFACE/STEP_06_OUTPUT_VARIABLES.txt",2165,"2026-05-15 11:37:20.393534484 +0000"
"/root/DELTA_LENOVO_CENTRAL/40_STEP_PROTOCOL/STEP_06_OUTPUT_SURFACE/STEP_06_STATUS.txt",44,"2026-05-15 11:37:20.396249815 +0000"
"/root/DELTA_LENOVO_CENTRAL/40_STEP_PROTOCOL/STEP_07_FUNCTION_CLASSIFICATION/STEP_07_OUTPUT_FUNCTIONS.txt",716,"2026-05-15 11:37:52.275477779 +0000"
"/root/DELTA_LENOVO_CENTRAL/40_STEP_PROTOCOL/STEP_07_FUNCTION_CLASSIFICATION/STEP_07_REVIEW_REQUIRED_FUNCTIONS.txt",480,"2026-05-15 11:37:52.298161968 +0000"
"/root/DELTA_LENOVO_CENTRAL/40_STEP_PROTOCOL/STEP_07_FUNCTION_CLASSIFICATION/STEP_07_SAFE_GOVERNANCE_FUNCTIONS.txt",1366,"2026-05-15 11:37:52.250680926 +0000"
"/root/DELTA_LENOVO_CENTRAL/40_STEP_PROTOCOL/STEP_07_FUNCTION_CLASSIFICATION/STEP_07_STATUS.txt",46,"2026-05-15 11:37:52.300513716 +0000"
"/root/DELTA_LENOVO_CENTRAL/40_STEP_PROTOCOL/STEP_08_CANONICAL_PACKAGE/STEP_08_ALL_STEP_ARTIFACTS.txt",2703,"2026-05-15 11:38:30.466695645 +0000"
"/root/DELTA_LENOVO_CENTRAL/40_STEP_PROTOCOL/STEP_08_CANONICAL_PACKAGE/STEP_08_ALL_STEP_SHA256.txt",4715,"2026-05-15 11:38:30.496548744 +0000"
"/root/DELTA_LENOVO_CENTRAL/40_STEP_PROTOCOL/STEP_08_CANONICAL_PACKAGE/STEP_08_ARTIFACT_COUNT.txt",104,"2026-05-15 11:38:30.500910074 +0000"
"/root/DELTA_LENOVO_CENTRAL/40_STEP_PROTOCOL/STEP_08_CANONICAL_PACKAGE/STEP_08_STATUS.txt",50,"2026-05-15 11:38:30.503249238 +0000"
"/root/DELTA_LENOVO_CENTRAL/40_STEP_PROTOCOL/STEP_09_HASH_VERIFICATION/STEP_09_ARTIFACT_INDEX_HASH.txt",167,"2026-05-15 11:39:13.517328337 +0000"
"/root/DELTA_LENOVO_CENTRAL/40_STEP_PROTOCOL/STEP_09_HASH_VERIFICATION/STEP_09_PACKAGE_HASH.txt",164,"2026-05-15 11:39:13.506664096 +0000"
"/root/DELTA_LENOVO_CENTRAL/40_STEP_PROTOCOL/STEP_09_HASH_VERIFICATION/STEP_09_STATUS.txt",40,"2026-05-15 11:39:13.521548583 +0000"
"/root/DELTA_LENOVO_CENTRAL/40_STEP_PROTOCOL/STEP_10_STATUS_REPORT/STEP_10_DELTA_CORE_STATUS.txt",639,"2026-05-15 11:39:52.224540548 +0000"
"/root/DELTA_LENOVO_CENTRAL/40_STEP_PROTOCOL/STEP_10_STATUS_REPORT/STEP_10_DELTA_CORE_STATUS_SHA256.txt",162,"2026-05-15 11:39:52.229832960 +0000"
"/root/DELTA_LENOVO_CENTRAL/50_HARMONIZATION/DELTA_HARMONIZATION_STATUS.sha256.txt",141,"2026-05-15 11:41:02.315887821 +0000"
"/root/DELTA_LENOVO_CENTRAL/50_HARMONIZATION/DELTA_HARMONIZATION_STATUS.txt",845,"2026-05-15 11:41:01.421481639 +0000"
"/root/DELTA_LENOVO_CENTRAL/99_STATIC_REPORTS/ALPINE_LARGE_FILE_CHECK/possible_duplicates_by_size.txt",63302,"2026-05-18 00:35:09.374776995 +0000"
"/root/DELTA_LENOVO_CENTRAL/99_STATIC_REPORTS/ALPINE_LARGE_FILE_CHECK/top_100_largest_files.txt",13989,"2026-05-18 00:29:12.791291810 +0000"
"/root/DELTA_UNITY_ENGINE_v1_7.py",6110,"2026-05-14 08:45:15.122245206 +0000"
"/root/Documents/.Trash/00_Cover_Letter_EBRD.pdf.pdf",1012235,"2026-03-22 16:28:25.341005854 +0000"
"/root/Documents/.Trash/02. Neki LinkedIn postovi/0007141C-6DD0-42E3-8F4E-C3353D3423BB.PNG",2645428,"2025-12-10 00:06:12.000000000 +0000"
"/root/Documents/.Trash/02. Neki LinkedIn postovi/019E3534-B752-4B3D-90AD-0EDCA1715F75.PNG",2044681,"2025-12-10 00:53:19.000000000 +0000"
"/root/Documents/.Trash/02. Neki LinkedIn postovi/177090be-b370-4776-8478-385ab2981914.JPG",133058,"2025-12-09 22:54:58.628433000 +0000"
"/root/Documents/.Trash/02. Neki LinkedIn postovi/1AA31326-455A-4EBF-8F6A-D9796C33D5DC.PNG",2745297,"2025-12-09 23:58:14.000000000 +0000"
"/root/Documents/.Trash/02. Neki LinkedIn postovi/3720A27F-37A1-419A-9F19-22CAADBE0B85.PNG",2459709,"2025-12-10 01:55:40.000000000 +0000"
"/root/Documents/.Trash/02. Neki LinkedIn postovi/375274A3-F66B-48C3-A123-5FE824A3DAA3.PNG",2225132,"2025-12-09 23:09:30.000000000 +0000"
"/root/Documents/.Trash/02. Neki LinkedIn postovi/454E7C1E-8AB4-4C39-91B5-71638E83465A.PNG",2646253,"2025-12-10 02:01:46.000000000 +0000"
"/root/Documents/.Trash/02. Neki LinkedIn postovi/4BD9FFF8-142D-4578-AB95-F8D74685F7A7.PNG",1576071,"2025-12-09 22:50:42.000000000 +0000"
"/root/Documents/.Trash/02. Neki LinkedIn postovi/68173AD2-A58D-4558-ABAE-72DA49B51182.PNG",2466458,"2025-12-10 00:59:47.000000000 +0000"
"/root/Documents/.Trash/02. Neki LinkedIn postovi/6A21C8E2-86A9-43A3-B3A1-325AB952A472.PNG",2128810,"2025-12-10 01:42:06.000000000 +0000"
"/root/Documents/.Trash/02. Neki LinkedIn postovi/6F217806-0859-4E2D-8E73-9280530C4748.PNG",2455765,"2025-12-09 23:20:19.000000000 +0000"
"/root/Documents/.Trash/02. Neki LinkedIn postovi/74A1BBDE-6E37-45E1-9CA7-6B17A20EB394.PNG",2551675,"2025-12-09 23:46:54.000000000 +0000"
"/root/Documents/.Trash/02. Neki LinkedIn postovi/74A869FD-82FD-4ED3-B456-868B52EB5496.PNG",2439092,"2025-12-09 23:39:00.000000000 +0000"
"/root/Documents/.Trash/02. Neki LinkedIn postovi/7A63DD09-7BD1-486C-9473-D9952189D8A6.PNG",2416302,"2025-12-10 00:24:17.000000000 +0000"
"/root/Documents/.Trash/02. Neki LinkedIn postovi/89A4CB56-5144-42FA-9AF8-7BEA6F922B08 2.PNG",2439212,"2025-12-10 01:37:07.000000000 +0000"
"/root/Documents/.Trash/02. Neki LinkedIn postovi/89A4CB56-5144-42FA-9AF8-7BEA6F922B08.PNG",2439212,"2025-12-10 01:27:31.000000000 +0000"
"/root/Documents/.Trash/02. Neki LinkedIn postovi/89F3EFF6-2ACE-4FA0-AFB9-3B473612E10D.PNG",2973074,"2025-12-10 00:25:50.000000000 +0000"
"/root/Documents/.Trash/02. Neki LinkedIn postovi/9BE23F54-EEE0-40C6-9960-2D64E03E4D59.PNG",2295755,"2025-12-09 22:52:14.000000000 +0000"
"/root/Documents/.Trash/02. Neki LinkedIn postovi/A0208FDE-8356-461D-BABD-0A1B02A13750.PNG",2258312,"2025-12-10 02:19:04.000000000 +0000"
"/root/Documents/.Trash/02. Neki LinkedIn postovi/A62C59F7-DF87-4BC6-903C-28C2114612B7.PNG",2186387,"2025-12-09 22:54:11.000000000 +0000"
"/root/Documents/.Trash/02. Neki LinkedIn postovi/B1DB1D6F-9107-4CE7-802F-E757E641FCAF.PNG",2054480,"2025-12-09 22:30:45.000000000 +0000"
"/root/Documents/.Trash/02. Neki LinkedIn postovi/C458E6CE-50EF-473F-BDA2-335461AD6690.PNG",2675995,"2025-12-09 23:28:38.000000000 +0000"
"/root/Documents/.Trash/02. Neki LinkedIn postovi/D34B80BA-9E01-455D-8EF2-2242CC6A441E.PNG",2157836,"2025-12-10 01:10:00.000000000 +0000"
"/root/Documents/.Trash/02. Neki LinkedIn postovi/D4084BAF-7BAF-43B5-BD19-9EEAD1B8AAAB.PNG",2185245,"2025-12-09 23:00:30.000000000 +0000"
"/root/Documents/.Trash/02. Neki LinkedIn postovi/F9AF67D5-F251-4B0B-A6B7-B2580117A65E.PNG",2332844,"2025-12-10 01:18:26.000000000 +0000"
"/root/Documents/.Trash/ACTIVE DATA MASTER.xlsx",153085,"2026-05-07 22:19:14.582990257 +0000"
"/root/Documents/.Trash/ANEKS_1_REVIZIJA_CAPEX_TITAN1_2026-05-10.docx",37050,"2026-05-10 19:32:59.000000000 +0000"
"/root/Documents/.Trash/ANEKS_1_REVIZIJA_CAPEX_TITAN1_EU_BRAND_2026-05-10.docx",37660,"2026-05-10 19:39:23.000000000 +0000"
"/root/Documents/.Trash/ANEKS_1_REVIZIJA_CAPEX_TITAN1_EU_FOOTER_2026-05-10.docx",37773,"2026-05-10 19:40:56.000000000 +0000"
"/root/Documents/.Trash/ANEKS_1_REVIZIJA_CAPEX_TITAN1_FINAL_2026-05-10.docx",37366,"2026-05-10 19:43:31.000000000 +0000"
"/root/Documents/.Trash/ANEKS_1_REVIZIJA_CAPEX_TITAN1_IMPROVED_2026-05-10.docx",38222,"2026-05-10 19:43:23.000000000 +0000"
"/root/Documents/.Trash/ANEKS_1_REVIZIJA_CAPEX_TITAN1_INSTITUTIONAL_FINAL_2026-05-10.docx",37394,"2026-05-10 19:44:24.000000000 +0000"
"/root/Documents/.Trash/ANEKS_1_REVIZIJA_CAPEX_TITAN1_INSTITUTIONAL_ULTRA_2026-05-10.docx",37454,"2026-05-10 19:45:13.000000000 +0000"
"/root/Documents/.Trash/ANEKS_1_REVIZIJA_CAPEX_TITAN1_PROFESSIONAL_FINAL_2026-05-10.docx",38103,"2026-05-11 07:10:57.000000000 +0000"
"/root/Documents/.Trash/ANEKS_1_REVIZIJA_CAPEX_TITAN1_v4_2026-05-10.docx",37038,"2026-05-11 06:50:44.000000000 +0000"
"/root/Documents/.Trash/MAPA_CIJELOG_UREDAJA.txt",48542,"2026-05-10 10:36:02.000000000 +0000"
"/root/Documents/.Trash/ORG-005_TITAN_Grid_Teaser_v4.xlsx",8126,"2026-03-23 04:44:44.778047766 +0000"
"/root/Documents/.Trash/ORG-016_TITAN_Grid_Project_Charter_v4.xlsx",11444,"2026-03-23 04:13:15.269332731 +0000"
"/root/Documents/.Trash/PUNA_MAPA.txt",71143,"2026-05-10 10:36:34.000000000 +0000"
"/root/Documents/.Trash/SIGNALNI_MEMORANDUM_TITAN1_2026-05-10.docx",37307,"2026-05-10 19:35:17.000000000 +0000"
"/root/Documents/.Trash/SIGNALNI_MEMORANDUM_TITAN1_EU_BRAND_2026-05-10.docx",37829,"2026-05-10 19:39:22.000000000 +0000"
"/root/Documents/.Trash/SVE_OSJETLJIVO.txt",0,"2026-05-10 10:41:00.000000000 +0000"
"/root/Documents/.Trash/Shareholder rev 002.docx",15508,"2026-05-05 02:06:03.297618109 +0000"
"/root/Documents/.Trash/Strateške prilike za industrijsku ekspanziju.pdf",230199,"2026-03-27 14:12:41.143212893 +0000"
"/root/Documents/.Trash/TITAN_122_123_124_FinalClosure_Reconciliation_v1.zip",7605,"2026-05-06 02:34:12.817330399 +0000"
"/root/Documents/.Trash/TITAN_125_126_127_MasterIndex_Seal_v1.zip",7424,"2026-05-06 02:38:03.881203780 +0000"
"/root/Documents/.Trash/TITAN_146_147_148_Terminal_FreezeOfArchives_v1.zip",7196,"2026-05-06 02:49:45.861338282 +0000"
"/root/Documents/.Trash/TITAN_158_159_160_ReviewOnly_ChainArchive_v1.zip",7157,"2026-05-06 02:55:26.258028897 +0000"
"/root/Documents/.Trash/TITAN_43_44_49_Handoff_Rollback_FinalEvidence_v1.zip",6957,"2026-05-06 01:52:18.774386393 +0000"
"/root/Documents/.Trash/TITAN_53_54_55_Completeness_Issues_NoRelease_v1.zip",6967,"2026-05-06 01:58:20.230849881 +0000"
"/root/Documents/.Trash/TITAN_62_63_64_Traceability_Graph_Seal_v1.zip",7470,"2026-05-06 02:05:28.498071965 +0000"
"/root/Documents/.Trash/TITAN_68_69_70_Attestation_Scoring_ImmutableManifest_v1.zip",7303,"2026-05-06 02:09:30.974856679 +0000"
"/root/Documents/.Trash/TITAN_Central_Brain_Finance_Master_v6_1.xlsx",25184,"2026-05-10 11:10:59.000000000 +0000"
"/root/Documents/.Trash/TITAN_FORENSIC_REVISION_MASTER_v26_SCRIPT_24_UI_ICON_PATCHER.docx",138698,"2026-05-06 04:48:12.284554990 +0000"
"/root/Documents/.Trash/TITAN_FORENSIC_REVISION_MASTER_v33_GOVERNANCE_JSON_ARTIFACT_PACK.docx",159822,"2026-05-06 06:25:16.739601426 +0000"
"/root/Documents/.Trash/TITAN_GOVERNANCE_JSON_STARTER_PACK_v1 2.zip",10007,"2026-05-06 06:26:38.196228685 +0000"
"/root/Documents/.Trash/TITAN_GOVERNANCE_JSON_STARTER_PACK_v1.zip",10007,"2026-05-06 06:24:49.663949489 +0000"
"/root/Documents/.Trash/TITAN_GRID_v5_Full_Lender_Closing_Book.pdf",26406,"2026-03-23 04:14:37.383769922 +0000"
"/root/Documents/.Trash/TITAN_Grid_Financial_Model_CSV_Exports.zip",5069,"2026-03-23 04:57:40.499932676 +0000"
"/root/Documents/.Trash/Titan_Grid_Collateral_Overview_v2_Bank_Ready.docx",39987,"2026-03-23 05:00:43.378465925 +0000"
"/root/Documents/.Trash/Titan_Grid_v6_2_Live_Lender_Linkage_Pack.xlsx",19755,"2026-03-23 04:20:02.096179984 +0000"
"/root/Documents/.Trash/UNI-MAK_CAPEX_LOG-001_A4_READY.xlsx",31547,"2026-03-23 12:38:29.986365037 +0000"
"/root/Documents/000. Titan/ARS 23.pdf.pdf",124140,"2026-05-05 14:39:00.350860175 +0000"
"/root/Documents/000. Titan/ARS 24.pdf.pdf",124468,"2026-05-05 14:39:11.199945032 +0000"
"/root/Documents/000. Titan/ARS 25.pdf.pdf",125608,"2026-05-05 14:39:19.073944284 +0000"
"/root/Documents/000. Titan/BS 2023.pdf",245981,"2026-05-05 14:42:29.045030377 +0000"
"/root/Documents/000. Titan/BS 2024.pdf",249957,"2026-05-05 14:41:59.345787635 +0000"
"/root/Documents/000. Titan/BS 2025.pdf",236016,"2026-05-05 14:41:49.927537091 +0000"
"/root/Documents/000. Titan/BS 24 (2).pdf",243619,"2026-05-05 14:42:19.654629714 +0000"
"/root/Documents/000. Titan/BU 2023.pdf",232213,"2026-05-05 14:41:35.485722619 +0000"
"/root/Documents/000. Titan/BU 2024.pdf",236289,"2026-05-05 14:41:27.606189174 +0000"
"/root/Documents/000. Titan/BU 2025.pdf",223848,"2026-05-05 14:41:18.163638321 +0000"
"/root/Documents/000. Titan/CRPS 4 Izvod sa SVIM podaci.pdf",253176,"2026-05-05 14:50:04.385257116 +0000"
"/root/Documents/000. Titan/CRPS 4 Rjesenje Uskladjivanje +Promjena Dir.pdf",143827,"2026-05-05 14:50:04.156800689 +0000"
"/root/Documents/000. Titan/Izjava o Uskladjivanju-pp.pdf",274045,"2026-05-05 14:50:04.240449297 +0000"
"/root/Documents/000. Titan/Odluka o imenovanju Ovl.Zastup.-pp.pdf",184866,"2026-05-05 14:50:04.192604343 +0000"
"/root/Documents/000. Titan/Odluka o prom. Tipa posl. Uloge-pp.pdf",269682,"2026-05-05 14:50:04.233162692 +0000"
"/root/Documents/000. Titan/Odluka o promjeni Direktora-pp.pdf",184881,"2026-05-05 14:50:04.152239535 +0000"
"/root/Documents/000. Titan/Odluka o promjeni Kontakta-pp.pdf",271986,"2026-05-05 14:50:04.242461959 +0000"
"/root/Documents/000. Titan/Odluka o promjeni Prefiksa-pp.pdf",268805,"2026-05-05 14:50:04.197534871 +0000"
"/root/Documents/000. Titan/Odluka o usvajanju novog Statuta-pp.pdf",188298,"2026-05-05 14:50:04.269284095 +0000"
"/root/Documents/000. Titan/Saglasnost Imenovanje Ovl.Zastup.-pp.pdf",189110,"2026-05-05 14:50:04.238134595 +0000"
"/root/Documents/000. Titan/Statut (mne+eng)-pp.pdf",998981,"2026-05-05 14:50:04.259868537 +0000"
"/root/Documents/000. Titan/srkretarijat za Urbanizam - Rešenje 07-322-25-8472-1 od 26.11.2025.pdf",1783954,"2026-05-05 14:36:47.020139396 +0000"
"/root/Documents/0000000000000/DANASSSSS/001. INVESTICIONI PLAN IRF kopyası.pdf",589579,"2026-04-06 02:15:40.967809603 +0000"
"/root/Documents/0000000000000/DANASSSSS/00_Cover_Letter_EBRD.pdf.pdf",1012235,"2026-03-22 16:28:25.341005854 +0000"
"/root/Documents/0000000000000/DANASSSSS/00_Cover_Letter_EIB.pdf.pdf",1010249,"2026-03-22 16:28:25.337491124 +0000"
"/root/Documents/0000000000000/DANASSSSS/00_STRATESKI_MEMORANDUM_Vlada_CG.pdf.pdf",1009394,"2026-03-22 16:28:25.348525602 +0000"
"/root/Documents/0000000000000/DANASSSSS/01.1_DSCR.pdf",1024047,"2026-03-22 16:28:25.322343878 +0000"
"/root/Documents/0000000000000/DANASSSSS/01.2_Stress_Test.pdf",1034809,"2026-03-22 16:28:25.356359140 +0000"
"/root/Documents/0000000000000/DANASSSSS/01.3_Pass-Through.pdf",1029294,"2026-03-22 16:28:25.304819313 +0000"
"/root/Documents/0000000000000/DANASSSSS/01.4_Security.pdf",1095581,"2026-03-22 16:28:25.352181205 +0000"
"/root/Documents/0000000000000/DANASSSSS/01.5_Velocity.pdf",1013625,"2026-03-22 16:28:25.349275764 +0000"
"/root/Documents/0000000000000/DANASSSSS/15.03.2024 v2.xlsx",111039,"2026-03-15 16:18:06.551822527 +0000"
"/root/Documents/0000000000000/DANASSSSS/30_institucija_CG_Funding_real.xlsx",13841,"2026-05-09 14:24:45.812612035 +0000"
"/root/Documents/0000000000000/DANASSSSS/ADS GAZETE SON.pdf",40696,"2026-05-09 14:51:00.833569913 +0000"
"/root/Documents/0000000000000/DANASSSSS/ADS İMZA SİRKÜSÜ 2027.pdf",3519079,"2026-05-09 14:51:01.107755893 +0000"
"/root/Documents/0000000000000/DANASSSSS/ADS METAL KARADAG  ELEKTRİK PROJESİ 09042026.dwg",6850464,"2026-04-21 03:59:27.733283880 +0000"
"/root/Documents/0000000000000/DANASSSSS/ADS_TITAN_Data_Room_Checklist.xlsx",7952,"2026-03-23 12:48:27.484030359 +0000"
"/root/Documents/0000000000000/DANASSSSS/ANX01_FULL_UPGRADED.xlsx",9619,"2026-03-23 04:52:33.889920126 +0000"
"/root/Documents/0000000000000/DANASSSSS/ARS 23.pdf.pdf",124140,"2026-05-05 14:39:00.350860175 +0000"
"/root/Documents/0000000000000/DANASSSSS/ARS 24.pdf.pdf",124468,"2026-05-05 14:39:11.199945032 +0000"
"/root/Documents/0000000000000/DANASSSSS/ARS 25.pdf.pdf",125608,"2026-05-05 14:39:19.073944284 +0000"
"/root/Documents/0000000000000/DANASSSSS/ARS_CAPEX_Civil_Packages_v1.1_Harmonized_FINAL.xlsx",26925,"2026-03-23 05:14:37.216326230 +0000"
"/root/Documents/0000000000000/DANASSSSS/ARS_CAPEX_Procurement_Working_Model_v1.xlsx",8403,"2026-03-23 12:40:02.313173486 +0000"
"/root/Documents/0000000000000/DANASSSSS/ARS_Full_v3_Project_Finance_Model_v3_1.xlsx",35390,"2026-03-23 04:58:17.680333552 +0000"
"/root/Documents/0000000000000/DANASSSSS/ARS_Investor_Book_Improved.xlsx",8187,"2026-03-23 05:33:55.715882461 +0000"
"/root/Documents/0000000000000/DANASSSSS/ARS_Project_Control_Workbook_v5_MAREL_Integrated.xlsx",28388,"2026-03-23 05:10:35.396386599 +0000"
"/root/Documents/0000000000000/DANASSSSS/ARS_ULTRA_CFO_Model_Connected_Planning_ULTRA_v6_02-03-2026_revidovan.xlsx",85000,"2026-05-09 20:26:20.251916922 +0000"
"/root/Documents/0000000000000/DANASSSSS/Analiza snaga tri firme za EU platformu.pdf",233894,"2026-03-27 14:11:08.764056171 +0000"
"/root/Documents/0000000000000/DANASSSSS/Assignment tracker.pdf",125990,"2026-04-04 12:56:53.408111920 +0000"
"/root/Documents/0000000000000/DANASSSSS/BS 2023.pdf",245981,"2026-05-05 14:42:29.045030377 +0000"
"/root/Documents/0000000000000/DANASSSSS/BU 2023.pdf",232213,"2026-05-05 14:41:35.485722619 +0000"
"/root/Documents/0000000000000/DANASSSSS/BU 2024.pdf",236289,"2026-05-05 14:41:27.606189174 +0000"
"/root/Documents/0000000000000/DANASSSSS/BU 2025.pdf",223848,"2026-05-05 14:41:18.163638321 +0000"
"/root/Documents/0000000000000/DANASSSSS/Bank_Grade_Template_Final_Polish.xlsx",28252,"2026-03-23 04:32:26.466466376 +0000"
"/root/Documents/0000000000000/DANASSSSS/Bank_Grade_V4_Model.xlsx",44383,"2026-03-23 05:05:17.323373562 +0000"
"/root/Documents/0000000000000/DANASSSSS/CAPEX_FULL_V2_BANK_MODEL.xlsx",10755,"2026-03-23 12:39:35.372099400 +0000"
"/root/Documents/0000000000000/DANASSSSS/CAPEX_TIMELINE_UNI_MAK_Bank_Grade_Model_Clean_Export.xlsx",81874,"2026-03-23 04:23:49.560590784 +0000"
"/root/Documents/0000000000000/DANASSSSS/CRPS 4 Izvod sa SVIM podaci.pdf",253176,"2026-05-05 14:50:04.385257116 +0000"
"/root/Documents/0000000000000/DANASSSSS/CRPS 4 Rjesenje Uskladjivanje +Promjena Dir.pdf",143827,"2026-05-05 14:50:04.156800689 +0000"
"/root/Documents/0000000000000/DANASSSSS/Control_Tower_Dashboard_Ready.xlsx",63624,"2026-04-03 07:25:07.194705718 +0000"
"/root/Documents/0000000000000/DANASSSSS/ECO + ARS Komercijalna Ekspanzija i Liderstvo.pdf",178531,"2026-03-27 17:33:19.317123817 +0000"
"/root/Documents/0000000000000/DANASSSSS/ECO_Transformer_Bank_Grade_Sensitivity_Model_v1.xlsx",25259,"2026-04-03 07:48:36.940731453 +0000"
"/root/Documents/0000000000000/DANASSSSS/Eco Transformer doo- analitical card.pdf",523190,"2025-12-16 10:17:23.184845639 +0000"
"/root/Documents/0000000000000/DANASSSSS/Eco transformer factory .xlsx",63441,"2026-03-15 20:09:03.720954007 +0000"
"/root/Documents/0000000000000/DANASSSSS/Eco v3.xlsx",82800,"2026-03-15 23:05:45.033379285 +0000"
"/root/Documents/0000000000000/DANASSSSS/Executive_OnePage_With_Chart.docx",52913,"2026-03-28 13:52:08.415885746 +0000"
"/root/Documents/0000000000000/DANASSSSS/FIN-2.1 EXECUTIVE FINANCIAL DASHBOARD (PREGLED).pdf",926816,"2026-03-25 19:26:21.561796745 +0000"
"/root/Documents/0000000000000/DANASSSSS/FIN-2.1 Executive Financial Dashboard.pdf",1246560,"2026-03-25 19:26:22.464436436 +0000"
"/root/Documents/0000000000000/DANASSSSS/FIN-2.2 CAPEX Schedule .pdf",1417042,"2026-03-25 19:26:22.351482283 +0000"
"/root/Documents/0000000000000/DANASSSSS/FIN-2.2 CAPEX Schedule – Capital Deployment Strategy.pdf",1416685,"2026-03-25 19:26:22.519334564 +0000"
"/root/Documents/0000000000000/DANASSSSS/FIN-2.4 OPERATIVNI TROŠKOVI I MATRICA RADNE SNAGE (OPEX & LABOR).pdf",1042535,"2026-03-25 19:26:21.665238789 +0000"
"/root/Documents/0000000000000/DANASSSSS/FIN-2.4 OPEX & Labor Matrix.pdf",1034076,"2026-03-25 19:26:21.601709797 +0000"
"/root/Documents/0000000000000/DANASSSSS/FIN-2.5 Energy Arbitrage (1.4 MWp).pdf",1003116,"2026-03-25 19:26:21.674989022 +0000"
"/root/Documents/0000000000000/DANASSSSS/Factory_Valuation_Clean.docx",37742,"2026-03-28 13:41:29.128466061 +0000"
"/root/Documents/0000000000000/DANASSSSS/Financial-Management-PHAs-Template-01a-Operating-Budget-Tool.xlsx",399571,"2026-05-09 20:25:44.878293444 +0000"
"/root/Documents/0000000000000/DANASSSSS/Forensic_Audit_Pack_v2_Clean_Export.xlsx",19077,"2026-03-23 04:24:19.196202033 +0000"
"/root/Documents/0000000000000/DANASSSSS/Full_Financial_Model_Audit_Report.xlsx",58050,"2026-03-23 05:03:36.316289413 +0000"
"/root/Documents/0000000000000/DANASSSSS/IRF - PRIRUCNIK ZA IZRADU INV PROJEKATA 2013 - do 50.pdf",274267,"2026-03-02 14:48:59.839611000 +0000"
"/root/Documents/0000000000000/DANASSSSS/Implementacioni Plan Od Stabilizacije do Hegemoni....pdf",213181,"2026-03-27 14:46:50.145809043 +0000"
"/root/Documents/0000000000000/DANASSSSS/Industrijska Transformacija Od Haosa Ka Sistemu.pdf",193687,"2026-03-27 17:34:05.933879184 +0000"
"/root/Documents/0000000000000/DANASSSSS/Institutional_Project_Finance_Model_v4_WorldClass_Blank_upgraded.xlsx",94712,"2026-03-23 05:02:41.005554264 +0000"
"/root/Documents/0000000000000/DANASSSSS/Izjava o Uskladjivanju-pp.pdf",274045,"2026-05-05 14:50:04.240449297 +0000"
"/root/Documents/0000000000000/DANASSSSS/KARADAĞ MEKANİK TESİSAT PROJELERİ.rar",7753561,"2026-04-21 03:59:27.769978137 +0000"
"/root/Documents/0000000000000/DANASSSSS/Kontrola nabavke Moć u industriji.pdf",200427,"2026-03-27 17:23:06.657353423 +0000"
"/root/Documents/0000000000000/DANASSSSS/Kopija Plana.pdf",1233716,"2026-02-05 22:47:25.669296799 +0000"
"/root/Documents/0000000000000/DANASSSSS/Ljudski kapital Mikro-koraci za Fabriku.pdf",199249,"2026-03-27 17:21:54.656498136 +0000"
"/root/Documents/0000000000000/DANASSSSS/MAREL_Control_Tower_CLEAN.xlsx",5360,"2026-03-23 05:20:46.042496716 +0000"
"/root/Documents/0000000000000/DANASSSSS/MAREL_v9_REAL.xlsx",9942,"2026-03-23 04:46:50.157348197 +0000"
"/root/Documents/0000000000000/DANASSSSS/Machine List.xlsx",11442,"2025-12-21 09:44:23.515885706 +0000"
"/root/Documents/0000000000000/DANASSSSS/Marel_Ecosystem_v5_Audit_Ready_v1_1_Upgraded.xlsx",96023,"2026-03-23 05:06:22.509133384 +0000"
"/root/Documents/0000000000000/DANASSSSS/ORG-001_Project_Concept_Note.pdf (3).pdf",658434,"2026-03-24 12:39:39.995679031 +0000"
"/root/Documents/0000000000000/DANASSSSS/ORG-001_TITAN_Grid_Governance_v4.xlsx",6792,"2026-03-23 04:35:45.820984022 +0000"
"/root/Documents/0000000000000/DANASSSSS/ORG-001_TITAN_Grid_Revisited_v4_1.xlsx",17466,"2026-03-23 05:01:42.161289363 +0000"
"/root/Documents/0000000000000/DANASSSSS/ORG-002_TITAN_Grid_Executive_Summary_v4.xlsx",8080,"2026-03-23 04:48:07.241935803 +0000"
"/root/Documents/0000000000000/DANASSSSS/ORG-003_TITAN_Grid_Memorandum_v5_UPGRADED.xlsx",12946,"2026-03-23 05:01:23.634570769 +0000"
"/root/Documents/0000000000000/DANASSSSS/ORG-005_TITAN_Grid_Teaser_v4.xlsx",8126,"2026-03-23 04:44:44.778047766 +0000"
"/root/Documents/0000000000000/DANASSSSS/ORG-007_TITAN_Grid_Strategic_Positioning_v4.xlsx",7732,"2026-03-23 04:15:14.413322380 +0000"
"/root/Documents/0000000000000/DANASSSSS/ORG-008_TITAN_Grid_Market_Gap_v4.xlsx",8434,"2026-03-23 04:43:26.671132618 +0000"
"/root/Documents/0000000000000/DANASSSSS/ORG-009_TITAN_Grid_Industrial_Logic_v4.xlsx",8923,"2026-03-23 04:43:06.971395239 +0000"
"/root/Documents/0000000000000/DANASSSSS/ORG-010_TITAN_Grid_Scalability_v4_corrected.xlsx",7937,"2026-03-23 04:10:05.194943314 +0000"
"/root/Documents/0000000000000/DANASSSSS/ORG-011_TITAN_Grid_Sponsor_Profile_v4.xlsx",11866,"2026-03-23 04:50:33.582426469 +0000"
"/root/Documents/0000000000000/DANASSSSS/ORG-012_TITAN_Grid_Ownership_Structure_v4.xlsx",6262,"2026-03-23 04:14:02.269596101 +0000"
"/root/Documents/0000000000000/DANASSSSS/ORG-014_TITAN_Grid_Project_Timeline_v4.xlsx",8051,"2026-03-23 04:53:07.956185148 +0000"
"/root/Documents/0000000000000/DANASSSSS/ORG-016_TITAN_Grid_Project_Charter_v4.xlsx",11444,"2026-03-23 04:13:15.269332731 +0000"
"/root/Documents/0000000000000/DANASSSSS/ORG-017_TITAN_Grid_Risk_Overview_v4_polished.xlsx",8088,"2026-03-23 04:30:17.441207713 +0000"
"/root/Documents/0000000000000/DANASSSSS/ORG-018_TITAN_Grid_Competitor_Map_v4_FINAL.xlsx",8024,"2026-03-23 04:29:58.277704765 +0000"
"/root/Documents/0000000000000/DANASSSSS/ORG-019_TITAN_Grid_Strategic_Deck_v4.xlsx",8036,"2026-03-23 04:16:03.088684015 +0000"
"/root/Documents/0000000000000/DANASSSSS/ORG-020_TITAN_Grid_Identity_v4.xlsx",7299,"2026-03-23 04:16:43.130837514 +0000"
"/root/Documents/0000000000000/DANASSSSS/ORG-021_TITAN_Grid_Investment_Thesis_v4.xlsx",7915,"2026-03-23 04:16:24.388561080 +0000"
"/root/Documents/0000000000000/DANASSSSS/ORG-022_TITAN_Grid_Macro_Context_v4.xlsx",7236,"2026-03-23 04:07:35.503257330 +0000"
"/root/Documents/0000000000000/DANASSSSS/ORG-024_TITAN_Grid_Strategic_Expansion_v4.xlsx",6115,"2026-03-23 04:08:01.386486427 +0000"
"/root/Documents/0000000000000/DANASSSSS/ORG-025_TITAN_Grid_Stakeholder_Map_v4_1.xlsx",9289,"2026-03-23 04:13:37.180751628 +0000"
"/root/Documents/0000000000000/DANASSSSS/Odluka o imenovanju Ovl.Zastup.-pp.pdf",184866,"2026-05-05 14:50:04.192604343 +0000"
"/root/Documents/0000000000000/DANASSSSS/Odluka o promjeni Kontakta-pp.pdf",271986,"2026-05-05 14:50:04.242461959 +0000"
"/root/Documents/0000000000000/DANASSSSS/Odluka o promjeni Prefiksa-pp.pdf",268805,"2026-05-05 14:50:04.197534871 +0000"
"/root/Documents/0000000000000/DANASSSSS/Odluka o usvajanju novog Statuta-pp.pdf",188298,"2026-05-05 14:50:04.269284095 +0000"
"/root/Documents/0000000000000/DANASSSSS/PHOTO-2026-03-22-23-40-42.jpg",311210,"2026-03-22 22:56:09.462118929 +0000"
"/root/Documents/0000000000000/DANASSSSS/PHOTO-2026-04-06-07-59-05.jpg",108449,"2026-04-06 05:59:06.480025919 +0000"
"/root/Documents/0000000000000/DANASSSSS/PHOTO-2026-04-06-07-59-07.jpg",183114,"2026-04-06 05:59:07.521823220 +0000"
"/root/Documents/0000000000000/DANASSSSS/PHOTO-2026-04-06-07-59-08.jpg",311307,"2026-04-06 05:59:09.558066054 +0000"
"/root/Documents/0000000000000/DANASSSSS/PHOTO-2026-04-20-09-17-46.jpg",44012,"2026-02-17 14:06:08.762941292 +0000"
"/root/Documents/0000000000000/DANASSSSS/Plan Implementacije Industrijske Hegemonije.pdf",182158,"2026-03-27 14:06:29.494346500 +0000"
"/root/Documents/0000000000000/DANASSSSS/Poslovni plan za investitora 20 tačaka.pdf",178246,"2026-03-27 14:43:07.463005959 +0000"
"/root/Documents/0000000000000/DANASSSSS/Pregled Dokumentacije Projekta Investitora (56).xlsx",739488,"2026-04-24 22:16:19.841569852 +0000"
"/root/Documents/0000000000000/DANASSSSS/Preliminary Information Memorandum (PIM) .pdf",2256607,"2026-03-24 17:20:30.020050396 +0000"
"/root/Documents/0000000000000/DANASSSSS/README.md",883,"2026-04-03 07:29:05.000000000 +0000"
"/root/Documents/0000000000000/DANASSSSS/Registar-podsticajnih-mjera-za-investicije-za-2025.xlsx",103423,"2026-05-09 14:27:29.151098014 +0000"
"/root/Documents/0000000000000/DANASSSSS/SA 2025.pdf",225732,"2026-02-06 07:58:57.095160000 +0000"
"/root/Documents/0000000000000/DANASSSSS/Saglasnost Imenovanje Direktora-pp.pdf",188881,"2026-05-05 14:50:04.273965707 +0000"
"/root/Documents/0000000000000/DANASSSSS/Saglasnost Imenovanje Ovl.Zastup.-pp.pdf",189110,"2026-05-05 14:50:04.238134595 +0000"
"/root/Documents/0000000000000/DANASSSSS/Statut (mne+eng)-pp.pdf",998981,"2026-05-05 14:50:04.259868537 +0000"
"/root/Documents/0000000000000/DANASSSSS/Strategija Visoko Svjesnog Bića.pdf",151851,"2026-03-27 17:20:48.292134162 +0000"
"/root/Documents/0000000000000/DANASSSSS/Strateške prilike za industrijsku ekspanziju.pdf",230199,"2026-03-27 14:12:41.143212893 +0000"
"/root/Documents/0000000000000/DANASSSSS/Strateški Plan za Industrijsku Moć.pdf",208733,"2026-03-27 17:38:28.098977482 +0000"
"/root/Documents/0000000000000/DANASSSSS/Strateški model akvizicije ECO-a.pdf",242874,"2026-03-27 14:48:40.378642351 +0000"
"/root/Documents/0000000000000/DANASSSSS/TITAN_Central_Brain_Finance_Master_v6_1.xlsx",38687,"2026-04-03 11:56:43.023357165 +0000"
"/root/Documents/0000000000000/DANASSSSS/TITAN_Central_Brain_Finance_Master_v6_2 2.xlsx",46279,"2026-04-03 12:20:00.420941176 +0000"
"/root/Documents/0000000000000/DANASSSSS/TITAN_Central_Brain_v6_3_MonteCarlo_PD_P90.xlsx",1746964,"2026-03-28 22:04:30.662616212 +0000"
"/root/Documents/0000000000000/DANASSSSS/TITAN_Control_Tower_Auto_v2.xlsx",45201,"2026-03-27 17:10:18.975925473 +0000"
"/root/Documents/0000000000000/DANASSSSS/TITAN_Control_Tower_v8_FINAL_POLISH.xlsx",16638,"2026-03-23 04:28:58.719450790 +0000"
"/root/Documents/0000000000000/DANASSSSS/TITAN_EBRD_IFC_Submission_Pack_v4.zip",225750,"2026-03-23 04:34:24.276079512 +0000"
"/root/Documents/0000000000000/DANASSSSS/TITAN_GRID_Master_Credit_Committee_File.xlsx",15269,"2026-03-23 05:20:06.246221817 +0000"
"/root/Documents/0000000000000/DANASSSSS/TITAN_GRID_Master_Credit_Committee_File_CORRECTED.xlsx",14953,"2026-03-23 12:31:00.029510844 +0000"
"/root/Documents/0000000000000/DANASSSSS/TITAN_GRID_Risk_Allocation_Matrix_Annex.pdf",53829,"2026-04-20 18:17:16.977072827 +0000"
"/root/Documents/0000000000000/DANASSSSS/TITAN_GRID_v5_Full_Lender_Closing_Book.pdf",26406,"2026-03-23 04:14:37.383769922 +0000"
"/root/Documents/0000000000000/DANASSSSS/TITAN_Grid_Active_Data_Transferred_v2_UPGRADED.xlsx",22028,"2026-03-23 05:02:19.943402442 +0000"
"/root/Documents/0000000000000/DANASSSSS/TITAN_Grid_Financial_Model_CSV_Exports.zip",5069,"2026-03-23 04:57:40.499932676 +0000"
"/root/Documents/0000000000000/DANASSSSS/TITAN_Grid_Financial_Model_v2_0.xlsx",21337,"2026-03-23 04:57:53.227342835 +0000"
"/root/Documents/0000000000000/DANASSSSS/TITAN_Grid_Model_v6_Clean.xlsx",24986,"2026-03-23 04:21:02.654964034 +0000"
"/root/Documents/0000000000000/DANASSSSS/TITAN_Grid_One_Pager_Final.xlsx",5637,"2026-03-23 04:06:17.862887671 +0000"
"/root/Documents/0000000000000/DANASSSSS/TITAN_Grid_v5_Upgrade.xlsx",8819,"2026-03-23 12:35:06.840948447 +0000"
"/root/Documents/0000000000000/DANASSSSS/TITAN_VDR_150_Document_Register_Template.xlsx",24580,"2026-04-03 12:11:13.378594842 +0000"
"/root/Documents/0000000000000/DANASSSSS/TITAN_VDR_Master_List.xlsx",10846,"2026-04-03 12:18:14.618563471 +0000"
"/root/Documents/0000000000000/DANASSSSS/TITAN_model_full_integration.xlsx",34889,"2026-04-03 07:23:27.179400005 +0000"
"/root/Documents/0000000000000/DANASSSSS/TITAN_v472_Final_Bank_Version.xlsx",57437,"2026-03-26 00:15:01.232212463 +0000"
"/root/Documents/0000000000000/DANASSSSS/TITAN_v5_0_board_ic_dashboard_version.xlsx",83488,"2026-03-28 22:05:59.663348896 +0000"
"/root/Documents/0000000000000/DANASSSSS/TITAN_v6_3_Credit_Committee_Pack.xlsx",30203,"2026-04-03 07:32:55.483469275 +0000"
"/root/Documents/0000000000000/DANASSSSS/TITAN_vE1_HARVEST_TOKEN_MAP.xlsx",87596,"2026-05-09 00:12:13.893637756 +0000"
"/root/Documents/0000000000000/DANASSSSS/TITAN_vE1_SSOT_FULL_REVISION_EXPORT.xlsx",21476,"2026-05-09 00:16:24.942201551 +0000"
"/root/Documents/0000000000000/DANASSSSS/TITAN_vE1_VOL08_CAPEX_RECONCILIATION_FORENSIC_SSOT.xlsx",62421,"2026-05-09 00:08:04.898478559 +0000"
"/root/Documents/0000000000000/DANASSSSS/Titan_Grid_Collateral_Overview_v2_Bank_Ready.docx",39987,"2026-03-23 05:00:43.378465925 +0000"
"/root/Documents/0000000000000/DANASSSSS/Titan_Grid_Execution_Closing_Bible_v6_1_forensic.docx",45599,"2026-03-23 04:42:04.587235895 +0000"
"/root/Documents/0000000000000/DANASSSSS/Titan_Grid_Upgrade_Export.xlsx",7946,"2026-03-23 05:00:31.326827217 +0000"
"/root/Documents/0000000000000/DANASSSSS/Titan_Grid_Value_Proposition_v6_Board_Lender_Submission_Pack_clean.docx",46109,"2026-03-23 04:26:05.099405768 +0000"
"/root/Documents/0000000000000/DANASSSSS/Titan_Grid_v52_Credit_Committee_Pack.pdf",1215615,"2026-03-25 23:52:56.376382627 +0000"
"/root/Documents/0000000000000/DANASSSSS/Titan_Grid_v6_2_Live_Lender_Linkage_Pack.xlsx",19755,"2026-03-23 04:20:02.096179984 +0000"
"/root/Documents/0000000000000/DANASSSSS/UNI-MAK_CAPEX_LOG-001_A4_READY.xlsx",31547,"2026-03-23 12:38:29.986365037 +0000"
"/root/Documents/0000000000000/DANASSSSS/WCM_DSCR_v2_CLEAN.xlsx",7752,"2026-03-23 04:25:13.190333924 +0000"
"/root/Documents/0000000000000/DANASSSSS/ads vl 2025.pdf",71412,"2026-05-09 14:51:00.867880135 +0000"
"/root/Documents/0000000000000/DANASSSSS/avatar_identity_QA_workbook.xlsx",162748,"2026-03-31 20:06:23.317379411 +0000"
"/root/Documents/0000000000000/DANASSSSS/clean_excel_export.xlsx",15650,"2026-03-23 05:14:09.146704266 +0000"
"/root/Documents/0000000000000/DANASSSSS/grok_mutation_generator.xlsx",38648,"2026-03-31 22:22:01.358698602 +0000"
"/root/Documents/0000000000000/DANASSSSS/grok_mutation_generator_safe_only.csv",102514,"2026-03-31 22:22:18.360251555 +0000"
"/root/Documents/0000000000000/DANASSSSS/labaratorija- oprema i metode ispitivanja.xlsx",44635,"2025-12-18 14:51:29.261046052 +0000"
"/root/Documents/0000000000000/DANASSSSS/rjesenje.pdf",881580,"2025-12-16 13:27:26.611124868 +0000"
"/root/Documents/0000000000000/DANASSSSS/semantic_control_matrix_v1.xlsx",21114,"2026-04-03 07:25:34.470592300 +0000"
"/root/Documents/0000000000000/DANASSSSS/small_transformer_factory_v4_3_1_bank_patch.xlsx",88814,"2026-03-28 22:03:58.823738578 +0000"
"/root/Documents/0000000000000/DANASSSSS/srkretarijat za Urbanizam - Rešenje 07-322-25-8472-1 od 26.11.2025.pdf",1783954,"2026-05-05 14:36:47.020139396 +0000"
"/root/Documents/0000000000000/DANASSSSS/study trial.pdf",6291288,"2026-04-06 23:57:19.671860949 +0000"
"/root/Documents/0000000000000/DANASSSSS/text 2.txt",55,"2026-05-18 13:31:26.405074735 +0000"
"/root/Documents/0000000000000/DANASSSSS/text 3.txt",55,"2026-05-18 13:31:44.973783475 +0000"
"/root/Documents/0000000000000/DANASSSSS/text 4.txt",55,"2026-05-18 13:31:59.554563158 +0000"
"/root/Documents/0000000000000/DANASSSSS/text 5.txt",55,"2026-05-18 14:01:58.968845259 +0000"
"/root/Documents/0000000000000/DANASSSSS/text.txt",55,"2026-05-18 13:29:59.610342976 +0000"
"/root/Documents/0000000000000/DELTA_888_NEUROLOGICAL_MAP_ATOMS_000101_000200.xlsx",23345,"2026-05-13 21:28:29.933472194 +0000"
"/root/Documents/0000000000000/Pregled Dokumentacije Projekta Investitora (57).xlsx",739488,"2026-05-06 20:58:13.060128762 +0000"
"/root/Documents/0000000000000/Skripte/TITAN_FORENSIC_REVISION_MASTER_v2_Tools_Network_MaxUpgrade.docx",44914,"2026-05-06 03:11:55.514113892 +0000"
"/root/Documents/0000000000000/TITANGRID_DELTA_888_DIGITAL_TRANSFORMER.py",47757,"2026-05-13 20:19:46.270187530 +0000"
"/root/Documents/0000000000000/TITANGRID_DELTA_888_NEURO_MONO_ATOM_SIGNAL_MAP_FULL.xlsx",136507,"2026-05-13 20:13:26.890477864 +0000"
"/root/Documents/0000000000000/vDR/ACTIVE DATA MASTER.xlsx",184773,"2026-05-08 20:55:59.639179674 +0000"
"/root/Documents/0000000000000/vDR/EBRD.docx",26119,"2026-05-08 12:45:07.075376008 +0000"
"/root/Documents/0000000000000/vDR/Kopija Plana.pdf",1233716,"2026-02-05 22:47:25.669296799 +0000"
"/root/Documents/0000000000000/vDR/TITAN_SSOT_Institucionalni_Dopisi.docx",40453,"2026-05-07 22:24:43.657295633 +0000"
"/root/Documents/001. Zakoni i regulative/Zakon_o_privrednim_drustvima_2025.pdf",1294781,"2026-01-29 20:17:00.537514816 +0000"
"/root/Documents/001. Zakoni i regulative/zakon-o-izgradnji-objekata.pdf",350283,"2026-02-02 19:42:12.111048697 +0000"
"/root/Documents/001. Zakoni i regulative/zakon-o-radu.pdf",543796,"2026-02-02 19:40:39.310855081 +0000"
"/root/Documents/002. Materijal za Tik tok/07.04/24f23ba87da645c5bdfdb6665f41911a.MOV",4920557,"2026-04-01 20:07:21.000000000 +0000"
"/root/Documents/002. Materijal za Tik tok/07.04/34846FE0-A03D-499D-B799-7D33810127DB.JPG",143953,"2026-04-06 07:00:08.221483000 +0000"
"/root/Documents/002. Materijal za Tik tok/07.04/5104eea5f48648d2b084252e9b18594d.MOV",40557222,"2026-04-01 20:18:00.000000000 +0000"
"/root/Documents/002. Materijal za Tik tok/07.04/60292C09-83C1-4419-A0EB-91EA55373AE7.PNG",2251558,"2026-04-01 06:37:12.000000000 +0000"
"/root/Documents/002. Materijal za Tik tok/07.04/66609BCA-9D18-4121-ABB3-B45A1A70BA5A.JPG",188297,"2026-04-02 18:02:03.324323000 +0000"
"/root/Documents/002. Materijal za Tik tok/07.04/73537ffeb2d64da6b1e5d1d9c621988c.MOV",1382347,"2026-04-06 18:02:29.000000000 +0000"
"/root/Documents/002. Materijal za Tik tok/07.04/92309000-3F67-4DA6-8323-D13783F33146.MOV",21490141,"2026-04-06 07:50:35.000000000 +0000"
"/root/Documents/002. Materijal za Tik tok/07.04/99ADA493-534D-7581-7F83-444D3C629ADF.MP4",7024330,"2026-03-31 23:12:20.000000000 +0000"
"/root/Documents/002. Materijal za Tik tok/07.04/9b7d361d8d13463ab2f7fbc47c8d5508.MOV",3364438,"2026-04-06 07:16:33.000000000 +0000"
"/root/Documents/002. Materijal za Tik tok/07.04/IMG_0001.JPG",181792,"2026-04-01 13:40:43.744007000 +0000"
"/root/Documents/002. Materijal za Tik tok/07.04/IMG_0002.JPG",202629,"2026-04-01 13:41:47.387835000 +0000"
"/root/Documents/002. Materijal za Tik tok/07.04/IMG_0003.JPG",180190,"2026-04-01 13:43:11.907167000 +0000"
"/root/Documents/002. Materijal za Tik tok/07.04/IMG_0004.JPG",198737,"2026-04-01 13:44:24.761708000 +0000"
"/root/Documents/002. Materijal za Tik tok/07.04/IMG_0005.JPG",208416,"2026-04-01 13:46:13.621808000 +0000"
"/root/Documents/002. Materijal za Tik tok/07.04/IMG_0006.JPG",174107,"2026-04-01 13:47:24.559257000 +0000"
"/root/Documents/002. Materijal za Tik tok/07.04/IMG_0007.JPG",182872,"2026-04-01 13:48:28.074358000 +0000"
"/root/Documents/002. Materijal za Tik tok/07.04/IMG_0008.JPG",221972,"2026-04-01 13:52:46.475952000 +0000"
"/root/Documents/002. Materijal za Tik tok/07.04/IMG_0010.JPG",169342,"2026-04-01 13:57:06.209689000 +0000"
"/root/Documents/002. Materijal za Tik tok/07.04/IMG_0011.JPG",185274,"2026-04-01 13:58:27.139741000 +0000"
"/root/Documents/002. Materijal za Tik tok/07.04/IMG_0012.JPG",190189,"2026-04-01 14:00:19.494931000 +0000"
"/root/Documents/002. Materijal za Tik tok/07.04/IMG_0013.JPG",176885,"2026-04-01 14:01:25.480071000 +0000"
"/root/Documents/002. Materijal za Tik tok/07.04/IMG_0014.JPG",157498,"2026-04-01 14:02:30.249515000 +0000"
"/root/Documents/002. Materijal za Tik tok/07.04/IMG_0015.JPG",229665,"2026-04-01 14:04:20.126204000 +0000"
"/root/Documents/002. Materijal za Tik tok/07.04/IMG_0016.JPG",201027,"2026-04-01 14:05:30.360384000 +0000"
"/root/Documents/002. Materijal za Tik tok/07.04/IMG_0017.JPG",213740,"2026-04-01 14:07:13.409239000 +0000"
"/root/Documents/002. Materijal za Tik tok/07.04/IMG_0018.JPG",204778,"2026-04-01 14:13:17.369642000 +0000"
"/root/Documents/002. Materijal za Tik tok/07.04/IMG_0019.JPG",216773,"2026-04-01 14:16:00.474970000 +0000"
"/root/Documents/002. Materijal za Tik tok/07.04/IMG_0020.JPG",234132,"2026-04-01 14:17:06.948895000 +0000"
"/root/Documents/002. Materijal za Tik tok/07.04/IMG_0021.JPG",237930,"2026-04-01 14:19:08.114920000 +0000"
"/root/Documents/002. Materijal za Tik tok/07.04/IMG_0022.JPG",227667,"2026-04-01 14:20:12.877039000 +0000"
"/root/Documents/002. Materijal za Tik tok/07.04/IMG_0023.JPG",198640,"2026-04-01 14:22:32.984690000 +0000"
"/root/Documents/002. Materijal za Tik tok/07.04/IMG_0024.JPG",239952,"2026-04-01 15:09:55.997055000 +0000"
"/root/Documents/002. Materijal za Tik tok/07.04/IMG_0025.JPG",188939,"2026-04-01 15:11:16.110526000 +0000"
"/root/Documents/002. Materijal za Tik tok/07.04/IMG_0026.JPG",177968,"2026-04-01 15:12:19.017994000 +0000"
"/root/Documents/002. Materijal za Tik tok/07.04/IMG_0027.JPG",210182,"2026-04-01 15:15:07.318738000 +0000"
"/root/Documents/002. Materijal za Tik tok/07.04/IMG_0028.JPG",248437,"2026-04-01 15:16:48.470529000 +0000"
"/root/Documents/002. Materijal za Tik tok/07.04/IMG_0065.JPG",205142,"2026-04-01 19:40:45.538574000 +0000"
"/root/Documents/002. Materijal za Tik tok/07.04/IMG_0073.JPG",219204,"2026-04-01 19:51:26.033174000 +0000"
"/root/Documents/002. Materijal za Tik tok/07.04/IMG_0153.PNG",1184221,"2026-04-02 15:12:32.099008000 +0000"
"/root/Documents/002. Materijal za Tik tok/07.04/IMG_0172.PNG",1331156,"2026-04-06 07:35:15.457788000 +0000"
"/root/Documents/002. Materijal za Tik tok/07.04/IMG_0175.JPG",200237,"2026-04-06 08:05:18.068480000 +0000"
"/root/Documents/002. Materijal za Tik tok/07.04/IMG_0196.PNG",4345861,"2026-04-06 19:06:07.000000000 +0000"
"/root/Documents/002. Materijal za Tik tok/07.04/IMG_0198.PNG",3008672,"2026-04-06 19:28:33.000000000 +0000"
"/root/Documents/002. Materijal za Tik tok/07.04/IMG_0199.PNG",7492685,"2026-04-06 19:28:55.000000000 +0000"
"/root/Documents/002. Materijal za Tik tok/07.04/IMG_0200.PNG",8860136,"2026-04-06 19:29:20.000000000 +0000"
"/root/Documents/002. Materijal za Tik tok/07.04/IMG_0201.PNG",1247508,"2026-04-06 19:31:11.713038000 +0000"
"/root/Documents/002. Materijal za Tik tok/07.04/IMG_0202.PNG",1261255,"2026-04-06 19:33:04.017947000 +0000"
"/root/Documents/002. Materijal za Tik tok/07.04/IMG_0204.PNG",1347565,"2026-04-06 19:44:00.426949000 +0000"
"/root/Documents/002. Materijal za Tik tok/07.04/IMG_0205.JPG",151384,"2026-04-06 19:44:08.867912000 +0000"
"/root/Documents/002. Materijal za Tik tok/07.04/IMG_0206.JPG",158695,"2026-04-06 19:45:55.281769000 +0000"
"/root/Documents/002. Materijal za Tik tok/07.04/IMG_0207.PNG",1203095,"2026-04-06 19:46:05.653479000 +0000"
"/root/Documents/002. Materijal za Tik tok/07.04/IMG_0208.JPG",157953,"2026-04-06 19:48:13.385113000 +0000"
"/root/Documents/002. Materijal za Tik tok/07.04/IMG_0209.PNG",1204950,"2026-04-06 19:48:27.079243000 +0000"
"/root/Documents/002. Materijal za Tik tok/07.04/IMG_0210.JPG",155101,"2026-04-06 19:48:45.944030000 +0000"
"/root/Documents/002. Materijal za Tik tok/07.04/IMG_0211.PNG",1161061,"2026-04-06 19:50:38.341782000 +0000"
"/root/Documents/002. Materijal za Tik tok/07.04/IMG_0212 2.JPG",187976,"2026-04-06 19:50:51.705737000 +0000"
"/root/Documents/002. Materijal za Tik tok/07.04/IMG_0212.JPG",187976,"2026-04-06 19:50:40.199889000 +0000"
"/root/Documents/002. Materijal za Tik tok/07.04/IMG_0214.JPG",172631,"2026-04-06 19:51:01.447513000 +0000"
"/root/Documents/002. Materijal za Tik tok/07.04/IMG_0215.JPG",175938,"2026-04-06 19:52:28.855124000 +0000"
"/root/Documents/002. Materijal za Tik tok/07.04/IMG_0216.JPG",179628,"2026-04-06 19:52:36.661807000 +0000"
"/root/Documents/002. Materijal za Tik tok/07.04/IMG_0217.PNG",1214367,"2026-04-06 19:52:55.672477000 +0000"
"/root/Documents/002. Materijal za Tik tok/07.04/IMG_0218.JPG",169422,"2026-04-06 19:55:24.428982000 +0000"
"/root/Documents/002. Materijal za Tik tok/07.04/IMG_0219.JPG",151410,"2026-04-06 19:55:32.649417000 +0000"
"/root/Documents/002. Materijal za Tik tok/07.04/IMG_0220.PNG",1139495,"2026-04-06 19:55:50.053982000 +0000"
"/root/Documents/002. Materijal za Tik tok/07.04/IMG_0221.JPG",159394,"2026-04-06 19:57:33.432089000 +0000"
"/root/Documents/002. Materijal za Tik tok/07.04/IMG_0222.JPG",171329,"2026-04-06 19:57:40.927981000 +0000"
"/root/Documents/002. Materijal za Tik tok/07.04/IMG_0223.PNG",1360786,"2026-04-06 19:57:55.490907000 +0000"
"/root/Documents/002. Materijal za Tik tok/07.04/IMG_0224.JPG",156372,"2026-04-06 19:59:22.690415000 +0000"
"/root/Documents/002. Materijal za Tik tok/07.04/IMG_0225 2.JPG",156169,"2026-04-06 19:59:35.707554000 +0000"
"/root/Documents/002. Materijal za Tik tok/07.04/IMG_0225.JPG",156169,"2026-04-06 19:59:30.471912000 +0000"
"/root/Documents/002. Materijal za Tik tok/07.04/IMG_0227.PNG",1233431,"2026-04-06 19:59:49.687767000 +0000"
"/root/Documents/002. Materijal za Tik tok/07.04/IMG_0228.JPG",141591,"2026-04-06 20:01:12.734228000 +0000"
"/root/Documents/002. Materijal za Tik tok/07.04/IMG_0229.JPG",141516,"2026-04-06 20:01:20.372902000 +0000"
"/root/Documents/002. Materijal za Tik tok/07.04/IMG_0230.PNG",1186882,"2026-04-06 20:01:36.667913000 +0000"
"/root/Documents/002. Materijal za Tik tok/07.04/IMG_9903.JPG",216316,"2026-03-31 20:34:41.205420000 +0000"
"/root/Documents/002. Materijal za Tik tok/07.04/IMG_9906.JPG",213971,"2026-03-31 20:46:00.131002000 +0000"
"/root/Documents/002. Materijal za Tik tok/07.04/IMG_9907.JPG",198192,"2026-03-31 20:46:50.780008000 +0000"
"/root/Documents/002. Materijal za Tik tok/07.04/IMG_9910.JPG",203048,"2026-03-31 22:11:12.667890000 +0000"
"/root/Documents/002. Materijal za Tik tok/07.04/IMG_9911.JPG",226052,"2026-03-31 22:26:12.937147000 +0000"
"/root/Documents/002. Materijal za Tik tok/07.04/IMG_9912.JPG",204196,"2026-03-31 22:26:46.625117000 +0000"
"/root/Documents/002. Materijal za Tik tok/07.04/IMG_9948.PNG",1169157,"2026-04-01 06:39:27.805788000 +0000"
"/root/Documents/002. Materijal za Tik tok/07.04/IMG_9949.PNG",1237607,"2026-04-01 06:40:28.784136000 +0000"
"/root/Documents/002. Materijal za Tik tok/07.04/IMG_9950.PNG",1211820,"2026-04-01 06:43:29.297532000 +0000"
"/root/Documents/002. Materijal za Tik tok/07.04/IMG_9951.PNG",1211819,"2026-04-01 06:44:38.391670000 +0000"
"/root/Documents/002. Materijal za Tik tok/07.04/IMG_9952.PNG",1050997,"2026-04-01 06:48:20.375627000 +0000"
"/root/Documents/002. Materijal za Tik tok/07.04/IMG_9953.JPG",169265,"2026-04-01 06:48:29.740403000 +0000"
"/root/Documents/002. Materijal za Tik tok/07.04/IMG_9956.PNG",1318599,"2026-04-01 07:35:01.494243000 +0000"
"/root/Documents/002. Materijal za Tik tok/07.04/IMG_9957.PNG",1144384,"2026-04-01 08:15:30.670311000 +0000"
"/root/Documents/002. Materijal za Tik tok/07.04/IMG_9958.PNG",1144383,"2026-04-01 08:17:47.477315000 +0000"
"/root/Documents/002. Materijal za Tik tok/07.04/IMG_9959.PNG",1168800,"2026-04-01 08:18:32.175937000 +0000"
"/root/Documents/002. Materijal za Tik tok/07.04/IMG_9960.PNG",1168800,"2026-04-01 08:19:39.897748000 +0000"
"/root/Documents/002. Materijal za Tik tok/07.04/IMG_9988.PNG",1419281,"2026-04-01 08:30:37.698088000 +0000"
"/root/Documents/002. Materijal za Tik tok/07.04/IMG_9989.JPG",125151,"2026-04-01 08:47:23.974111000 +0000"
"/root/Documents/002. Materijal za Tik tok/07.04/IMG_9990.JPG",206510,"2026-04-01 08:57:19.298293000 +0000"
"/root/Documents/002. Materijal za Tik tok/07.04/IMG_9991.PNG",1287701,"2026-04-01 11:49:56.580421000 +0000"
"/root/Documents/002. Materijal za Tik tok/07.04/IMG_9992.PNG",1287702,"2026-04-01 11:52:16.173454000 +0000"
"/root/Documents/002. Materijal za Tik tok/07.04/IMG_9994.PNG",1331591,"2026-04-01 12:32:42.849087000 +0000"
"/root/Documents/002. Materijal za Tik tok/07.04/IMG_9995.JPG",211629,"2026-04-01 12:34:32.830440000 +0000"
"/root/Documents/002. Materijal za Tik tok/07.04/IMG_9996.JPG",203965,"2026-04-01 12:39:05.116942000 +0000"
"/root/Documents/002. Materijal za Tik tok/07.04/_users_e324f777-8af8-4911-b526-8915719636fe_generated_0f3e91ba-cad3-4e1b-abd9-dc351dd1504b_generated_video.MP4",4444154,"2026-04-01 22:24:22.000000000 +0000"
"/root/Documents/002. Materijal za Tik tok/07.04/_users_e324f777-8af8-4911-b526-8915719636fe_generated_174666aa-e544-4927-8d8d-26be9e39a630_generated_video.MP4",5128211,"2026-03-31 23:32:01.000000000 +0000"
"/root/Documents/002. Materijal za Tik tok/07.04/_users_e324f777-8af8-4911-b526-8915719636fe_generated_18c9eb43-57dc-45fd-a28c-827aa6ef3f77_generated_video.MP4",2757634,"2026-04-06 07:10:37.000000000 +0000"
"/root/Documents/002. Materijal za Tik tok/07.04/_users_e324f777-8af8-4911-b526-8915719636fe_generated_1dfe8e9b-429a-455f-b924-33c09c800803_generated_video 2.MP4",3791260,"2026-04-01 22:27:47.000000000 +0000"
"/root/Documents/002. Materijal za Tik tok/07.04/_users_e324f777-8af8-4911-b526-8915719636fe_generated_1dfe8e9b-429a-455f-b924-33c09c800803_generated_video 3.MP4",3791260,"2026-04-01 22:27:47.000000000 +0000"
"/root/Documents/002. Materijal za Tik tok/07.04/_users_e324f777-8af8-4911-b526-8915719636fe_generated_1dfe8e9b-429a-455f-b924-33c09c800803_generated_video.MP4",3791260,"2026-04-01 22:27:47.000000000 +0000"
"/root/Documents/002. Materijal za Tik tok/07.04/_users_e324f777-8af8-4911-b526-8915719636fe_generated_31f4b453-48f6-4a7c-af05-96fe6f9d60c8_generated_video.MP4",1995099,"2026-04-06 19:35:00.000000000 +0000"
"/root/Documents/002. Materijal za Tik tok/07.04/_users_e324f777-8af8-4911-b526-8915719636fe_generated_3943d317-d22a-4e2e-b620-e14ba14b50fb_generated_video.MP4",3875010,"2026-04-06 18:21:33.000000000 +0000"
"/root/Documents/002. Materijal za Tik tok/07.04/_users_e324f777-8af8-4911-b526-8915719636fe_generated_45d6c0af-c896-42ea-9c95-272472925f53_generated_video 2.MP4",4378842,"2026-04-02 11:03:14.000000000 +0000"
"/root/Documents/002. Materijal za Tik tok/07.04/_users_e324f777-8af8-4911-b526-8915719636fe_generated_45d6c0af-c896-42ea-9c95-272472925f53_generated_video.MP4",4378842,"2026-04-02 11:03:14.000000000 +0000"
"/root/Documents/002. Materijal za Tik tok/07.04/_users_e324f777-8af8-4911-b526-8915719636fe_generated_4f6f6b43-5670-44af-be44-faad452559ac_generated_video 2.MP4",3544653,"2026-04-01 22:33:52.000000000 +0000"
"/root/Documents/002. Materijal za Tik tok/07.04/_users_e324f777-8af8-4911-b526-8915719636fe_generated_4f6f6b43-5670-44af-be44-faad452559ac_generated_video.MP4",3544653,"2026-04-01 22:33:52.000000000 +0000"
"/root/Documents/002. Materijal za Tik tok/07.04/_users_e324f777-8af8-4911-b526-8915719636fe_generated_51354302-2944-4caf-99f6-ca2016a72854_generated_video.MP4",4715356,"2026-04-06 08:37:44.000000000 +0000"
"/root/Documents/002. Materijal za Tik tok/07.04/_users_e324f777-8af8-4911-b526-8915719636fe_generated_528c8d77-39f5-4fe3-9857-f3efe11a574b_generated_video.MP4",5311728,"2026-04-01 19:54:31.000000000 +0000"
"/root/Documents/002. Materijal za Tik tok/07.04/_users_e324f777-8af8-4911-b526-8915719636fe_generated_585b366b-976c-43e8-9cfc-39ae31a9dfaf_generated_video.MP4",8904160,"2026-04-06 08:50:38.000000000 +0000"
"/root/Documents/002. Materijal za Tik tok/07.04/_users_e324f777-8af8-4911-b526-8915719636fe_generated_5e007c5b-1b8c-49ad-b0ef-4908e45b7dd9_generated_video.MP4",3594161,"2026-04-06 18:47:14.000000000 +0000"
"/root/Documents/002. Materijal za Tik tok/07.04/_users_e324f777-8af8-4911-b526-8915719636fe_generated_6f3128d4-e6f2-47bd-b3d8-6d28c23eba2d_generated_video.MP4",5275654,"2026-03-31 23:24:39.000000000 +0000"
"/root/Documents/002. Materijal za Tik tok/07.04/_users_e324f777-8af8-4911-b526-8915719636fe_generated_8716b86a-5a6a-45a3-ac93-d230d2e4b05e_generated_video.MP4",5084419,"2026-03-31 23:21:42.000000000 +0000"
"/root/Documents/002. Materijal za Tik tok/07.04/_users_e324f777-8af8-4911-b526-8915719636fe_generated_8849d777-99b8-4060-8f66-19a62b65a5fb_generated_video 2.MP4",3968742,"2026-04-01 06:50:16.000000000 +0000"
"/root/Documents/002. Materijal za Tik tok/07.04/_users_e324f777-8af8-4911-b526-8915719636fe_generated_8849d777-99b8-4060-8f66-19a62b65a5fb_generated_video.MP4",3968742,"2026-04-01 06:50:16.000000000 +0000"
"/root/Documents/002. Materijal za Tik tok/07.04/_users_e324f777-8af8-4911-b526-8915719636fe_generated_8b0f43de-806e-4ebc-9664-36b98f66777f_generated_video.MP4",5475863,"2026-04-06 08:45:24.000000000 +0000"
"/root/Documents/002. Materijal za Tik tok/07.04/_users_e324f777-8af8-4911-b526-8915719636fe_generated_911aa78b-d5fc-41b6-97eb-1c7b85d3f3c0_generated_video.MP4",4312263,"2026-04-01 00:42:24.000000000 +0000"
"/root/Documents/002. Materijal za Tik tok/07.04/_users_e324f777-8af8-4911-b526-8915719636fe_generated_a4a9c3f7-eb87-4fd7-9ae5-815dcd11965b_generated_video.MP4",10459366,"2026-04-06 07:47:03.000000000 +0000"
"/root/Documents/002. Materijal za Tik tok/07.04/_users_e324f777-8af8-4911-b526-8915719636fe_generated_ad693823-366d-43f8-8423-2b05ee147522_generated_video.MP4",3249906,"2026-04-06 07:24:53.000000000 +0000"
"/root/Documents/002. Materijal za Tik tok/07.04/_users_e324f777-8af8-4911-b526-8915719636fe_generated_b3b76b07-b474-4298-98f9-ad92fc5f7dae_generated_video.MP4",6364087,"2026-04-01 01:12:38.000000000 +0000"
"/root/Documents/002. Materijal za Tik tok/07.04/_users_e324f777-8af8-4911-b526-8915719636fe_generated_b5d5a169-d8fc-41eb-9b02-bc0a6635f1ac_generated_video.MP4",6555379,"2026-03-31 23:40:45.000000000 +0000"
"/root/Documents/002. Materijal za Tik tok/07.04/_users_e324f777-8af8-4911-b526-8915719636fe_generated_ba3e3129-58ac-4e66-980e-bf3bae867de9_generated_video.MP4",3343061,"2026-04-02 14:41:41.000000000 +0000"
"/root/Documents/002. Materijal za Tik tok/07.04/_users_e324f777-8af8-4911-b526-8915719636fe_generated_bb6c9248-325e-49a6-8f45-0e657269197f_generated_video.MP4",8907544,"2026-04-01 00:38:38.000000000 +0000"
"/root/Documents/002. Materijal za Tik tok/07.04/_users_e324f777-8af8-4911-b526-8915719636fe_generated_c053668a-289f-4e05-a268-9d2967b8d86a_generated_video.MP4",9730408,"2026-04-06 08:45:24.000000000 +0000"
"/root/Documents/002. Materijal za Tik tok/07.04/_users_e324f777-8af8-4911-b526-8915719636fe_generated_c758d754-952e-4cbb-b4de-0520a0b07f94_generated_video.MP4",7253935,"2026-04-01 00:02:13.000000000 +0000"
"/root/Documents/002. Materijal za Tik tok/07.04/_users_e324f777-8af8-4911-b526-8915719636fe_generated_d6a5b292-5dad-4232-baf3-5202f08b32a7_generated_video 2.MP4",4079333,"2026-04-06 08:54:33.000000000 +0000"
"/root/Documents/002. Materijal za Tik tok/07.04/_users_e324f777-8af8-4911-b526-8915719636fe_generated_d6a5b292-5dad-4232-baf3-5202f08b32a7_generated_video 3.MP4",4079333,"2026-04-06 08:54:33.000000000 +0000"
"/root/Documents/002. Materijal za Tik tok/07.04/_users_e324f777-8af8-4911-b526-8915719636fe_generated_d6a5b292-5dad-4232-baf3-5202f08b32a7_generated_video.MP4",4079333,"2026-04-06 08:54:33.000000000 +0000"
"/root/Documents/002. Materijal za Tik tok/07.04/_users_e324f777-8af8-4911-b526-8915719636fe_generated_dcd06b65-2de7-447e-ae71-cea4a76dd07d_generated_video.MP4",7361810,"2026-04-02 15:18:42.000000000 +0000"
"/root/Documents/002. Materijal za Tik tok/07.04/_users_e324f777-8af8-4911-b526-8915719636fe_generated_efc3603e-f170-46ca-b4cc-ad5479102842_generated_video 2.MP4",3308911,"2026-04-01 00:23:52.000000000 +0000"
"/root/Documents/002. Materijal za Tik tok/07.04/_users_e324f777-8af8-4911-b526-8915719636fe_generated_efc3603e-f170-46ca-b4cc-ad5479102842_generated_video.MP4",3308911,"2026-04-01 00:23:52.000000000 +0000"
"/root/Documents/002. Materijal za Tik tok/07.04/_users_e324f777-8af8-4911-b526-8915719636fe_generated_f965d8ae-9c21-494d-9c1d-bdde761ea10e_generated_video 2.MP4",4307955,"2026-04-01 00:17:09.000000000 +0000"
"/root/Documents/002. Materijal za Tik tok/07.04/_users_e324f777-8af8-4911-b526-8915719636fe_generated_f965d8ae-9c21-494d-9c1d-bdde761ea10e_generated_video.MP4",4307955,"2026-04-01 00:17:09.000000000 +0000"
"/root/Documents/002. Materijal za Tik tok/07.04/fe6d4fe93443467fb0b29d1cb9ccd18b.MOV",6433892,"2026-04-02 15:36:38.000000000 +0000"
"/root/Documents/002. Materijal za Tik tok/07.04/v14044g50000d79lpovog65iarsl55g0.MP4",717380,"2026-04-06 07:17:05.000000000 +0000"
"/root/Documents/002. Materijal za Tik tok/07.04/v14044g50000d79va17og65j3i1sr990.MP4",1384696,"2026-04-06 18:02:10.000000000 +0000"
"/root/Documents/003 DELTA/001. Skripte manual/TITAN_FORENSIC_REVISION_MASTER_v10_SCRIPT_08_CHARTER_GEN.docx",81717,"2026-05-06 03:34:56.125757277 +0000"
"/root/Documents/003 DELTA/001. Skripte manual/TITAN_FORENSIC_REVISION_MASTER_v11_SCRIPT_09_VDR_INDEX_MAP.docx",85188,"2026-05-06 03:37:15.538539167 +0000"
"/root/Documents/003 DELTA/001. Skripte manual/TITAN_FORENSIC_REVISION_MASTER_v12_SCRIPT_10_GOLDEN_SEAL.docx",89046,"2026-05-06 03:43:48.628708190 +0000"
"/root/Documents/003 DELTA/001. Skripte manual/TITAN_FORENSIC_REVISION_MASTER_v3_SCRIPT_01_SYSTEM_MIGRATION.docx",49741,"2026-05-06 03:14:35.620046945 +0000"
"/root/Documents/003 DELTA/001. Skripte manual/TITAN_FORENSIC_REVISION_MASTER_v4_SCRIPT_02_MONOLITH_INIT.docx",54251,"2026-05-06 03:17:04.430062026 +0000"
"/root/Documents/003 DELTA/001. Skripte manual/TITAN_FORENSIC_REVISION_MASTER_v5_SCRIPT_03_SIGNAL_SCANNER.docx",59362,"2026-05-06 03:20:09.964796881 +0000"
"/root/Documents/003 DELTA/001. Skripte manual/TITAN_FORENSIC_REVISION_MASTER_v6_SCRIPT_04_HYPER_SCANNER.docx",64462,"2026-05-06 03:22:54.086342991 +0000"
"/root/Documents/003 DELTA/001. Skripte manual/TITAN_FORENSIC_REVISION_MASTER_v7_SCRIPT_05_888_INFINITY.docx",69850,"2026-05-06 03:27:15.849255016 +0000"
"/root/Documents/003 DELTA/001. Skripte manual/TITAN_FORENSIC_REVISION_MASTER_v8_SCRIPT_06_LUCKY_888.docx",73857,"2026-05-06 03:29:39.296156693 +0000"
"/root/Documents/003 DELTA/001. Skripte manual/TITAN_FORENSIC_REVISION_MASTER_v9_SCRIPT_07_VDR_BUILDER.docx",78200,"2026-05-06 03:32:16.801947082 +0000"
"/root/Documents/003 DELTA/37_system_index_builder.py",4667,"2026-05-05 23:48:52.000000000 +0000"
"/root/Documents/003 DELTA/TITAN_03_04_05_SSOT_Integrity_Manifest_v1.zip",8264,"2026-05-06 01:36:41.221389729 +0000"
"/root/Documents/003 DELTA/TITAN_06_17_18_Integrity_Evidence_Weight_v1.zip",8439,"2026-05-06 01:37:52.902205573 +0000"
"/root/Documents/003 DELTA/TITAN_101_102_103_Post100_Closure_Verification_v1.zip",6931,"2026-05-06 02:24:36.473733149 +0000"
"/root/Documents/003 DELTA/TITAN_104_105_106_Final_Closure_Archive_v1.zip",6565,"2026-05-06 02:26:00.597951413 +0000"
"/root/Documents/003 DELTA/TITAN_107_108_109_NonUse_BlockedOps_DoNotRun_v1.zip",6660,"2026-05-06 02:27:11.124981564 +0000"
"/root/Documents/003 DELTA/TITAN_110_111_112_Final_Warning_ReadOnly_Proof_v1.zip",6690,"2026-05-06 02:28:23.164517804 +0000"
"/root/Documents/003 DELTA/TITAN_113_114_115_Ultimate_Archive_Seal_v1.zip",6758,"2026-05-06 02:29:28.667426434 +0000"
"/root/Documents/003 DELTA/TITAN_116_117_118_LockedChain_Index_NothingAccepted_v1.zip",7171,"2026-05-06 02:31:31.646403201 +0000"
"/root/Documents/003 DELTA/TITAN_119_120_121_NonAcceptance_Archive_StatusRegister_v1.zip",7325,"2026-05-06 02:32:55.567706374 +0000"
"/root/Documents/003 DELTA/TITAN_122_123_124_FinalClosure_Reconciliation_v1.zip",7605,"2026-05-06 02:34:12.817330399 +0000"
"/root/Documents/003 DELTA/TITAN_125_126_127_MasterIndex_Seal_v1.zip",7424,"2026-05-06 02:38:03.881203780 +0000"
"/root/Documents/003 DELTA/TITAN_128_129_130_PostMasterSeal_Verification_v1.zip",7028,"2026-05-06 02:40:24.832068470 +0000"
"/root/Documents/003 DELTA/TITAN_131_132_133_HandoffDenial_Archive_v1.zip",6909,"2026-05-06 02:41:52.684893680 +0000"
"/root/Documents/003 DELTA/TITAN_134_135_136_HandoffBoundary_Reconciliation_v1.zip",7211,"2026-05-06 02:43:04.906777738 +0000"
"/root/Documents/003 DELTA/TITAN_137_138_139_Ultimate_Handoff_Lock_Seal_v1.zip",7553,"2026-05-06 02:45:54.746511260 +0000"
"/root/Documents/003 DELTA/TITAN_140_141_142_HandoffLock_ArchiveReceipt_v1.zip",7001,"2026-05-06 02:46:57.031407816 +0000"
"/root/Documents/003 DELTA/TITAN_143_144_145_ArchiveOfArchives_LockedReceipt_v1.zip",7710,"2026-05-06 02:48:31.429261303 +0000"
"/root/Documents/003 DELTA/TITAN_146_147_148_Terminal_FreezeOfArchives_v1.zip",7196,"2026-05-06 02:49:45.861338282 +0000"
"/root/Documents/003 DELTA/TITAN_149_150_151_Terminal_Freeze_Closeout_v1.zip",7067,"2026-05-06 02:51:28.299981104 +0000"
"/root/Documents/003 DELTA/TITAN_152_153_154_ReviewOnly_ClosureArchive_v1.zip",7139,"2026-05-06 02:52:37.205778969 +0000"
"/root/Documents/003 DELTA/TITAN_155_156_157_ReviewOnly_SuperIndex_Seal_v1.zip",8012,"2026-05-06 02:53:51.652899944 +0000"
"/root/Documents/003 DELTA/TITAN_158_159_160_ReviewOnly_ChainArchive_v1.zip",7157,"2026-05-06 02:55:26.258028897 +0000"
"/root/Documents/003 DELTA/TITAN_161_162_163_ReviewOnly_ChainSuperFreeze_v1.zip",7515,"2026-05-06 02:57:19.712608550 +0000"
"/root/Documents/003 DELTA/TITAN_164_165_166_ReviewOnly_SuperFreeze_Closeout_v1.zip",7674,"2026-05-06 02:58:31.594764020 +0000"
"/root/Documents/003 DELTA/TITAN_167_168_169_AbsoluteTerminal_ArchiveReceipt_v1.zip",7182,"2026-05-06 02:59:35.132794219 +0000"
"/root/Documents/003 DELTA/TITAN_170_171_172_AbsoluteTerminal_SuperIndex_Seal_v1.zip",8210,"2026-05-06 03:00:57.016188391 +0000"
"/root/Documents/003 DELTA/TITAN_173_200_FinalMegaBlock_EndOfChain_v1.zip",58327,"2026-05-06 03:02:54.477705855 +0000"
"/root/Documents/003 DELTA/TITAN_19_20_21_Evidence_Review_Package_v1.zip",8026,"2026-05-06 01:41:49.399876251 +0000"
"/root/Documents/003 DELTA/TITAN_22_23_24_Review_Governance_Audit_v1.zip",6373,"2026-05-06 01:43:17.433390876 +0000"
"/root/Documents/003 DELTA/TITAN_28_29_30_Observability_Drift_Dependency_v1.zip",6213,"2026-05-06 01:45:35.265943526 +0000"
"/root/Documents/003 DELTA/TITAN_31_32_33_Package_Runbook_Registry_v1.zip",8030,"2026-05-06 01:46:45.696649289 +0000"
"/root/Documents/003 DELTA/TITAN_34_35_36_SelfTest_DryRun_Receipt_v1.zip",7160,"2026-05-06 01:47:59.754980632 +0000"
"/root/Documents/003 DELTA/TITAN_37_38_39_Operator_Console_Index_v1.zip",7381,"2026-05-06 01:49:06.761527835 +0000"
"/root/Documents/003 DELTA/TITAN_40_41_42_Remediation_Gate_Matrix_v1.zip",8525,"2026-05-06 01:51:00.675861354 +0000"
"/root/Documents/003 DELTA/TITAN_43_44_49_Handoff_Rollback_FinalEvidence_v1.zip",6957,"2026-05-06 01:52:18.774386393 +0000"
"/root/Documents/003 DELTA/TITAN_47_48_91_97_PreProduction_v1.zip",8645,"2026-05-06 01:38:59.541246161 +0000"
"/root/Documents/003 DELTA/TITAN_50_51_52_PostHandoff_Ops_Archive_Catalog_v1.zip",6967,"2026-05-06 01:56:21.449142285 +0000"
"/root/Documents/003 DELTA/TITAN_53_54_55_Completeness_Issues_NoRelease_v1.zip",6967,"2026-05-06 02:01:37.019918100 +0000"
"/root/Documents/003 DELTA/TITAN_56_57_58_Master_Deployment_Binder_v1.zip",7505,"2026-05-06 02:02:44.527877215 +0000"
"/root/Documents/003 DELTA/TITAN_59_60_61_Closeout_Ledger_Map_v1.zip",7427,"2026-05-06 02:03:51.711787144 +0000"
"/root/Documents/003 DELTA/TITAN_62_63_64_Traceability_Graph_Seal_v1.zip",7470,"2026-05-06 02:05:28.498071965 +0000"
"/root/Documents/003 DELTA/TITAN_65_66_67_Provenance_Exception_Verifier_v1.zip",6785,"2026-05-06 02:07:42.681817251 +0000"
"/root/Documents/003 DELTA/TITAN_68_69_70_Attestation_Scoring_ImmutableManifest_v1.zip",7303,"2026-05-06 02:09:30.974856679 +0000"
"/root/Documents/003 DELTA/TITAN_71_72_73_ApprovalBoundary_RedTeam_SafetyIndex_v1.zip",6797,"2026-05-06 02:11:12.756697061 +0000"
"/root/Documents/003 DELTA/TITAN_74_75_76_AuditReplay_CommandTranscript_DenialArchive_v1.zip",6910,"2026-05-06 02:12:30.149601765 +0000"
"/root/Documents/003 DELTA/TITAN_77_78_79_AuditBoard_Dissent_DecisionLedger_v1.zip",6907,"2026-05-06 02:15:04.025559522 +0000"
"/root/Documents/003 DELTA/TITAN_80_81_82_BoardQuorum_LockedCertificate_v1.zip",6429,"2026-05-06 02:16:12.771170255 +0000"
"/root/Documents/003 DELTA/TITAN_83_84_85_Certificate_Archive_Validation_v1.zip",7088,"2026-05-06 02:17:15.881766877 +0000"
"/root/Documents/003 DELTA/TITAN_86_87_88_Archive_Reconciliation_Duplicate_Register_v1.zip",7211,"2026-05-06 02:18:35.991977593 +0000"
"/root/Documents/003 DELTA/TITAN_89_89A_89B_Transition_To_Orchestration_v1.zip",7203,"2026-05-06 02:19:44.657021381 +0000"
"/root/Documents/003 DELTA/TITAN_90_92_93_State_Management_Diff_v1.zip",6533,"2026-05-06 02:20:56.028292774 +0000"
"/root/Documents/003 DELTA/TITAN_94_95_96_PreFreeze_Safeguards_v1.zip",6217,"2026-05-06 02:22:03.706206407 +0000"
"/root/Documents/003 DELTA/TITAN_98_99_100_Final_Orchestration_Boundary_v1.zip",6895,"2026-05-06 02:23:18.663183897 +0000"
"/root/Documents/003 DELTA/TITAN_Control_Tower_Validator_v2_Package.zip",8289,"2026-05-06 01:30:38.089301749 +0000"
"/root/Documents/003 DELTA/TITAN_FINAL_HUMAN_REVIEW_CHECKLIST.md",13200,"2026-05-06 03:05:03.773142974 +0000"
"/root/Documents/003 DELTA/TITAN_FileFinding_EvidenceGap_TSV_Templates.zip",2030,"2026-05-06 01:28:29.240349041 +0000"
"/root/Documents/003 DELTA/TITAN_FileFinding_EvidenceGap_Template.xlsx",29874,"2026-05-06 01:28:14.430550244 +0000"
"/root/Documents/003 DELTA/TITAN_Forensic_Inventory_Revision.xlsx",35125,"2026-05-06 01:21:33.007453518 +0000"
"/root/Documents/003 DELTA/TITAN_Missing_Pipeline_Scripts_v1.zip",12851,"2026-05-06 01:34:30.813220412 +0000"
"/root/Documents/003. PPP/002. INVESTICIONI PLAN IRF -ACTIVE DATA.docx",235166,"2026-05-04 23:51:10.066973911 +0000"
"/root/Documents/003. PPP/Montenegro_PPP_Framework_Analysis.pdf",20334,"2026-04-20 16:03:49.780608113 +0000"
"/root/Documents/003. PPP/TITAN_Execution_Control_Model.xlsx",16371,"2026-04-21 09:52:10.685735709 +0000"
"/root/Documents/003. PPP/TITAN_GRID_Decision_Brief.pdf",3767,"2026-04-20 17:02:55.861181881 +0000"
"/root/Documents/003. PPP/TITAN_GRID_Decision_Brief_v1.6.pdf",56367,"2026-04-20 17:58:12.671642141 +0000"
"/root/Documents/003. PPP/TITAN_GRID_PPP_Concept_Note.pdf",9273,"2026-04-20 16:48:28.596964420 +0000"
"/root/Documents/003. PPP/TITAN_GRID_PPP_Concept_Note_v2.1.pdf",11179,"2026-04-20 16:57:08.603155349 +0000"
"/root/Documents/003. PPP/TITAN_GRID_PPP_Concept_Note_v2.pdf",10589,"2026-04-20 16:53:43.838737234 +0000"
"/root/Documents/003. PPP/TITAN_GRID_Risk_Allocation_Matrix_Annex.pdf",53829,"2026-04-20 18:17:16.977072827 +0000"
"/root/Documents/003. PPP/titan_grid_v5_max_pojaczony.py",65772,"2026-04-24 15:38:41.271899830 +0000"
"/root/Documents/003. PPP/titan_grid_vdr_enterprise_v3_4.py",62981,"2026-04-21 05:44:17.193510543 +0000"
"/root/Documents/003. PPP/titan_grid_vdr_ultimate_final_clean.py",25946,"2026-04-21 05:31:37.020977373 +0000"
"/root/Documents/004. Extrakcije iz chatova/2.md",32025,"2026-05-06 06:53:59.510047641 +0000"
"/root/Documents/004. Extrakcije iz chatova/3.md",13420,"2026-05-06 06:57:36.537744243 +0000"
"/root/Documents/004. Extrakcije iz chatova/4.md",13420,"2026-05-06 06:58:14.690551551 +0000"
"/root/Documents/004. Extrakcije iz chatova/TITAN_DEEP_FORENSIC_CONTEXT_EXTRACTION_RAG_READY_v2.md",35968,"2026-05-06 06:49:36.484403116 +0000"
"/root/Documents/00_MASTER_TOKEN_AUTHORITY/ACTIVE_DOCUMENT_REGISTRY.json",737,"2026-05-11 06:50:39.046341388 +0000"
"/root/Documents/00_MASTER_TOKEN_AUTHORITY/DOCUMENT_SCOPE_POLICY.json",842,"2026-05-10 14:25:41.215867177 +0000"
"/root/Documents/00_MASTER_TOKEN_AUTHORITY/MASTER_TOKEN_REGISTER.json",2079,"2026-05-10 14:25:25.610167363 +0000"
"/root/Documents/00_MASTER_TOKEN_AUTHORITY/MASTER_TOKEN_REGISTER_v4.0.json",3748,"2026-05-11 06:49:07.789417034 +0000"
"/root/Documents/00_MASTER_TOKEN_AUTHORITY/generate_ANEKS1.py",1879,"2026-05-10 14:26:38.205271014 +0000"
"/root/Documents/00_MASTER_TOKEN_AUTHORITY/generate_ANEKS1_final.py",2310,"2026-05-10 19:43:26.530182507 +0000"
"/root/Documents/00_MASTER_TOKEN_AUTHORITY/generate_ANEKS1_improved.py",3108,"2026-05-10 19:43:09.488590496 +0000"
"/root/Documents/00_MASTER_TOKEN_AUTHORITY/generate_ANEKS1_institutional_final.py",2395,"2026-05-10 19:44:20.027841163 +0000"
"/root/Documents/00_MASTER_TOKEN_AUTHORITY/generate_ANEKS1_institutional_ultra.py",2536,"2026-05-10 19:45:08.696147012 +0000"
"/root/Documents/00_MASTER_TOKEN_AUTHORITY/generate_ANEKS1_professional_final.py",3122,"2026-05-11 07:10:52.246177496 +0000"
"/root/Documents/00_MASTER_TOKEN_AUTHORITY/generate_ANEKS1_strict_v2.py",1496,"2026-05-10 19:32:54.651633822 +0000"
"/root/Documents/00_MASTER_TOKEN_AUTHORITY/generate_ANEKS1_v4.py",1456,"2026-05-11 06:50:39.084140692 +0000"
"/root/Documents/00_MASTER_TOKEN_AUTHORITY/generate_ANEKS1_with_footer.py",2254,"2026-05-10 19:40:50.999808659 +0000"
"/root/Documents/00_MASTER_TOKEN_AUTHORITY/generate_EU_BRAND.py",3169,"2026-05-10 19:39:17.942607670 +0000"
"/root/Documents/00_MASTER_TOKEN_AUTHORITY/generate_SIGNALNI_MEMORANDUM_TITAN1.py",1914,"2026-05-10 19:35:12.494842082 +0000"
"/root/Documents/01. DELTA REAL-TIME SSOT GENERATION POPLINE /DELTA_SSOT_SIGNAL_TO_DOCUMENT_GOVERNANCE_MAP.csv",1120,"2026-05-20 20:31:59.610434000 +0000"
"/root/Documents/01. DELTA REAL-TIME SSOT GENERATION POPLINE /README_DELTA_SSOT_SIGNAL_TO_DOCUMENT_GOVERNANCE_MAP.md",866,"2026-05-20 20:34:17.398077000 +0000"
"/root/Documents/ANEKS_1_REVIZIJA_CAPEX_TITAN1_2026-05-10.docx",37050,"2026-05-10 19:32:59.741430967 +0000"
"/root/Documents/ANEKS_1_REVIZIJA_CAPEX_TITAN1_EU_BRAND_2026-05-10.docx",37660,"2026-05-10 19:39:23.441610120 +0000"
"/root/Documents/ANEKS_1_REVIZIJA_CAPEX_TITAN1_EU_FOOTER_2026-05-10.docx",37773,"2026-05-10 19:40:56.288184058 +0000"
"/root/Documents/ANEKS_1_REVIZIJA_CAPEX_TITAN1_FINAL_2026-05-10.docx",37366,"2026-05-10 19:43:31.606360183 +0000"
"/root/Documents/ANEKS_1_REVIZIJA_CAPEX_TITAN1_IMPROVED_2026-05-10.docx",38222,"2026-05-10 19:43:23.288401445 +0000"
"/root/Documents/ANEKS_1_REVIZIJA_CAPEX_TITAN1_INSTITUTIONAL_FINAL_2026-05-10.docx",37394,"2026-05-10 19:44:24.842772659 +0000"
"/root/Documents/ANEKS_1_REVIZIJA_CAPEX_TITAN1_INSTITUTIONAL_ULTRA_2026-05-10.docx",37454,"2026-05-10 19:45:13.558861917 +0000"
"/root/Documents/ANEKS_1_REVIZIJA_CAPEX_TITAN1_PROFESSIONAL_FINAL_2026-05-10.docx",38103,"2026-05-11 07:10:57.185354470 +0000"
"/root/Documents/ANEKS_1_REVIZIJA_CAPEX_TITAN1_v4_2026-05-10.docx",37038,"2026-05-11 06:50:44.556406088 +0000"
"/root/Documents/Ars documents/ARS_01 — Company Profile.docx",20654,"2026-03-08 00:20:31.446241415 +0000"
"/root/Documents/Ars documents/ARS_02 — Shareholder Structure.docx",20199,"2026-03-08 00:21:07.269689927 +0000"
"/root/Documents/Ars documents/ARS_03 — Corporate Governance Charter.docx",22084,"2026-03-08 00:21:18.225304081 +0000"
"/root/Documents/Ars documents/ARS_04 — Management Team Profiles.docx",20812,"2026-03-08 00:21:27.922768255 +0000"
"/root/Documents/Ars documents/ARS_05 — Organizational Structure.docx",21172,"2026-03-08 00:46:30.739571049 +0000"
"/root/Documents/Ars documents/ARS_06 — Board Governance Framework.docx",21270,"2026-03-08 00:22:02.728305425 +0000"
"/root/Documents/Ars documents/ARS_07 — Internal Control Policy.docx",21874,"2026-03-08 00:22:17.209727752 +0000"
"/root/Documents/Ars documents/ARS_08 — Compliance Policy.docx",21702,"2026-03-08 00:58:23.986502543 +0000"
"/root/Documents/Ars documents/ARS_09 — ESG Governance Policy.docx",21010,"2026-03-08 00:22:27.551636485 +0000"
"/root/Documents/Ars documents/ARS_10 — Corporate Strategy Overview.docx",21180,"2026-03-08 00:22:37.666659868 +0000"
"/root/Documents/Ars documents/Dokument g/ARS_61 — Financial Model (Master).docx",20889,"2026-03-08 03:16:17.660871709 +0000"
"/root/Documents/Ars documents/Dokument g/ARS_62 — Revenue Forecast Model.docx",20984,"2026-03-08 03:16:38.738034866 +0000"
"/root/Documents/Ars documents/Dokument g/ARS_63 — Production Economics Model.docx",21823,"2026-03-08 03:16:47.275830814 +0000"
"/root/Documents/Ars documents/Dokument g/ARS_64 — COGS Structure Model.docx",21938,"2026-03-08 03:16:55.057465050 +0000"
"/root/Documents/Ars documents/Dokument g/ARS_65 — OPEX Model.docx",21520,"2026-03-08 03:17:10.126636146 +0000"
"/root/Documents/Ars documents/Dokument g/ARS_66 — CAPEX Financing Model.docx",21795,"2026-03-08 03:17:31.614275274 +0000"
"/root/Documents/Ars documents/Dokument g/ARS_67 — DSCR Model.docx",21806,"2026-03-08 03:17:41.546979061 +0000"
"/root/Documents/Ars documents/Dokument g/ARS_68 — IRR & NPV Analysis.docx",21964,"2026-03-08 03:17:53.937249315 +0000"
"/root/Documents/Ars documents/Dokument g/ARS_69 — Sensitivity Analysis.docx",22535,"2026-03-08 03:18:01.075651436 +0000"
"/root/Documents/Ars documents/Dokument g/ARS_70 — Scenario Analysis.docx",22100,"2026-03-08 03:18:08.785290290 +0000"
"/root/Documents/Ars documents/Dokumenta b/ARS_11 — Global Transformer Market Study.docx",22852,"2026-03-08 02:54:15.492096085 +0000"
"/root/Documents/Ars documents/Dokumenta b/ARS_12 — EU Energy Transition Analysis.docx",21188,"2026-03-08 02:55:23.991415825 +0000"
"/root/Documents/Ars documents/Dokumenta b/ARS_13 — Grid Investment Outlook.docx",20871,"2026-03-08 02:56:31.063640104 +0000"
"/root/Documents/Ars documents/Dokumenta b/ARS_14 — Electrification Trend Report.docx",20617,"2026-03-08 02:56:54.206000079 +0000"
"/root/Documents/Ars documents/Dokumenta b/ARS_15 — Market Growth Analysis.docx",21720,"2026-03-08 02:57:09.463563113 +0000"
"/root/Documents/Ars documents/Dokumenta b/ARS_16 — Domestic Supply Gap Study.docx",20867,"2026-03-08 02:57:27.792695750 +0000"
"/root/Documents/Ars documents/Dokumenta b/ARS_17 — Competitor Classification.docx",22345,"2026-03-08 02:57:49.091883258 +0000"
"/root/Documents/Ars documents/Dokumenta b/ARS_18 — Market White Space Analysis.docx",21917,"2026-03-08 02:58:10.202187843 +0000"
"/root/Documents/Ars documents/Dokumenta b/ARS_19 — Global Competitor Database.docx",21675,"2026-03-08 02:58:56.470529577 +0000"
"/root/Documents/Ars documents/Dokumenta b/ARS_20 — Regional Market Opportunity.docx",21192,"2026-03-08 02:59:15.926801597 +0000"
"/root/Documents/Ars documents/Dokumenta c/ARS_21 — Competitive Landscape Map.docx",21902,"2026-03-08 03:01:42.261413795 +0000"
"/root/Documents/Ars documents/Dokumenta c/ARS_22 — Import Substitution Analysis.docx",21472,"2026-03-08 03:02:16.252429401 +0000"
"/root/Documents/Ars documents/Dokumenta c/ARS_23 — Cost Benchmark vs Competitors.docx",22280,"2026-03-08 03:02:25.980638162 +0000"
"/root/Documents/Ars documents/Dokumenta c/ARS_24 — Product Differentiation Strategy.docx",22392,"2026-03-08 03:02:36.119037209 +0000"
"/root/Documents/Ars documents/Dokumenta c/ARS_25 — Pricing Strategy.docx",21507,"2026-03-08 03:02:44.719385430 +0000"
"/root/Documents/Ars documents/Dokumenta c/ARS_26 — Market Entry Strategy.docx",21360,"2026-03-08 03:03:13.493720717 +0000"
"/root/Documents/Ars documents/Dokumenta c/ARS_27 — Export Market Strategy.docx",21448,"2026-03-08 03:03:02.127327103 +0000"
"/root/Documents/Ars documents/Dokumenta c/ARS_28 — Strategic Positioning Paperer.docx",22873,"2026-03-08 03:03:25.986502995 +0000"
"/root/Documents/Ars documents/Dokumenta d/ARS MASTER DOCUMENT MAP.docx",21245,"2026-03-08 03:05:06.958163005 +0000"
"/root/Documents/Ars documents/Dokumenta d/ARS_31 — Equipment Master List.docx",22159,"2026-03-08 03:05:28.354192249 +0000"
"/root/Documents/Ars documents/Dokumenta d/ARS_32 — Factory Layout Plan.docx",21683,"2026-03-08 03:05:35.931595295 +0000"
"/root/Documents/Ars documents/Dokumenta d/ARS_33 — Industrial Automation Strategy.docx",20638,"2026-03-08 03:05:43.304517862 +0000"
"/root/Documents/Ars documents/Dokumenta d/ARS_34 — Quality Management Plan.docx",21128,"2026-03-08 03:05:52.827509142 +0000"
"/root/Documents/Ars documents/Dokumenta d/ARS_35 — ISO Certification Roadmap.docx",21602,"2026-03-08 03:06:04.808681707 +0000"
"/root/Documents/Ars documents/Dokumenta d/ARS_36 — Maintenance Strategy.docx",21120,"2026-03-08 03:06:23.688135080 +0000"
"/root/Documents/Ars documents/Dokumenta d/ARS_37 — Operational Efficiency Model.docx",21294,"2026-03-08 03:06:32.763037661 +0000"
"/root/Documents/Ars documents/Dokumenta d/ARS_38 — Production Scaling Plan.docx",20889,"2026-03-08 03:06:41.162116531 +0000"
"/root/Documents/Ars documents/Dokumenta d/ARS_39 — Technology Risk Assessment.docx",21463,"2026-03-08 03:06:49.761146442 +0000"
"/root/Documents/Ars documents/Dokumenta d/ARS_40 — Manufacturing KPI Framework.docx",21490,"2026-03-08 03:06:57.441721348 +0000"
"/root/Documents/Ars documents/Dokumenta e/ARS_41 — Raw Materials Strategy.docx",21944,"2026-03-08 03:08:02.470991284 +0000"
"/root/Documents/Ars documents/Dokumenta e/ARS_42 — Steel Consumption Model.docx",21498,"2026-03-08 03:08:28.372199857 +0000"
"/root/Documents/Ars documents/Dokumenta e/ARS_43 — Zinc Supply Strategy.docx",21008,"2026-03-08 03:08:41.991063380 +0000"
"/root/Documents/Ars documents/Dokumenta e/ARS_44 — Supplier Mapping Matrix.docx",21071,"2026-03-08 03:08:49.262110089 +0000"
"/root/Documents/Ars documents/Dokumenta e/ARS_45 — Strategic Supplier Database.docx",22107,"2026-03-08 03:08:55.938912375 +0000"
"/root/Documents/Ars documents/Dokumenta e/ARS_46 — Logistics Strategy.docx",21132,"2026-03-08 03:09:03.598722407 +0000"
"/root/Documents/Ars documents/Dokumenta e/ARS_47 — Procurement Governance Policy.docx",19284,"2026-03-08 03:09:10.663418264 +0000"
"/root/Documents/Ars documents/Dokumenta e/ARS_48 — Long-Term Supply Contracts Framework.docx",21308,"2026-03-08 03:09:18.241080270 +0000"
"/root/Documents/Ars documents/Dokumenta e/ARS_49 — CBAM Compliance Strategy.docx",21311,"2026-03-08 03:09:26.024203296 +0000"
"/root/Documents/Ars documents/Dokumenta e/ARS_50 — Inventory & JIT Strategy.docx",21069,"2026-03-08 03:09:33.907715893 +0000"
"/root/Documents/Ars documents/Dokumenta e/ARS_51 — CAPEX Master Budget.docx",21660,"2026-03-08 03:13:38.240455271 +0000"
"/root/Documents/Ars documents/Dokumenta f/ARS_51 — CAPEX Master Budget.docx",21660,"2026-03-08 03:13:53.187420383 +0000"
"/root/Documents/Ars documents/Dokumenta f/ARS_52 — CAPEX Breakdown Structure.docx",21641,"2026-03-08 03:14:11.107168696 +0000"
"/root/Documents/Ars documents/Dokumenta f/ARS_53 — Construction Schedule (Gantt).docx",21492,"2026-03-08 03:14:19.093948318 +0000"
"/root/Documents/Ars documents/Dokumenta f/ARS_54 — Contractor Procurement Plan.docx",21165,"2026-03-08 03:14:28.000470084 +0000"
"/root/Documents/Ars documents/Dokumenta f/ARS_55 — Construction Risk Assessment.docx",21596,"2026-03-08 03:14:35.479540806 +0000"
"/root/Documents/Ars documents/Dokumenta f/ARS_56 — Engineering Design Package.docx",21043,"2026-03-08 03:14:42.518814048 +0000"
"/root/Documents/Ars documents/Dokumenta f/ARS_57 — Infrastructure Connection Plan.docx",20623,"2026-03-08 03:14:50.945580832 +0000"
"/root/Documents/Ars documents/Dokumenta f/ARS_58 — Environmental Impact Assessment.docx",21092,"2026-03-08 03:14:57.705749239 +0000"
"/root/Documents/Ars documents/Dokumenta f/ARS_59 — Construction Cost Benchmark.docx",21875,"2026-03-08 03:15:05.181289137 +0000"
"/root/Documents/Ars documents/Dokumenta f/ARS_60 — Commissioning Plan.docx",20988,"2026-03-08 03:15:15.926329894 +0000"
"/root/Documents/Ars documents/Ispravljene verzije/Company profile.docx",15683,"2026-03-08 00:39:24.352041991 +0000"
"/root/Documents/Ars documents/Ispravljene verzije/Document (2).docx",18180,"2026-03-08 00:35:39.108832570 +0000"
"/root/Documents/Ars documents/Ispravljene verzije/Shareholder rev 002.docx",15472,"2026-03-08 00:40:32.446526109 +0000"
"/root/Documents/Ars documents/Ispravljene verzije/Sharholders.docx",15518,"2026-03-08 00:37:42.948715491 +0000"
"/root/Documents/Ars documents/Nova revizija/ARS_02_Shareholder_Structure_EU_Format.docx",232528,"2026-03-08 02:13:32.754548340 +0000"
"/root/Documents/Ars documents/Nova revizija/ARS_03_Corporate_Governance_Charter_EU_Format.docx",232646,"2026-03-08 02:14:57.467307191 +0000"
"/root/Documents/Ars documents/Nova revizija/ARS_04_Management_Team_EU_Format.docx",232489,"2026-03-08 02:16:14.437058285 +0000"
"/root/Documents/Ars documents/Nova revizija/ARS_Company_Profile_Investor_EU_Version.docx",257887,"2026-03-08 02:11:48.132133200 +0000"
"/root/Documents/Chatgbt informacije/ARS_CAPEX_OPEX_MASTER.xlsx",7483,"2025-12-19 11:50:10.873063000 +0000"
"/root/Documents/Chatgbt informacije/ARS_FULL_CAPEX_OPEX_MASTER.xlsx",10274,"2025-12-19 11:53:20.154935000 +0000"
"/root/Documents/Chatgbt informacije/Book (4).xlsx",11844,"2025-12-19 11:50:10.860867000 +0000"
"/root/Documents/Drive dokumenta /30_institucija_CG_Funding_real.xlsx",10139,"2026-03-10 02:45:04.769488092 +0000"
"/root/Documents/Drive dokumenta /ARSMI_Transformer_Tank_Financial_Model_v2.5_BankReady_26Feb2026.xlsx",91821,"2026-03-10 02:49:28.317223623 +0000"
"/root/Documents/Drive dokumenta /ARS_BANK_GRADE_REAL_INPUT_MODEL.xlsx",56412,"2026-03-10 02:46:15.042201879 +0000"
"/root/Documents/Drive dokumenta /ARS_BusinessPlan_Harmonized_Forensic_Review.xlsx",56292,"2026-03-10 02:46:25.326124571 +0000"
"/root/Documents/Drive dokumenta /ARS_CCC_Model_Montenegro_2026_2030_EXECUTIVE.xlsx",24387,"2026-03-10 02:46:46.113838938 +0000"
"/root/Documents/Drive dokumenta /ARS_EBRD_Bank_Credit_Memo_Model.xlsx",8287,"2026-03-10 02:47:03.046990571 +0000"
"/root/Documents/Drive dokumenta /ARS_Executive_Cockpit_REVISED.xlsx",14769,"2026-03-10 02:47:18.881949175 +0000"
"/root/Documents/Drive dokumenta /ARS_FINAL_HARMONIZED_MODEL.xlsx",32556,"2026-03-10 02:47:31.680936717 +0000"
"/root/Documents/Drive dokumenta /ARS_Logframe_Matrix_EU_Style.xlsx",6328,"2026-03-10 02:48:12.847518244 +0000"
"/root/Documents/Drive dokumenta /ARS_PROJECT_ECOSYSTEM_MAP_V24_FILLED.xlsx",18074,"2026-03-10 02:48:34.667391380 +0000"
"/root/Documents/Drive dokumenta /ARS_QUANT_INDUSTRIAL_MODEL_100PLUS.xlsx",116487,"2026-03-10 02:48:50.022229861 +0000"
"/root/Documents/Drive dokumenta /ARS_ULTRA_CFO_Model_Connected_Planning_ULTRA_v6_02-03-2026_revidovan.xlsx",63863,"2026-03-10 02:49:13.365881213 +0000"
"/root/Documents/Drive dokumenta /Advanced_CAPEX_Model.xlsx",8067,"2026-03-10 02:45:44.977127431 +0000"
"/root/Documents/Exeli/ADS_TITAN_Data_Room_Checklist.xlsx",7952,"2026-03-23 12:48:27.484030359 +0000"
"/root/Documents/Exeli/ANX01_FULL_UPGRADED.xlsx",9619,"2026-03-23 04:52:33.889920126 +0000"
"/root/Documents/Exeli/ARS_CAPEX_Civil_Packages_v1.1_Harmonized_FINAL.xlsx",26925,"2026-03-23 05:14:37.216326230 +0000"
"/root/Documents/Exeli/ARS_CAPEX_Procurement_Working_Model_v1.xlsx",8403,"2026-03-23 12:40:02.313173486 +0000"
"/root/Documents/Exeli/ARS_Full_v3_Project_Finance_Model_v3_1.xlsx",35390,"2026-03-23 04:58:17.680333552 +0000"
"/root/Documents/Exeli/ARS_Investor_Book_Improved.xlsx",8187,"2026-03-23 05:33:55.715882461 +0000"
"/root/Documents/Exeli/ARS_Project_Control_Workbook_v5_MAREL_Integrated.xlsx",28388,"2026-03-23 05:10:35.396386599 +0000"
"/root/Documents/Exeli/Assumptions_Blueprint_v57.xlsx",7430,"2026-03-23 04:46:07.384503593 +0000"
"/root/Documents/Exeli/Bank_Grade_Template_Final_Polish.xlsx",28252,"2026-03-23 04:32:26.466466376 +0000"
"/root/Documents/Exeli/Bank_Grade_V4_Model.xlsx",44383,"2026-03-23 05:05:17.323373562 +0000"
"/root/Documents/Exeli/CAPEX_FULL_V2_BANK_MODEL.xlsx",10755,"2026-03-23 12:39:35.372099400 +0000"
"/root/Documents/Exeli/CAPEX_TIMELINE_UNI_MAK_Bank_Grade_Model_Clean_Export.xlsx",81874,"2026-03-23 04:23:49.560590784 +0000"
"/root/Documents/Exeli/DSCR_SCULPTING_ENGINE.xlsx",18049,"2026-03-23 04:53:53.175097365 +0000"
"/root/Documents/Exeli/Forensic_Audit_Pack_v2_Clean_Export.xlsx",19077,"2026-03-23 04:24:19.196202033 +0000"
"/root/Documents/Exeli/Full_Financial_Model_Audit_Report.xlsx",58050,"2026-03-23 05:03:36.316289413 +0000"
"/root/Documents/Exeli/Institutional_Project_Finance_Model_v4_WorldClass_Blank_upgraded.xlsx",94712,"2026-03-23 05:02:41.005554264 +0000"
"/root/Documents/Exeli/Korigovana/MAREL_Control_Tower_CORRECTED.xlsx",7151,"2026-03-23 05:27:59.885265850 +0000"
"/root/Documents/Exeli/Korigovana/TITAN_GRID_Master_Credit_Committee_File_CORRECTED.xlsx",14953,"2026-03-23 05:29:52.212399724 +0000"
"/root/Documents/Exeli/MAREL_Control_Tower_CLEAN.xlsx",5360,"2026-03-23 05:20:46.042496716 +0000"
"/root/Documents/Exeli/MAREL_v9_REAL.xlsx",9942,"2026-03-23 04:46:50.157348197 +0000"
"/root/Documents/Exeli/Marel_Ecosystem_v5_Audit_Ready_v1_1_Upgraded.xlsx",96023,"2026-03-23 05:06:22.509133384 +0000"
"/root/Documents/Exeli/ORG-001_TITAN_Grid_Governance_v4.xlsx",6792,"2026-03-23 04:35:45.820984022 +0000"
"/root/Documents/Exeli/ORG-001_TITAN_Grid_Revisited_v4_1.xlsx",17466,"2026-03-23 05:01:42.161289363 +0000"
"/root/Documents/Exeli/ORG-002_TITAN_Grid_Executive_Summary_v4.xlsx",8080,"2026-03-23 04:48:07.241935803 +0000"
"/root/Documents/Exeli/ORG-003_TITAN_Grid_Memorandum_v5_UPGRADED.xlsx",12946,"2026-03-23 05:01:23.634570769 +0000"
"/root/Documents/Exeli/ORG-005_TITAN_Grid_Teaser_v4.xlsx",8126,"2026-03-23 04:44:44.778047766 +0000"
"/root/Documents/Exeli/ORG-007_TITAN_Grid_Strategic_Positioning_v4.xlsx",7732,"2026-03-23 04:15:14.413322380 +0000"
"/root/Documents/Exeli/ORG-008_TITAN_Grid_Market_Gap_v4.xlsx",8434,"2026-03-23 04:43:26.671132618 +0000"
"/root/Documents/Exeli/ORG-009_TITAN_Grid_Industrial_Logic_v4.xlsx",8923,"2026-03-23 04:43:06.971395239 +0000"
"/root/Documents/Exeli/ORG-010_TITAN_Grid_Scalability_v4_corrected.xlsx",7937,"2026-03-23 04:10:05.194943314 +0000"
"/root/Documents/Exeli/ORG-011_TITAN_Grid_Sponsor_Profile_v4.xlsx",11866,"2026-03-23 04:50:33.582426469 +0000"
"/root/Documents/Exeli/ORG-012_TITAN_Grid_Ownership_Structure_v4.xlsx",6262,"2026-03-23 04:14:02.269596101 +0000"
"/root/Documents/Exeli/ORG-013_TITAN_Grid_SPV_Structure_v4.xlsx",6288,"2026-03-23 04:14:13.256063025 +0000"
"/root/Documents/Exeli/ORG-014_TITAN_Grid_Project_Timeline_v4.xlsx",8051,"2026-03-23 04:53:07.956185148 +0000"
"/root/Documents/Exeli/ORG-015_TITAN_Grid_Milestone_Map_v4_1.xlsx",11457,"2026-03-23 04:51:33.117555916 +0000"
"/root/Documents/Exeli/ORG-016_TITAN_Grid_Project_Charter_v4.xlsx",11444,"2026-03-23 04:13:15.269332731 +0000"
"/root/Documents/Exeli/ORG-017_TITAN_Grid_Risk_Overview_v4_polished.xlsx",8088,"2026-03-23 04:30:17.441207713 +0000"
"/root/Documents/Exeli/ORG-018_TITAN_Grid_Competitor_Map_v4_FINAL.xlsx",8024,"2026-03-23 04:29:58.277704765 +0000"
"/root/Documents/Exeli/ORG-019_TITAN_Grid_Strategic_Deck_v4.xlsx",8036,"2026-03-23 04:16:03.088684015 +0000"
"/root/Documents/Exeli/ORG-020_TITAN_Grid_Identity_v4.xlsx",7299,"2026-03-23 04:16:43.130837514 +0000"
"/root/Documents/Exeli/ORG-021_TITAN_Grid_Investment_Thesis_v4.xlsx",7915,"2026-03-23 04:16:24.388561080 +0000"
"/root/Documents/Exeli/ORG-022_TITAN_Grid_Macro_Context_v4.xlsx",7236,"2026-03-23 04:07:35.503257330 +0000"
"/root/Documents/Exeli/ORG-024_TITAN_Grid_Financial_Snapshot_v4.xlsx",7992,"2026-03-23 04:54:18.765002466 +0000"
"/root/Documents/Exeli/ORG-024_TITAN_Grid_Strategic_Expansion_v4.xlsx",6115,"2026-03-23 04:08:01.386486427 +0000"
"/root/Documents/Exeli/ORG-025_TITAN_Grid_Stakeholder_Map_v4_1.xlsx",9289,"2026-03-23 04:13:37.180751628 +0000"
"/root/Documents/Exeli/Outreach_Master_Upgraded.xlsx",38689,"2026-03-23 04:55:03.367956583 +0000"
"/root/Documents/Exeli/Outreach_Master_v2.xlsx",7779,"2026-03-23 04:47:37.984968174 +0000"
"/root/Documents/Exeli/Project_Finance_Model_v12_Upgraded.xlsx",68196,"2026-03-23 05:13:08.834197440 +0000"
"/root/Documents/Exeli/TITAN_Control_Tower_v8_FINAL_POLISH.xlsx",16638,"2026-03-23 04:28:58.719450790 +0000"
"/root/Documents/Exeli/TITAN_EBRD_IFC_Master_Pack_v4.xlsx",11017,"2026-03-23 04:34:39.631766563 +0000"
"/root/Documents/Exeli/TITAN_EBRD_IFC_Submission_Pack_v4.zip",225750,"2026-03-23 04:34:24.276079512 +0000"
"/root/Documents/Exeli/TITAN_GRID_Master_Credit_Committee_File.xlsx",15269,"2026-03-23 05:20:06.246221817 +0000"
"/root/Documents/Exeli/TITAN_GRID_Master_Credit_Committee_File_CORRECTED.xlsx",14953,"2026-03-23 12:31:00.029510844 +0000"
"/root/Documents/Exeli/TITAN_GRID_T1_Audited_v2_1.xlsx",72699,"2026-03-23 04:37:17.747034664 +0000"
"/root/Documents/Exeli/TITAN_GRID_v5_Full_Lender_Closing_Book.pdf",26406,"2026-03-23 04:14:37.383769922 +0000"
"/root/Documents/Exeli/TITAN_Grid_Active_Data_Transferred_v2_UPGRADED.xlsx",22028,"2026-03-23 05:02:19.943402442 +0000"
"/root/Documents/Exeli/TITAN_Grid_Final_Investment_Case_v2.xlsx",8640,"2026-03-23 04:56:35.622138724 +0000"
"/root/Documents/Exeli/TITAN_Grid_Financial_Model_5_Sheets.xlsx",21460,"2026-03-23 04:33:42.001144519 +0000"
"/root/Documents/Exeli/TITAN_Grid_Financial_Model_CSV_Exports.zip",5069,"2026-03-23 04:57:40.499932676 +0000"
"/root/Documents/Exeli/TITAN_Grid_Financial_Model_v2_0.xlsx",21337,"2026-03-23 04:57:53.227342835 +0000"
"/root/Documents/Exeli/TITAN_Grid_Lender_Model_v6_1.xlsx",48465,"2026-03-23 05:03:01.307713591 +0000"
"/root/Documents/Exeli/TITAN_Grid_Model_v6_Clean.xlsx",24986,"2026-03-23 04:21:02.654964034 +0000"
"/root/Documents/Exeli/TITAN_Grid_One_Pager_Final.xlsx",5637,"2026-03-23 04:06:17.862887671 +0000"
"/root/Documents/Exeli/TITAN_Grid_v5_Upgrade.xlsx",8819,"2026-03-23 12:35:06.840948447 +0000"
"/root/Documents/Exeli/Titan_Grid_Collateral_Overview_v2_Bank_Ready.docx",39987,"2026-03-23 05:00:43.378465925 +0000"
"/root/Documents/Exeli/Titan_Grid_Execution_Closing_Bible_v6_1_forensic.docx",45599,"2026-03-23 04:42:04.587235895 +0000"
"/root/Documents/Exeli/Titan_Grid_Upgrade_Export.xlsx",7946,"2026-03-23 05:00:31.326827217 +0000"
"/root/Documents/Exeli/Titan_Grid_Value_Proposition_v6_Board_Lender_Submission_Pack_clean.docx",46109,"2026-03-23 04:26:05.099405768 +0000"
"/root/Documents/Exeli/Titan_Grid_v6_2_Live_Lender_Linkage_Pack.xlsx",19755,"2026-03-23 04:20:02.096179984 +0000"
"/root/Documents/Exeli/UAE_Investor_Banking_Target_List_v2_Audit_Ready.xlsx",19493,"2026-03-23 05:02:03.616460990 +0000"
"/root/Documents/Exeli/UNI-MAK_CAPEX_LOG-001_A4_READY.xlsx",31547,"2026-03-23 12:38:29.986365037 +0000"
"/root/Documents/Exeli/WCM_DSCR_v2_CLEAN.xlsx",7752,"2026-03-23 04:25:13.190333924 +0000"
"/root/Documents/Exeli/clean_excel_export.xlsx",15650,"2026-03-23 05:14:09.146704266 +0000"
"/root/Documents/FINAL_SEND_PACKAGE_TITAN1_2026-05-10/ACTIVE_DOCUMENT_REGISTRY.json",737,"2026-05-11 06:52:16.785921534 +0000"
"/root/Documents/FINAL_SEND_PACKAGE_TITAN1_2026-05-10/ANEKS_1_REVIZIJA_CAPEX_TITAN1_2026-05-10.docx",37050,"2026-05-10 19:37:09.207774947 +0000"
"/root/Documents/FINAL_SEND_PACKAGE_TITAN1_2026-05-10/ANEKS_1_REVIZIJA_CAPEX_TITAN1_INSTITUTIONAL_ULTRA_2026-05-10.docx",37454,"2026-05-10 19:47:11.668927827 +0000"
"/root/Documents/FINAL_SEND_PACKAGE_TITAN1_2026-05-10/ANEKS_1_REVIZIJA_CAPEX_TITAN1_v4_2026-05-10.docx",37038,"2026-05-11 06:52:16.683551076 +0000"
"/root/Documents/FINAL_SEND_PACKAGE_TITAN1_2026-05-10/HASH_LEDGER.txt",421,"2026-05-11 06:52:16.855934873 +0000"
"/root/Documents/FINAL_SEND_PACKAGE_TITAN1_2026-05-10/MASTER_TOKEN_REGISTER_v4.0.json",3748,"2026-05-11 06:52:16.835765747 +0000"
"/root/Documents/FINAL_SEND_PACKAGE_TITAN1_2026-05-10/README_TITAN1_FINAL_PACKAGE.txt",486,"2026-05-11 06:52:16.879573735 +0000"
"/root/Documents/FINAL_SEND_PACKAGE_TITAN1_2026-05-10/SIGNALNI_MEMORANDUM_TITAN1_2026-05-10.docx",37307,"2026-05-11 06:52:16.729678971 +0000"
"/root/Documents/Finansiski model /15.03.2024 v2.xlsx",111039,"2026-03-15 16:18:06.551822527 +0000"
"/root/Documents/Finansiski model /15.03.2026.xlsm",72414,"2026-03-15 15:18:34.518213493 +0000"
"/root/Documents/Finansiski model /Eco Transformer doo- analitical card.pdf",523190,"2025-12-16 10:17:23.184845639 +0000"
"/root/Documents/Finansiski model /Eco transformer factory .xlsx",63441,"2026-03-15 20:09:03.720954007 +0000"
"/root/Documents/Finansiski model /Eco v2 15.03.2026.xlsx",86270,"2026-03-15 20:46:02.659491258 +0000"
"/root/Documents/Finansiski model /Eco v3.xlsx",82800,"2026-03-15 23:05:45.033379285 +0000"
"/root/Documents/Finansiski model /Eco_v3_harmonised.xlsx",83474,"2026-03-15 23:42:19.149264671 +0000"
"/root/Documents/Finansiski model /IRF - PRIRUCNIK ZA IZRADU INV PROJEKATA 2013 - do 50.pdf",274267,"2026-03-02 14:48:59.839611000 +0000"
"/root/Documents/Finansiski model /Machine List.xlsx",11442,"2025-12-21 09:44:23.515885706 +0000"
"/root/Documents/Finansiski model /labaratorija- oprema i metode ispitivanja.xlsx",44635,"2025-12-18 14:51:29.261046052 +0000"
"/root/Documents/IZVOZ_ZA_WINDOWS/ANEKS_1_REVIZIJA_CAPEX_TITAN1_INSTITUTIONAL_ULTRA_2026-05-10.docx",37454,"2026-05-11 11:08:52.677936458 +0000"
"/root/Documents/IZVOZ_ZA_WINDOWS/TITAN_Central_Brain_Finance_Master_v6_1.xlsx",25184,"2026-05-11 11:08:52.612829928 +0000"
"/root/Documents/Irf/IRF - PRIRUCNIK ZA IZRADU INV PROJEKATA 2013 - do 50.pdf",274267,"2026-03-02 14:48:59.839611000 +0000"
"/root/Documents/Irf/Obrazac 2a  Detaljni biznis plan (veci od 50.000) 2.docx",36487,"2026-03-02 14:48:59.874379000 +0000"
"/root/Documents/Irf/Obrazac 2a  Detaljni biznis plan (veci od 50.000).docx",36487,"2026-03-02 14:48:59.874379000 +0000"
"/root/Documents/Irf/Obrazac 2b  Jednostavni biznis plan (manji od 50.000).docx",39453,"2026-03-02 14:48:59.905579000 +0000"
"/root/Documents/Irf/intgr proc u biznisu.doc",20480,"2026-03-02 14:48:59.833467600 +0000"
"/root/Documents/LAS_VEGAS_GOLD_PACKAGE.tar.gz",432207,"2026-05-11 10:25:24.992602429 +0000"
"/root/Documents/LAS_VEGAS_GOLD_PACKAGE/TOKENS.txt",161,"2026-05-10 10:38:53.000000000 +0000"
"/root/Documents/LAS_VEGAS_GOLD_PACKAGE/TOKENS_I_SIGNALI.txt",0,"2026-05-10 10:37:48.000000000 +0000"
"/root/Documents/M/Manta 90.MP4",40504307,"2026-03-13 00:34:12.000000000 +0000"
"/root/Documents/M/ScreenRecording_03-13-2026 00-59-20_1.MP4",79500235,"2026-03-12 23:59:20.000000000 +0000"
"/root/Documents/M/ScreenRecording_03-13-2026 01-11-42_1.MP4",70684386,"2026-03-13 00:11:42.000000000 +0000"
"/root/Documents/MAPA_CIJELOG_UREDAJA.txt",48542,"2026-05-10 10:36:02.651807780 +0000"
"/root/Documents/Mantre/ScreenRecording_03-17-2026 02-56-51_1.MP4",364130976,"2026-03-17 01:56:51.000000000 +0000"
"/root/Documents/Mantre/ScreenRecording_03-17-2026 03-04-27_1.MP4",451460127,"2026-03-17 02:04:27.000000000 +0000"
"/root/Documents/Move to iOS/Jovana.m4a",18535429,"2025-09-26 14:24:22.961062006 +0000"
"/root/Documents/Move to iOS/Mail ninistar.m4a",3045093,"2025-09-26 14:24:15.484633307 +0000"
"/root/Documents/Move to iOS/Marija.m4a",743312,"2025-09-26 14:24:24.902236933 +0000"
"/root/Documents/Move to iOS/Voice 250513_121337.m4a",3823625,"2025-09-26 14:24:24.024112159 +0000"
"/root/Documents/Move to iOS/Voice 250515_173006.m4a",3522187,"2025-09-26 14:24:24.533998478 +0000"
"/root/Documents/Move to iOS/Voice 250919_115929.m4a",26024069,"2025-09-26 14:24:31.038249931 +0000"
"/root/Documents/O02 chatgbt /ARS_02_Shareholder_Structure_EU_Format.docx",247219,"2026-05-05 02:04:19.018254742 +0000"
"/root/Documents/O02 chatgbt /ARS_03_Corporate_Governance_Charter_EU_Format.docx",247402,"2026-05-05 02:03:55.912116364 +0000"
"/root/Documents/O02 chatgbt /ARS_04_Management_Team_EU_Format.docx",247308,"2026-05-05 02:03:34.634340716 +0000"
"/root/Documents/O02 chatgbt /ARS_Company_Profile_Investor_EU_Version.docx",275411,"2026-05-05 02:04:44.910693747 +0000"
"/root/Documents/O02 chatgbt /CAPEX SVE KATEGORIJE.xlsx",46123,"2026-05-05 02:00:07.336093155 +0000"
"/root/Documents/O02 chatgbt /Company profile.docx",15717,"2026-05-05 02:06:36.601770977 +0000"
"/root/Documents/O02 chatgbt /FIN-2.5 ENERGETSKA ARBITRAŽA I SOLARNI PRINOS (LCOE MODEL).pdf",1031737,"2026-03-25 19:26:21.656099927 +0000"
"/root/Documents/O02 chatgbt /Irf investicioni plan.pdf",2272128,"2026-03-29 03:53:29.760082014 +0000"
"/root/Documents/O02 chatgbt /Kontrola nabavke: Moć u industriji.pdf",200427,"2026-03-27 17:23:06.657353423 +0000"
"/root/Documents/O02 chatgbt /Novo harvest /TITAN_UPLOAD_PDF_HARVEST_100_888.md",2454,"2026-05-05 02:13:59.316632700 +0000"
"/root/Documents/O02 chatgbt /Novo harvest /TITAN_UPLOAD_PDF_HARVEST_100_888.xlsx",20555,"2026-05-05 02:13:23.664503662 +0000"
"/root/Documents/O02 chatgbt /Novo harvest /TITAN_UPLOAD_PDF_HARVEST_100_888_SUMMARY.json",584,"2026-05-05 02:14:25.308784290 +0000"
"/root/Documents/O02 chatgbt /Registar-podsticajnih-mjera-za-investicije-za-2025.xlsx",103422,"2026-05-05 02:00:29.328454585 +0000"
"/root/Documents/O02 chatgbt /Shareholder rev 002.docx",15508,"2026-05-05 02:06:12.552092218 +0000"
"/root/Documents/O02 chatgbt /Strateške prilike za industrijsku ekspanziju.pdf",230199,"2026-03-27 14:12:41.143212893 +0000"
"/root/Documents/O02 chatgbt /Strateški Plan za Industrijsku Moć.pdf",208733,"2026-03-27 17:38:28.098977482 +0000"
"/root/Documents/O02 chatgbt /TITAN_Forensic_Inventory_Extraction.xlsx",34910,"2026-05-05 02:11:39.114410682 +0000"
"/root/Documents/O02 chatgbt /TITAN_Forensic_Inventory_Revision.xlsx",35125,"2026-05-05 02:12:25.092338268 +0000"
"/root/Documents/PUNA_MAPA.txt",71143,"2026-05-10 10:36:34.777323796 +0000"
"/root/Documents/SIGNALNI_MEMORANDUM_TITAN1_2026-05-10.docx",37307,"2026-05-10 19:35:17.474252670 +0000"
"/root/Documents/SIGNALNI_MEMORANDUM_TITAN1_EU_BRAND_2026-05-10.docx",37829,"2026-05-10 19:39:22.751519141 +0000"
"/root/Documents/SOUL_EXPORT_20260519_1232/SOUL_MANIFEST.txt",376,"2026-05-19 12:32:42.000000000 +0000"
"/root/Documents/SOUL_EXPORT_20260519_1232/Scripts/DELTA_CORE_v1_0.py",1456,"2026-05-19 12:32:41.000000000 +0000"
"/root/Documents/SOUL_EXPORT_20260519_1232/Scripts/DELTA_UNITY_ENGINE_v1_7.py",6110,"2026-05-19 12:32:41.000000000 +0000"
"/root/Documents/SOUL_EXPORT_20260519_1232/Scripts/iphone_sha_analyzer.py",3513,"2026-05-19 12:32:41.000000000 +0000"
"/root/Documents/SOUL_EXPORT_20260519_1232/iPhone_Exports/FAJLOVI_SA_TOKENIMA.txt",2331,"2026-05-19 12:32:41.000000000 +0000"
"/root/Documents/SOUL_EXPORT_20260519_1232/iPhone_Exports/IPHONE_STATIC_EXPORT_PACKET_FOR_MSI_20260516_075558.tar.gz",2339,"2026-05-19 12:32:41.000000000 +0000"
"/root/Documents/SOUL_EXPORT_20260519_1232/iPhone_Exports/IPHONE_STATIC_EXPORT_PACKET_FOR_MSI_20260516_075558_TAR_SHA256.txt",131,"2026-05-19 12:32:41.000000000 +0000"
"/root/Documents/SOUL_EXPORT_20260519_1232/iPhone_Exports/IPHONE_STATIC_EXPORT_PACKET_MANIFEST_ONLY_20260519_082406_FOR_MSI.tar.gz",60411,"2026-05-19 12:32:41.000000000 +0000"
"/root/Documents/SOUL_EXPORT_20260519_1232/iPhone_Exports/IPHONE_STATIC_EXPORT_PACKET_MANIFEST_ONLY_20260519_082406_FOR_MSI_SHA256.txt",145,"2026-05-19 12:32:41.000000000 +0000"
"/root/Documents/SOUL_EXPORT_20260519_1232/iPhone_Exports/iphone_manifest_for_msi.tar.gz",60411,"2026-05-19 12:32:41.000000000 +0000"
"/root/Documents/SOUL_EXPORT_20260519_1232/iPhone_Exports/iphone_manifest_for_msi_sha256.txt",145,"2026-05-19 12:32:41.000000000 +0000"
"/root/Documents/SOUL_EXPORT_FULL_20260519_1234.tar.gz",134383,"2026-05-19 12:43:27.898187466 +0000"
"/root/Documents/SOUL_EXPORT_FULL_20260519_1235.tar.gz",134383,"2026-05-19 12:43:27.913574075 +0000"
"/root/Documents/SVE_OSJETLJIVO.txt",0,"2026-05-10 10:41:00.238317097 +0000"
"/root/Documents/Sistem final /01_discover_files_v8_1_AUDIT_LOCKED.py",72224,"2026-05-01 23:34:19.914827000 +0000"
"/root/Documents/Sistem final /01_discover_files_v8_AUDIT_LOCKED.py",68398,"2026-05-01 23:34:19.917139000 +0000"
"/root/Documents/Sistem final /01_discover_files_v9_AUDIT_LOCKED.py",75998,"2026-05-01 23:34:19.881223000 +0000"
"/root/Documents/Sistem final /Document 00.docx",21486,"2026-04-26 17:16:45.386529495 +0000"
"/root/Documents/Sistem final /Document 01.docx",31172,"2026-04-26 17:21:20.992659053 +0000"
"/root/Documents/Sistem final /Document 03.docx",24106,"2026-04-26 17:27:05.570606548 +0000"
"/root/Documents/Sistem final /TITAN_MASTER_SSOT_v1.0.pdf",15425,"2026-04-26 17:14:07.043290528 +0000"
"/root/Documents/TITAN FINAL/01.04/GROK_CENTRAL_BRAIN_INSTRUCTIONS.txt",1226,"2026-04-01 06:07:43.071621334 +0000"
"/root/Documents/TITAN FINAL/01.04/Instagram 1 story.MOV",40557222,"2026-04-01 20:18:00.000000000 +0000"
"/root/Documents/TITAN FINAL/01.04/README_GROK_CENTRAL_BRAIN.txt",1005,"2026-04-01 06:08:20.308783383 +0000"
"/root/Documents/TITAN FINAL/01.04/Voice gemini.m4a",575332,"2026-04-01 12:58:45.287535174 +0000"
"/root/Documents/TITAN FINAL/01.04/brand_engine_replit_app.zip",31343,"2026-04-01 13:15:35.495389681 +0000"
"/root/Documents/TITAN FINAL/01.04/grok_central_brain_exporter.py",5060,"2026-04-01 06:08:05.361011352 +0000"
"/root/Documents/TITAN FINAL/01.04/grok_central_brain_lookup.csv",101680,"2026-04-01 06:08:46.851451390 +0000"
"/root/Documents/TITAN FINAL/01.04/grok_central_brain_lookup.json",260612,"2026-04-01 06:08:34.149353295 +0000"
"/root/Documents/TITAN FINAL/01.04/instagram_automation_system.zip",12475,"2026-04-01 07:12:22.595962908 +0000"
"/root/Documents/TITAN FINAL/03.03/Control_Tower_Dashboard_Ready.xlsx",63624,"2026-04-03 07:25:07.194705718 +0000"
"/root/Documents/TITAN FINAL/03.03/ECO_Transformer_Bank_Grade_Sensitivity_Model_v1.xlsx",25259,"2026-04-03 07:48:36.940731453 +0000"
"/root/Documents/TITAN FINAL/03.03/README.md",883,"2026-04-03 07:29:05.000000000 +0000"
"/root/Documents/TITAN FINAL/03.03/TITAN_Central_Brain_Finance_Master_v6_1.xlsx",38687,"2026-04-03 11:56:43.023357165 +0000"
"/root/Documents/TITAN FINAL/03.03/TITAN_Central_Brain_Finance_Master_v6_2 2.xlsx",46279,"2026-04-03 10:17:16.000000000 +0000"
"/root/Documents/TITAN FINAL/03.03/TITAN_Central_Brain_Finance_Master_v6_2.xlsx",46279,"2026-04-03 12:20:00.420941176 +0000"
"/root/Documents/TITAN FINAL/03.03/TITAN_Central_Brain_Governance_Export.xlsx",11476,"2026-04-03 07:11:18.512347453 +0000"
"/root/Documents/TITAN FINAL/03.03/TITAN_Central_Brain_v6_1_Master.xlsx",12281,"2026-04-03 07:11:55.855710260 +0000"
"/root/Documents/TITAN FINAL/03.03/TITAN_Central_Brain_v6_2_Lender_Grade.xlsx",36001,"2026-04-03 07:29:30.986828271 +0000"
"/root/Documents/TITAN FINAL/03.03/TITAN_Central_Brain_v6_export_patch.xlsx",41392,"2026-04-03 07:41:56.780142343 +0000"
"/root/Documents/TITAN FINAL/03.03/TITAN_Central_Brain_v7_2_Lender_Model.xlsx",57630,"2026-04-03 13:37:20.066282565 +0000"
"/root/Documents/TITAN FINAL/03.03/TITAN_Forensic_Audit_Report_2026-04-03.xlsx",88837,"2026-04-03 12:12:29.842090776 +0000"
"/root/Documents/TITAN FINAL/03.03/TITAN_IC_Memo_v3_FINAL.docx",36851,"2026-04-03 12:09:17.279040803 +0000"
"/root/Documents/TITAN FINAL/03.03/TITAN_IC_Pack_v2_LiveModel.pptx",570752,"2026-04-03 07:51:24.449025075 +0000"
"/root/Documents/TITAN FINAL/03.03/TITAN_IC_Pack_v3_FINAL.pptx",38022,"2026-04-03 12:09:00.674215166 +0000"
"/root/Documents/TITAN FINAL/03.03/TITAN_IC_v4_Visual.pptx",38576,"2026-04-03 12:11:37.362331202 +0000"
"/root/Documents/TITAN FINAL/03.03/TITAN_IC_v5_FINAL.pptx",61850,"2026-04-03 12:18:57.685873528 +0000"
"/root/Documents/TITAN FINAL/03.03/TITAN_VDR_150_Document_Register_Template.xlsx",24580,"2026-04-03 12:11:13.378594842 +0000"
"/root/Documents/TITAN FINAL/03.03/TITAN_VDR_Master_List.xlsx",10846,"2026-04-03 12:18:14.618563471 +0000"
"/root/Documents/TITAN FINAL/03.03/TITAN_model_full_integration.xlsx",34889,"2026-04-03 07:23:27.179400005 +0000"
"/root/Documents/TITAN FINAL/03.03/TITAN_v6_3_Credit_Committee_Pack.xlsx",30203,"2026-04-03 07:32:55.483469275 +0000"
"/root/Documents/TITAN FINAL/03.03/bank_grade_eco_ars_3tab_model.xlsx",33113,"2026-04-03 12:24:41.245438040 +0000"
"/root/Documents/TITAN FINAL/03.03/build_control_tower_v1.py",526,"2026-04-03 07:31:31.922424767 +0000"
"/root/Documents/TITAN FINAL/03.03/grok_payload_v6_2.json",2654,"2026-04-03 12:20:32.820883418 +0000"
"/root/Documents/TITAN FINAL/03.03/grok_payload_v6_2.py",2674,"2026-04-03 12:20:43.551282597 +0000"
"/root/Documents/TITAN FINAL/03.03/semantic_control_matrix_v1.xlsx",21114,"2026-04-03 07:25:34.470592300 +0000"
"/root/Documents/TITAN FINAL/03.03/titan_central_brain_v6_1_generator.py",30287,"2026-05-10 11:10:22.018186295 +0000"
"/root/Documents/TITAN FINAL/03.03/titan_grid_control_tower_v1.xlsx",20328,"2026-04-03 07:31:24.341337135 +0000"
"/root/Documents/TITAN FINAL/27.03/TITAN_Central_Brain_Finance_Master_v6_2.xlsx",41739,"2026-03-27 10:08:15.514425568 +0000"
"/root/Documents/TITAN FINAL/27.03/TITAN_Central_Brain_Finance_Master_v6_refresh.xlsx",21329,"2026-03-27 17:59:35.492594610 +0000"
"/root/Documents/TITAN FINAL/27.03/TITAN_Central_Brain_Morning_Update_2026-03-27.xlsx",28717,"2026-03-27 17:53:50.833731674 +0000"
"/root/Documents/TITAN FINAL/27.03/TITAN_Central_Brain_v6_1_Institutional.xlsx",38238,"2026-03-27 10:06:28.971990517 +0000"
"/root/Documents/TITAN FINAL/27.03/TITAN_Central_Brain_v6_1_Lender_Model.xlsx",42808,"2026-03-27 09:15:43.309906784 +0000"
"/root/Documents/TITAN FINAL/27.03/TITAN_Central_Brain_v6_2_Lender_Model_FINAL.xlsx",65856,"2026-03-27 10:06:07.964248663 +0000"
"/root/Documents/TITAN FINAL/27.03/TITAN_Central_Brain_v6_3_MonteCarlo_PD_P90.xlsx",1544538,"2026-03-27 10:19:14.510989197 +0000"
"/root/Documents/TITAN FINAL/27.03/TITAN_Central_Brain_v6_Forensic_Export.xlsx",21635,"2026-03-27 09:14:15.165720520 +0000"
"/root/Documents/TITAN FINAL/27.03/TITAN_Central_Brain_v6_Full.xlsx",33219,"2026-03-27 10:08:45.665180996 +0000"
"/root/Documents/TITAN FINAL/27.03/TITAN_Control_Tower_Auto_v3_Dashboard.xlsx",59002,"2026-03-28 01:46:11.576705620 +0000"
"/root/Documents/TITAN FINAL/27.03/TITAN_Data_Room_v6_3_Automated.zip",175632,"2026-03-27 10:11:41.851834526 +0000"
"/root/Documents/TITAN FINAL/27.03/TITAN_IC_Memo.docx",37015,"2026-03-28 01:59:53.950736706 +0000"
"/root/Documents/TITAN FINAL/27.03/TITAN_IC_Memo.pdf",2154,"2026-03-28 02:00:12.853081920 +0000"
"/root/Documents/TITAN FINAL/27.03/TITAN_IC_Memo_Annex.docx",37129,"2026-03-28 02:05:34.365763608 +0000"
"/root/Documents/TITAN FINAL/27.03/TITAN_IC_Memo_Annex.pdf",2445,"2026-03-28 02:05:51.329593244 +0000"
"/root/Documents/TITAN FINAL/27.03/TITAN_IC_Memo_FINAL.docx",37641,"2026-03-28 02:02:11.969697693 +0000"
"/root/Documents/TITAN FINAL/27.03/TITAN_IC_Memo_FINAL.pdf",3726,"2026-03-28 02:02:27.368267752 +0000"
"/root/Documents/TITAN FINAL/27.03/TITAN_Investment_Memo_v6_2.pdf",13593,"2026-03-27 10:14:40.471003817 +0000"
"/root/Documents/TITAN FINAL/27.03/TITAN_LIVE_CONTROL_TOWER_SYSTEM_v9_Response_Pack.xlsx",128707,"2026-03-27 17:46:56.772374809 +0000"
"/root/Documents/TITAN FINAL/27.03/TITAN_v5_0_board_ic_dashboard_upgrade.py",19294,"2026-03-28 01:58:35.590047057 +0000"
"/root/Documents/TITAN FINAL/27.03/TITAN_v5_0_board_ic_dashboard_version.xlsx",65978,"2026-03-28 01:56:21.039160321 +0000"
"/root/Documents/TITAN FINAL/27.03/small_transformer_factory_v4_3_1_bank_patch.xlsx",69205,"2026-03-28 12:44:46.547761042 +0000"
"/root/Documents/TITAN FINAL/28.03/Memory Update and Conversation Synthesis.docx",28084,"2026-03-28 17:15:03.462761570 +0000"
"/root/Documents/TITAN FINAL/28.03/Memory Update and Conversation Synthesis.pdf",274267,"2026-03-02 14:48:59.839611000 +0000"
"/root/Documents/TITAN FINAL/28.03/Obrazac 2a  Detaljni biznis plan (veci od 50.000).docx",36487,"2026-03-02 14:48:59.874379000 +0000"
"/root/Documents/TITAN FINAL/28.03/VBA Script Review: DSCR & IRR Calculator.docx",25721,"2026-03-28 19:02:03.100439241 +0000"
"/root/Documents/TITAN FINAL/28.03/central_brain_excel_engine_v1.xlsx",49093,"2026-03-28 16:39:24.039151522 +0000"
"/root/Documents/TITAN FINAL/29.03/Irf investicioni plan.pdf",2272128,"2026-03-29 03:53:29.760082014 +0000"
"/root/Documents/TITAN FINAL/31.03/avatar_identity_QA_workbook.xlsx",162748,"2026-03-31 20:06:23.317379411 +0000"
"/root/Documents/TITAN FINAL/31.03/grok_automated_mutation_generator.py",22811,"2026-03-31 22:21:53.094996293 +0000"
"/root/Documents/TITAN FINAL/31.03/grok_mutation_generator.xlsx",38648,"2026-03-31 22:22:01.358698602 +0000"
"/root/Documents/TITAN FINAL/31.03/grok_mutation_generator_candidates.csv",128254,"2026-03-31 22:22:09.354745423 +0000"
"/root/Documents/TITAN FINAL/31.03/grok_mutation_generator_safe_only.csv",102514,"2026-03-31 22:22:18.360251555 +0000"
"/root/Documents/TITAN FINAL/31.03/grok_mutation_generator_safe_only.json",143616,"2026-03-31 22:22:26.877688964 +0000"
"/root/Documents/TITAN FINAL/31.03/grok_only_step_by_step.txt",630,"2026-03-31 22:05:50.569439358 +0000"
"/root/Documents/TITAN FINAL/Marija/Medical Report Analysis and Research.pdf",201454,"2026-03-27 13:32:38.655047182 +0000"
"/root/Documents/TITAN FINAL/Marija/izvjestaj_Marija_Đurović.pdf",641115,"2026-03-27 09:42:01.227634000 +0000"
"/root/Documents/TITAN1_DEEP_HARVEST_20260510_1153/TITAN1_DEEP_SIGNALS.json",378026,"2026-05-10 12:28:56.132355367 +0000"
"/root/Documents/TITAN_Central_Brain_Finance_Master_v6_1.xlsx",25184,"2026-05-10 11:10:59.496587195 +0000"
"/root/Documents/TOKENS.txt",161,"2026-05-10 10:38:53.386602252 +0000"
"/root/Documents/TOKENS_I_SIGNALI.txt",0,"2026-05-10 10:37:48.788936279 +0000"
"/root/Documents/Titan grid/Drive/ORG-002_Executive_Summary.pdf.docx",796070,"2026-03-25 17:41:46.961524792 +0000"
"/root/Documents/Titan grid/Onur/00_Cover_Letter_EBRD.pdf.pdf",1012235,"2026-03-22 16:28:25.341005854 +0000"
"/root/Documents/Titan grid/Onur/00_Cover_Letter_EIB.pdf.pdf",1010249,"2026-03-22 16:28:25.337491124 +0000"
"/root/Documents/Titan grid/Onur/00_STRATESKI_MEMORANDUM_OPSTINA_TUZI_TITAN_GRID.pdf.pdf",1007146,"2026-03-22 16:28:25.310462281 +0000"
"/root/Documents/Titan grid/Onur/00_STRATESKI_MEMORANDUM_Vlada_CG.pdf.pdf",1009394,"2026-03-22 16:28:25.348525602 +0000"
"/root/Documents/Titan grid/Onur/01.1_DSCR.pdf",1024047,"2026-03-22 16:28:25.322343878 +0000"
"/root/Documents/Titan grid/Onur/01.2_Stress_Test.pdf",1034809,"2026-03-22 16:28:25.356359140 +0000"
"/root/Documents/Titan grid/Onur/01.3_Pass-Through.pdf",1029294,"2026-03-22 16:28:25.304819313 +0000"
"/root/Documents/Titan grid/Onur/01.4_Security.pdf",1095581,"2026-03-22 16:28:25.352181205 +0000"
"/root/Documents/Titan grid/Onur/FIN-2.1 EXECUTIVE FINANCIAL DASHBOARD (PREGLED).pdf",926816,"2026-03-25 19:26:21.561796745 +0000"
"/root/Documents/Titan grid/Onur/FIN-2.1 Executive Financial Dashboard.pdf",1246560,"2026-03-25 19:26:22.464436436 +0000"
"/root/Documents/Titan grid/Onur/FIN-2.2 CAPEX Schedule .pdf",1417042,"2026-03-25 19:26:22.351482283 +0000"
"/root/Documents/Titan grid/Onur/FIN-2.2 CAPEX Schedule – Capital Deployment Strategy..pdf",1416685,"2026-03-25 19:26:22.504015281 +0000"
"/root/Documents/Titan grid/Onur/FIN-2.2 CAPEX Schedule – Capital Deployment Strategy.pdf",1416685,"2026-03-25 19:26:22.519334564 +0000"
"/root/Documents/Titan grid/Onur/FIN-2.4 OPERATIVNI TROŠKOVI I MATRICA RADNE SNAGE (OPEX & LABOR).pdf",1042535,"2026-03-25 19:26:21.665238789 +0000"
"/root/Documents/Titan grid/Onur/FIN-2.4 OPEX & Labor Matrix .pdf",1581096,"2026-03-25 19:26:21.921537996 +0000"
"/root/Documents/Titan grid/Onur/FIN-2.4 OPEX & Labor Matrix.pdf",1034076,"2026-03-25 19:26:21.601709797 +0000"
"/root/Documents/Titan grid/Onur/FIN-2.5 ENERGETSKA ARBITRAŽA I SOLARNI PRINOS (LCOE MODEL).pdf",1031737,"2026-03-25 19:26:21.656099927 +0000"
"/root/Documents/Titan grid/Onur/FIN-2.5 Energy Arbitrage (1.4 MWp).pdf",1003116,"2026-03-25 19:26:21.674989022 +0000"
"/root/Documents/Titan grid/Outreach_Master_active_data_export.xlsx",17865,"2026-03-24 10:16:54.551601470 +0000"
"/root/Documents/Titan grid/Prezentacija/1 (1).pdf",2901416,"2026-03-24 17:20:30.069597859 +0000"
"/root/Documents/Titan grid/Prezentacija/Preliminary Information Memorandum (PIM) .pdf",2256607,"2026-03-24 17:20:30.020050396 +0000"
"/root/Documents/Titan grid/TITAN_Active_Data_Export_20260323_final.xlsx",18130,"2026-03-24 10:08:09.330097091 +0000"
"/root/Documents/Titan grid/TITAN_Excel_Harmonized_Template_v4.0.xlsx",33316,"2026-03-24 10:07:34.111461262 +0000"
"/root/Documents/Titan grid/TITAN_Grid_Active_Data_Transferred_v2_EXPORT.xlsx",22028,"2026-03-24 10:17:19.074472322 +0000"
"/root/Documents/Titan grid/TITAN_Grid_Forensic_Check_Active_Data_Export.xlsx",41882,"2026-03-23 22:58:32.176455591 +0000"
"/root/Documents/Titan grid/TITAN_WarRoom_QA.xlsx",38815,"2026-03-24 10:06:58.672443891 +0000"
"/root/Documents/Titan grid/TITAN_next_90_days_plan_calendar.ics",23991,"2026-03-23 22:05:31.501405073 +0000"
"/root/Documents/extract_titan1_deep_harvest.py",2698,"2026-05-10 11:52:57.380263533 +0000"
"/root/Documents/titan1_light_harmonizer.py",2257,"2026-05-10 11:41:28.322535412 +0000"
"/root/FAJLOVI_SA_TOKENIMA.txt",2331,"2026-05-10 10:43:41.134484156 +0000"
"/root/IPHONE_LOCAL_STATIC_CENSUS_20260519_082140/01_DIRECTORIES_MAXDEPTH6.txt",13153,"2026-05-19 08:21:44.018858003 +0000"
"/root/IPHONE_LOCAL_STATIC_CENSUS_20260519_082140/02_FILES_MAXDEPTH6.txt",126809,"2026-05-19 08:21:47.208804412 +0000"
"/root/IPHONE_LOCAL_STATIC_CENSUS_20260519_082140/03_TITAN_SIGNAL_FILES.txt",36781,"2026-05-19 08:21:50.627738025 +0000"
"/root/IPHONE_LOCAL_STATIC_CENSUS_20260519_082140/04_ARCHIVES_DO_NOT_UNZIP.txt",6184,"2026-05-19 08:21:53.911625431 +0000"
"/root/IPHONE_LOCAL_STATIC_CENSUS_20260519_082140/05_REPORT_SHA256_REGISTER.txt",567,"2026-05-19 08:22:48.754427250 +0000"
"/root/IPHONE_STATIC_EXPORT_PACKET_FOR_MSI_20260516_075526/IPHONE_STATIC_EXPORT_PACKET_FOR_MSI_STATIC_ONLY_20260516_075526.csv",4926,"2026-05-16 07:55:29.242538548 +0000"
"/root/IPHONE_STATIC_EXPORT_PACKET_FOR_MSI_20260516_075526/IPHONE_STATIC_EXPORT_PACKET_FOR_MSI_STATIC_ONLY_HASH_20260516_075526.txt",588,"2026-05-16 07:55:29.304196788 +0000"
"/root/IPHONE_STATIC_EXPORT_PACKET_FOR_MSI_20260516_075526/IPHONE_STATIC_EXPORT_PACKET_FOR_MSI_STATIC_ONLY_REPORT_20260516_075526.txt",1299,"2026-05-16 07:55:29.276259823 +0000"
"/root/IPHONE_STATIC_EXPORT_PACKET_FOR_MSI_20260516_075526/IPHONE_STATIC_EXPORT_PACKET_FOR_MSI_STATIC_ONLY_SEAL_20260516_075526.txt",508,"2026-05-16 07:55:29.297331401 +0000"
"/root/IPHONE_STATIC_EXPORT_PACKET_FOR_MSI_20260516_075558.tar.gz",2339,"2026-05-16 08:18:08.740223340 +0000"
"/root/IPHONE_STATIC_EXPORT_PACKET_FOR_MSI_20260516_075558/IPHONE_STATIC_EXPORT_PACKET_FOR_MSI_STATIC_ONLY_20260516_075558.csv",7254,"2026-05-16 07:56:02.005127392 +0000"
"/root/IPHONE_STATIC_EXPORT_PACKET_FOR_MSI_20260516_075558/IPHONE_STATIC_EXPORT_PACKET_FOR_MSI_STATIC_ONLY_HASH_20260516_075558.txt",588,"2026-05-16 07:56:02.067219673 +0000"
"/root/IPHONE_STATIC_EXPORT_PACKET_FOR_MSI_20260516_075558/IPHONE_STATIC_EXPORT_PACKET_FOR_MSI_STATIC_ONLY_REPORT_20260516_075558.txt",1300,"2026-05-16 07:56:02.038942083 +0000"
"/root/IPHONE_STATIC_EXPORT_PACKET_FOR_MSI_20260516_075558/IPHONE_STATIC_EXPORT_PACKET_FOR_MSI_STATIC_ONLY_SEAL_20260516_075558.txt",509,"2026-05-16 07:56:02.060525326 +0000"
"/root/IPHONE_STATIC_EXPORT_PACKET_FOR_MSI_20260516_075558_TAR_SHA256.txt",131,"2026-05-16 08:18:08.750922837 +0000"
"/root/IPHONE_STATIC_EXPORT_PACKET_MANIFEST_ONLY_20260519_082406/01_REPORTS/01_IPHONE_SIGNAL_FILES_SHA256_MANIFEST.tsv",83213,"2026-05-19 08:24:34.958713444 +0000"
"/root/IPHONE_STATIC_EXPORT_PACKET_MANIFEST_ONLY_20260519_082406/01_REPORTS/02_IPHONE_ARCHIVES_DO_NOT_UNZIP_SHA256_MANIFEST.tsv",15636,"2026-05-19 08:24:40.606307919 +0000"
"/root/IPHONE_STATIC_EXPORT_PACKET_MANIFEST_ONLY_20260519_082406/01_REPORTS/03_IPHONE_STATIC_EXPORT_PACKET_COMBINED_MANIFEST.tsv",98814,"2026-05-19 08:24:40.618646078 +0000"
"/root/IPHONE_STATIC_EXPORT_PACKET_MANIFEST_ONLY_20260519_082406/01_REPORTS/04_IPHONE_STATIC_EXPORT_PACKET_MANIFEST_SUMMARY.md",884,"2026-05-19 08:24:40.670697410 +0000"
"/root/IPHONE_STATIC_EXPORT_PACKET_MANIFEST_ONLY_20260519_082406/02_MARKERS/IPHONE_STATIC_EXPORT_PACKET_MANIFEST_MARKER.txt",442,"2026-05-19 08:24:07.008195248 +0000"
"/root/IPHONE_STATIC_EXPORT_PACKET_MANIFEST_ONLY_20260519_082406/03_HASH_REGISTER/REPORT_SHA256_REGISTER.tsv",966,"2026-05-19 08:24:40.719952753 +0000"
"/root/IPHONE_STATIC_EXPORT_PACKET_MANIFEST_ONLY_20260519_082406_FOR_MSI.tar.gz",60411,"2026-05-19 08:30:29.381148173 +0000"
"/root/IPHONE_STATIC_EXPORT_PACKET_MANIFEST_ONLY_20260519_082406_FOR_MSI_SHA256.txt",145,"2026-05-19 08:30:29.391132812 +0000"
"/root/IPHONE_VISIBLE_DEEP_KNOWLEDGE_20260525_023004/IPHONE_FORMULA_FINANCE_STRATEGY_SIGNALS_20260525_023004.csv",92380,"2026-05-25 02:38:44.119351460 +0000"
"/root/IPHONE_VISIBLE_DEEP_KNOWLEDGE_20260525_023004/IPHONE_KNOWLEDGE_SIGNALS_20260525_023004.csv",107305,"2026-05-25 02:38:48.328219180 +0000"
"/root/IPHONE_VISIBLE_DEEP_KNOWLEDGE_20260525_023004/IPHONE_VISIBLE_FILE_METADATA_20260525_023004.csv",61396,"2026-05-25 02:39:07.461902073 +0000"
"/root/ISH_003_PROJECT_LAYER_STATIC_CENSUS_20260523_183737/ISH_003_HASH_REGISTER.txt",159,"2026-05-23 18:38:10.586023853 +0000"
"/root/ISH_003_PROJECT_LAYER_STATIC_CENSUS_20260523_183737/ISH_003_PROJECT_FILES_REGISTER.csv",196379,"2026-05-23 18:38:10.548046560 +0000"
"/root/ISH_003_PROJECT_LAYER_STATIC_CENSUS_20260523_183737/ISH_003_STATUS.txt",493,"2026-05-23 18:38:10.611779852 +0000"
"/root/ISH_003_PROJECT_LAYER_STATIC_CENSUS_20260523_183737/TARGET_PATHS.txt",121,"2026-05-23 18:37:37.918381068 +0000"
"/root/ISH_003_PROJECT_LAYER_STATIC_CENSUS_20260523_183840/ISH_003_PROJECT_FILES_REGISTER.csv",161223,"2026-05-23 18:39:09.794040309 +0000"
"/root/ISH_003_PROJECT_LAYER_STATIC_CENSUS_20260523_183840/TARGET_PATHS.txt",121,"2026-05-23 18:38:40.235650557 +0000"
"/root/ISH_003_PROJECT_LAYER_STATIC_CENSUS_20260523_183935/ISH_003_HASH_REGISTER.txt",159,"2026-05-23 18:40:20.693629353 +0000"
"/root/ISH_003_PROJECT_LAYER_STATIC_CENSUS_20260523_183935/ISH_003_PROJECT_FILES_REGISTER.csv",196379,"2026-05-23 18:40:08.828842371 +0000"
"/root/ISH_003_PROJECT_LAYER_STATIC_CENSUS_20260523_183935/ISH_003_STATUS.txt",493,"2026-05-23 18:40:20.719711742 +0000"
"/root/ISH_003_PROJECT_LAYER_STATIC_CENSUS_20260523_183935/TARGET_PATHS.txt",121,"2026-05-23 18:39:35.356980457 +0000"
"/root/ISH_004_CLASSIFY_IPHONE_TO_MSI_EXPORTS_AND_DELTA_CORE_20260523_184130/ISH_004_CLASSIFIED_REGISTER.csv",274459,"2026-05-23 18:48:49.568058691 +0000"
"/root/ISH_004_CLASSIFY_IPHONE_TO_MSI_EXPORTS_AND_DELTA_CORE_20260523_184130/ISH_004_HASH_REGISTER.txt",174,"2026-05-23 18:48:49.614748663 +0000"
"/root/ISH_004_CLASSIFY_IPHONE_TO_MSI_EXPORTS_AND_DELTA_CORE_20260523_184130/ISH_004_SUMMARY.txt",1154,"2026-05-23 18:48:50.063193239 +0000"
"/root/ISH_005_EXPORT_CLASSIFICATION_STATUS_FOR_BIG_UNITY_COMPARE_20260523_185017/ISH_005_ALL_CLASSIFIED_NAMES.csv",225815,"2026-05-23 18:50:53.597677916 +0000"
"/root/ISH_005_EXPORT_CLASSIFICATION_STATUS_FOR_BIG_UNITY_COMPARE_20260523_185017/ISH_005_ARCHIVE_TAR_GZ_NAMES.csv",18763,"2026-05-23 18:51:04.560505608 +0000"
"/root/ISH_005_EXPORT_CLASSIFICATION_STATUS_FOR_BIG_UNITY_COMPARE_20260523_185017/ISH_005_CMU_CENSUS_NAMES.csv",37846,"2026-05-23 18:51:03.935495182 +0000"
"/root/ISH_005_EXPORT_CLASSIFICATION_STATUS_FOR_BIG_UNITY_COMPARE_20260523_185017/ISH_005_DELTA_CORE_NAMES.csv",2379,"2026-05-23 18:51:04.147997366 +0000"
"/root/ISH_005_EXPORT_CLASSIFICATION_STATUS_FOR_BIG_UNITY_COMPARE_20260523_185017/ISH_005_HASH_REGISTER.txt",1610,"2026-05-23 18:51:04.730540847 +0000"
"/root/ISH_005_EXPORT_CLASSIFICATION_STATUS_FOR_BIG_UNITY_COMPARE_20260523_185017/ISH_005_MSI_EXPORT_NAMES.csv",737,"2026-05-23 18:51:04.334334260 +0000"
"/root/ISH_005_EXPORT_CLASSIFICATION_STATUS_FOR_BIG_UNITY_COMPARE_20260523_185017/ISH_005_RUNTIME_BLOCKED_NAMES.csv",6292,"2026-05-23 18:51:04.453427331 +0000"
"/root/ISH_005_EXPORT_CLASSIFICATION_STATUS_FOR_BIG_UNITY_COMPARE_20260523_185017/ISH_005_STATUS.txt",1481,"2026-05-23 18:51:04.765440359 +0000"
"/root/ISH_005_EXPORT_CLASSIFICATION_STATUS_FOR_BIG_UNITY_COMPARE_20260523_185017/ISH_005_TITAN_DOCUMENTS_NAMES.csv",72851,"2026-05-23 18:51:03.909743349 +0000"
"/root/ISH_005_EXPORT_CLASSIFICATION_STATUS_FOR_BIG_UNITY_COMPARE_20260523_185017/ISH_005_TOKENS_SIGNALS_NAMES.csv",7274,"2026-05-23 18:51:04.123997569 +0000"
"/root/ISH_005_EXPORT_CLASSIFICATION_STATUS_FOR_BIG_UNITY_COMPARE_20260523_185017/ISH_005_UNKNOWN_REVIEW_NAMES.csv",79925,"2026-05-23 18:51:04.669040714 +0000"
"/root/ISH_IPHONE_MEDIA_RADAR_20260524_144342/00_CONTROL/ISH_MEDIA_ROUTING_REGISTER.csv",10410,"2026-05-24 14:52:47.793918907 +0000"
"/root/ISH_IPHONE_MEDIA_RADAR_20260524_144342/01_INVENTORY/ISH_MEDIA_INVENTORY.csv",8362,"2026-05-24 14:52:47.815383967 +0000"
"/root/ISH_IPHONE_MEDIA_RADAR_20260524_144342/02_DUPLICATE_REVIEW/ISH_MEDIA_SHA256_REGISTER.csv",12112,"2026-05-24 14:52:47.777308582 +0000"
"/root/ISH_IPHONE_MEDIA_SAFE_RADAR_20260524_145505/00_CONTROL/ISH_MEDIA_ROUTE_REGISTER.csv",19786,"2026-05-24 14:56:23.087427771 +0000"
"/root/ISH_IPHONE_MEDIA_SAFE_RADAR_20260524_145505/01_INVENTORY/ISH_MEDIA_INVENTORY.csv",14803,"2026-05-24 14:56:23.106525463 +0000"
"/root/ISH_IPHONE_MEDIA_SAFE_RADAR_20260524_145505/02_DUPLICATE_REVIEW/ISH_MEDIA_SHA256_REGISTER.csv",23442,"2026-05-24 14:56:23.079021255 +0000"
"/root/ISH_IPHONE_MEDIA_SAFE_RADAR_20260524_145858/00_CONTROL/ISH_MEDIA_ROUTE_REGISTER.csv",1538,"2026-05-24 14:59:03.728081914 +0000"
"/root/ISH_IPHONE_MEDIA_SAFE_RADAR_20260524_145858/01_INVENTORY/ISH_MEDIA_INVENTORY.csv",1218,"2026-05-24 14:59:03.747640897 +0000"
"/root/ISH_IPHONE_MEDIA_SAFE_RADAR_20260524_145858/02_DUPLICATE_REVIEW/ISH_MEDIA_SHA256_REGISTER.csv",1848,"2026-05-24 14:59:03.715071927 +0000"
"/root/TITAN_SIMPLE_SEARCH.txt",0,"2026-05-10 10:48:28.241137542 +0000"
"/root/TITAN_TOKENS_I_SIGNALI.txt",0,"2026-05-10 10:46:58.091815381 +0000"
"/root/done",0,"2026-05-23 01:31:22.867008952 +0000"
"/root/iphone_manifest_for_msi.tar.gz",60411,"2026-05-19 08:43:31.314800603 +0000"
"/root/iphone_manifest_for_msi_sha256.txt",145,"2026-05-19 08:43:31.325437438 +0000"
"/root/sha256sum",0,"2026-05-23 01:31:22.863074830 +0000"
