FILE_PATH,LINE_NO,SIGNAL_CLASS,SIGNAL_TEXT
"/Volumes/DANIJELA HARD DISK/MEC_CMU_MACBOOK_BACKUP_VAULT/26_IPHONE_METADATA_KNOWLEDGE_NODE/00_TICKET_20260525_022721/IPHONE_METADATA_EXTRACTION_TICKET_20260525_022721.txt",24,"FORMULA_OR_FINANCE","No jailbreak assumption."
"/Volumes/DANIJELA HARD DISK/MEC_CMU_MACBOOK_BACKUP_VAULT/26_IPHONE_METADATA_KNOWLEDGE_NODE/00_TICKET_20260525_022721/IPHONE_METADATA_EXTRACTION_TICKET_20260525_022721.txt",27,"REPAIR_OR_GUARDRAIL","No runtime."
"/Volumes/DANIJELA HARD DISK/MEC_CMU_MACBOOK_BACKUP_VAULT/26_IPHONE_METADATA_KNOWLEDGE_NODE/00_TICKET_20260525_022721/IPHONE_METADATA_EXTRACTION_TICKET_20260525_022721.txt",29,"REPAIR_OR_GUARDRAIL","No delete."
"/Volumes/DANIJELA HARD DISK/MEC_CMU_MACBOOK_BACKUP_VAULT/26_IPHONE_METADATA_KNOWLEDGE_NODE/00_TICKET_20260525_022721/IPHONE_METADATA_EXTRACTION_TICKET_20260525_022721.txt",32,"REPAIR_OR_GUARDRAIL","No automatic healing."
"/Volumes/DANIJELA HARD DISK/MEC_CMU_MACBOOK_BACKUP_VAULT/26_IPHONE_METADATA_KNOWLEDGE_NODE/00_TICKET_20260525_022721/IPHONE_METADATA_EXTRACTION_TICKET_20260525_022721.txt",34,"REPAIR_OR_GUARDRAIL","GUARDRAILS:"
"/Volumes/DANIJELA HARD DISK/MEC_CMU_MACBOOK_BACKUP_VAULT/26_IPHONE_METADATA_KNOWLEDGE_NODE/00_TICKET_20260525_022721/IPHONE_METADATA_EXTRACTION_TICKET_20260525_022721.txt",36,"REPAIR_OR_GUARDRAIL","IPHONE_RUNTIME_DONE=NO"
"/Volumes/DANIJELA HARD DISK/MEC_CMU_MACBOOK_BACKUP_VAULT/26_IPHONE_METADATA_KNOWLEDGE_NODE/00_TICKET_20260525_022721/IPHONE_METADATA_SCHEMA_MASTER_20260525_022721.csv",12,"FORMULA_OR_FINANCE","KNOWLEDGE_SIGNAL,NO,Formula/guardrail/repair/text signal,guardrail_found"
"/Volumes/DANIJELA HARD DISK/MEC_CMU_MACBOOK_BACKUP_VAULT/26_IPHONE_METADATA_KNOWLEDGE_NODE/00_TICKET_20260525_022721/IPHONE_METADATA_SCHEMA_MASTER_20260525_022721.csv",12,"REPAIR_OR_GUARDRAIL","KNOWLEDGE_SIGNAL,NO,Formula/guardrail/repair/text signal,guardrail_found"
"/Volumes/DANIJELA HARD DISK/MEC_CMU_MACBOOK_BACKUP_VAULT/26_IPHONE_METADATA_KNOWLEDGE_NODE/00_TICKET_20260525_022721/IPHONE_METADATA_SCHEMA_MASTER_20260525_022721.csv",14,"REPAIR_OR_GUARDRAIL","RUNTIME_ALLOWED,YES,Always NO,NO"
"/Volumes/DANIJELA HARD DISK/MEC_CMU_MACBOOK_BACKUP_VAULT/26_IPHONE_METADATA_KNOWLEDGE_NODE/00_TICKET_20260525_022721/IPHONE_METADATA_TICKET_SHA_REPAIR_STATUS_20260525_022818.txt",1,"REPAIR_OR_GUARDRAIL","IPHONE_METADATA_TICKET_SHA_REPAIR_STATUS"
"/Volumes/DANIJELA HARD DISK/MEC_CMU_MACBOOK_BACKUP_VAULT/26_IPHONE_METADATA_KNOWLEDGE_NODE/00_TICKET_20260525_022721/IPHONE_METADATA_TICKET_SHA_REPAIR_STATUS_20260525_022818.txt",5,"REPAIR_OR_GUARDRAIL","IPHONE_TICKET_SHA_REPAIR_CREATED=YES"
"/Volumes/DANIJELA HARD DISK/MEC_CMU_MACBOOK_BACKUP_VAULT/26_IPHONE_METADATA_KNOWLEDGE_NODE/00_TICKET_20260525_022721/IPHONE_METADATA_TICKET_SHA_REPAIR_STATUS_20260525_022818.txt",8,"REPAIR_OR_GUARDRAIL","HASH_REPAIR=/Volumes/DANIJELA HARD DISK/MEC_CMU_MACBOOK_BACKUP_VAULT/26_IPHONE_METADATA_KNOWLEDGE_NODE/00_TICKET_20260525_022721/IPHONE_METADATA_TICKET_SHA256_REPAIR_20260525_022818.csv"
"/Volumes/DANIJELA HARD DISK/MEC_CMU_MACBOOK_BACKUP_VAULT/26_IPHONE_METADATA_KNOWLEDGE_NODE/00_TICKET_20260525_022721/IPHONE_METADATA_TICKET_SHA_REPAIR_STATUS_20260525_022818.txt",13,"REPAIR_OR_GUARDRAIL","GUARDRAILS:"
"/Volumes/DANIJELA HARD DISK/MEC_CMU_MACBOOK_BACKUP_VAULT/26_IPHONE_METADATA_KNOWLEDGE_NODE/00_TICKET_20260525_022721/IPHONE_METADATA_TICKET_SHA_REPAIR_STATUS_20260525_022818.txt",14,"REPAIR_OR_GUARDRAIL","HASH_REPAIR_ONLY=YES"
"/Volumes/DANIJELA HARD DISK/MEC_CMU_MACBOOK_BACKUP_VAULT/26_IPHONE_METADATA_KNOWLEDGE_NODE/00_TICKET_20260525_022721/IPHONE_METADATA_TICKET_SHA_REPAIR_STATUS_20260525_022818.txt",16,"REPAIR_OR_GUARDRAIL","IPHONE_RUNTIME_DONE=NO"
"/root/ALPINE_IPHONE_STORAGE_CENSUS_20260524_144342.txt",3,"REPAIR_OR_GUARDRAIL","Guardrails: READ_ONLY / NO_DELETE / NO_MOVE / NO_RENAME"
"/root/ALPINE_IPHONE_STORAGE_CENSUS_20260524_144342.txt",92,"FORMULA_OR_FINANCE","drwxr-xr-x    2 501      501          128 May 20 20:34 01. DELTA REAL-TIME SSOT GENERATION POPLINE "
"/root/ALPINE_IPHONE_STORAGE_CENSUS_20260524_144342.txt",94,"FORMULA_OR_FINANCE","-rw-r--r--    1 501      501        36.2K May 10 19:32 ANEKS_1_REVIZIJA_CAPEX_TITAN1_2026-05-10.docx"
"/root/ALPINE_IPHONE_STORAGE_CENSUS_20260524_144342.txt",95,"FORMULA_OR_FINANCE","-rw-r--r--    1 501      501        36.8K May 10 19:39 ANEKS_1_REVIZIJA_CAPEX_TITAN1_EU_BRAND_2026-05-10.docx"
"/root/ALPINE_IPHONE_STORAGE_CENSUS_20260524_144342.txt",96,"FORMULA_OR_FINANCE","-rw-r--r--    1 501      501        36.9K May 10 19:40 ANEKS_1_REVIZIJA_CAPEX_TITAN1_EU_FOOTER_2026-05-10.docx"
"/root/ALPINE_IPHONE_STORAGE_CENSUS_20260524_144342.txt",97,"FORMULA_OR_FINANCE","-rw-r--r--    1 501      501        36.5K May 10 19:43 ANEKS_1_REVIZIJA_CAPEX_TITAN1_FINAL_2026-05-10.docx"
"/root/ALPINE_IPHONE_STORAGE_CENSUS_20260524_144342.txt",98,"FORMULA_OR_FINANCE","-rw-r--r--    1 501      501        37.3K May 10 19:43 ANEKS_1_REVIZIJA_CAPEX_TITAN1_IMPROVED_2026-05-10.docx"
"/root/ALPINE_IPHONE_STORAGE_CENSUS_20260524_144342.txt",99,"FORMULA_OR_FINANCE","-rw-r--r--    1 501      501        36.5K May 10 19:44 ANEKS_1_REVIZIJA_CAPEX_TITAN1_INSTITUTIONAL_FINAL_2026-05-10.docx"
"/root/ALPINE_IPHONE_STORAGE_CENSUS_20260524_144342.txt",99,"STRATEGIC_PILLAR","-rw-r--r--    1 501      501        36.5K May 10 19:44 ANEKS_1_REVIZIJA_CAPEX_TITAN1_INSTITUTIONAL_FINAL_2026-05-10.docx"
"/root/ALPINE_IPHONE_STORAGE_CENSUS_20260524_144342.txt",100,"FORMULA_OR_FINANCE","-rw-r--r--    1 501      501        36.6K May 10 19:45 ANEKS_1_REVIZIJA_CAPEX_TITAN1_INSTITUTIONAL_ULTRA_2026-05-10.docx"
"/root/ALPINE_IPHONE_STORAGE_CENSUS_20260524_144342.txt",100,"STRATEGIC_PILLAR","-rw-r--r--    1 501      501        36.6K May 10 19:45 ANEKS_1_REVIZIJA_CAPEX_TITAN1_INSTITUTIONAL_ULTRA_2026-05-10.docx"
"/root/ALPINE_IPHONE_STORAGE_CENSUS_20260524_144342.txt",101,"FORMULA_OR_FINANCE","-rw-r--r--    1 501      501        37.2K May 11 07:10 ANEKS_1_REVIZIJA_CAPEX_TITAN1_PROFESSIONAL_FINAL_2026-05-10.docx"
"/root/ALPINE_IPHONE_STORAGE_CENSUS_20260524_144342.txt",102,"FORMULA_OR_FINANCE","-rw-r--r--    1 501      501        36.2K May 11 06:50 ANEKS_1_REVIZIJA_CAPEX_TITAN1_v4_2026-05-10.docx"
"/root/ALPINE_IPHONE_STORAGE_CENSUS_20260524_144342.txt",108,"FORMULA_OR_FINANCE","drwxr-xr-x    2 501      501          384 Mar 15 23:42 Finansiski model "
"/root/ALPINE_IPHONE_STORAGE_CENSUS_20260524_144342.txt",159,"STRATEGIC_PILLAR","/root/DELTA_LENOVO_CENTRAL/00_IPHONE_NOTES_PRIORITY_INTAKE"
"/root/ALPINE_IPHONE_STORAGE_CENSUS_20260524_144342.txt",179,"FORMULA_OR_FINANCE","/root/Documents/01. DELTA REAL-TIME SSOT GENERATION POPLINE "
"/root/ALPINE_IPHONE_STORAGE_CENSUS_20260524_144342.txt",186,"FORMULA_OR_FINANCE","/root/Documents/Finansiski model "
"/root/CMU_IPHONE_CENSUS/01_CMU_SIGNAL_PATHS.txt",109,"STRATEGIC_PILLAR","/usr/lib/python3.9/lib-dynload/_testmultiphase.cpython-39-i386-linux-musl.so"
"/root/CMU_IPHONE_CENSUS/01_CMU_SIGNAL_PATHS.txt",140,"FORMULA_OR_FINANCE","/root/Documents/Exeli/TITAN_Grid_Model_v6_Clean.xlsx"
"/root/CMU_IPHONE_CENSUS/01_CMU_SIGNAL_PATHS.txt",146,"STRATEGIC_PILLAR","/root/Documents/Exeli/ORG-001_TITAN_Grid_Governance_v4.xlsx"
"/root/CMU_IPHONE_CENSUS/01_CMU_SIGNAL_PATHS.txt",148,"STRATEGIC_PILLAR","/root/Documents/Exeli/ORG-024_TITAN_Grid_Strategic_Expansion_v4.xlsx"
"/root/CMU_IPHONE_CENSUS/01_CMU_SIGNAL_PATHS.txt",149,"FORMULA_OR_FINANCE","/root/Documents/Exeli/TITAN_Grid_Financial_Model_v2_0.xlsx"
"/root/CMU_IPHONE_CENSUS/01_CMU_SIGNAL_PATHS.txt",155,"STRATEGIC_PILLAR","/root/Documents/Exeli/ORG-019_TITAN_Grid_Strategic_Deck_v4.xlsx"
"/root/CMU_IPHONE_CENSUS/01_CMU_SIGNAL_PATHS.txt",157,"FORMULA_OR_FINANCE","/root/Documents/Exeli/TITAN_Grid_Lender_Model_v6_1.xlsx"
"/root/CMU_IPHONE_CENSUS/01_CMU_SIGNAL_PATHS.txt",157,"STRATEGIC_PILLAR","/root/Documents/Exeli/TITAN_Grid_Lender_Model_v6_1.xlsx"
"/root/CMU_IPHONE_CENSUS/01_CMU_SIGNAL_PATHS.txt",163,"STRATEGIC_PILLAR","/root/Documents/Exeli/Titan_Grid_Value_Proposition_v6_Board_Lender_Submission_Pack_clean.docx"
"/root/CMU_IPHONE_CENSUS/01_CMU_SIGNAL_PATHS.txt",165,"STRATEGIC_PILLAR","/root/Documents/Exeli/ORG-007_TITAN_Grid_Strategic_Positioning_v4.xlsx"
"/root/CMU_IPHONE_CENSUS/01_CMU_SIGNAL_PATHS.txt",171,"FORMULA_OR_FINANCE","/root/Documents/Exeli/TITAN_Grid_Financial_Model_5_Sheets.xlsx"
"/root/CMU_IPHONE_CENSUS/01_CMU_SIGNAL_PATHS.txt",172,"STRATEGIC_PILLAR","/root/Documents/Exeli/Titan_Grid_v6_2_Live_Lender_Linkage_Pack.xlsx"
"/root/CMU_IPHONE_CENSUS/01_CMU_SIGNAL_PATHS.txt",173,"FORMULA_OR_FINANCE","/root/Documents/Exeli/TITAN_Grid_Financial_Model_CSV_Exports.zip"
"/root/CMU_IPHONE_CENSUS/01_CMU_SIGNAL_PATHS.txt",177,"FORMULA_OR_FINANCE","/root/Documents/Exeli/ORG-024_TITAN_Grid_Financial_Snapshot_v4.xlsx"
"/root/CMU_IPHONE_CENSUS/01_CMU_SIGNAL_PATHS.txt",182,"STRATEGIC_PILLAR","/root/Documents/Exeli/TITAN_GRID_v5_Full_Lender_Closing_Book.pdf"
"/root/CMU_IPHONE_CENSUS/01_CMU_SIGNAL_PATHS.txt",196,"FORMULA_OR_FINANCE","/root/Documents/003 DELTA/TITAN_98_99_100_Final_Orchestration_Boundary_v1.zip"
"/root/CMU_IPHONE_CENSUS/01_CMU_SIGNAL_PATHS.txt",208,"STRATEGIC_PILLAR","/root/Documents/003 DELTA/001. Skripte manual/Novo 1/Novo 3/TITAN_FORENSIC_REVISION_MASTER_v33_GOVERNANCE_JSON_ARTIFACT_PACK.docx"
"/root/CMU_IPHONE_CENSUS/01_CMU_SIGNAL_PATHS.txt",209,"STRATEGIC_PILLAR","/root/Documents/003 DELTA/001. Skripte manual/Novo 1/Novo 3/TITAN_GOVERNANCE_JSON_STARTER_PACK_v1.zip"
"/root/CMU_IPHONE_CENSUS/01_CMU_SIGNAL_PATHS.txt",215,"STRATEGIC_PILLAR","/root/Documents/003 DELTA/001. Skripte manual/Novo 1/Novo 2/TITAN_FORENSIC_REVISION_MASTER_v29_FINAL_CONSOLIDATED_INDEX_ROADMAP.docx"
"/root/CMU_IPHONE_CENSUS/01_CMU_SIGNAL_PATHS.txt",219,"STRATEGIC_PILLAR","/root/Documents/003 DELTA/001. Skripte manual/Novo 1/Novo 2/TITAN_GOVERNANCE_JSON_STARTER_PACK_v1.zip"
"/root/CMU_IPHONE_CENSUS/01_CMU_SIGNAL_PATHS.txt",221,"STRATEGIC_PILLAR","/root/Documents/003 DELTA/001. Skripte manual/Novo 1/Novo 2/TITAN_FORENSIC_REVISION_MASTER_v32_GOVERNANCE_JSON_STARTER_PACK.docx"
"/root/CMU_IPHONE_CENSUS/01_CMU_SIGNAL_PATHS.txt",222,"STRATEGIC_PILLAR","/root/Documents/003 DELTA/001. Skripte manual/Novo 1/Novo 2/TITAN_FORENSIC_REVISION_MASTER_v31_GOVERNANCE_FILES_BLUEPRINT_PACK.docx"
"/root/CMU_IPHONE_CENSUS/01_CMU_SIGNAL_PATHS.txt",234,"FORMULA_OR_FINANCE","/root/Documents/003 DELTA/001. Skripte manual/TITAN_FORENSIC_REVISION_MASTER_v3_SCRIPT_01_SYSTEM_MIGRATION.docx"
"/root/CMU_IPHONE_CENSUS/01_CMU_SIGNAL_PATHS.txt",242,"REPAIR_OR_GUARDRAIL","/root/Documents/003 DELTA/TITAN_107_108_109_NonUse_BlockedOps_DoNotRun_v1.zip"
"/root/CMU_IPHONE_CENSUS/01_CMU_SIGNAL_PATHS.txt",272,"STRATEGIC_PILLAR","/root/Documents/003 DELTA/TITAN_22_23_24_Review_Governance_Audit_v1.zip"
"/root/CMU_IPHONE_CENSUS/01_CMU_SIGNAL_PATHS.txt",274,"STRATEGIC_PILLAR","/root/Documents/003 DELTA/TITAN_77_78_79_AuditBoard_Dissent_DecisionLedger_v1.zip"
"/root/CMU_IPHONE_CENSUS/01_CMU_SIGNAL_PATHS.txt",276,"FORMULA_OR_FINANCE","/root/Documents/003 DELTA/TITAN_06_17_18_Integrity_Evidence_Weight_v1.zip"
"/root/CMU_IPHONE_CENSUS/01_CMU_SIGNAL_PATHS.txt",286,"FORMULA_OR_FINANCE","/root/Documents/003 DELTA/TITAN_89_89A_89B_Transition_To_Orchestration_v1.zip"
"/root/CMU_IPHONE_CENSUS/01_CMU_SIGNAL_PATHS.txt",291,"FORMULA_OR_FINANCE","/root/Documents/ANEKS_1_REVIZIJA_CAPEX_TITAN1_IMPROVED_2026-05-10.docx"
"/root/CMU_IPHONE_CENSUS/01_CMU_SIGNAL_PATHS.txt",323,"FORMULA_OR_FINANCE","/root/Documents/IZVOZ_ZA_WINDOWS/ANEKS_1_REVIZIJA_CAPEX_TITAN1_INSTITUTIONAL_ULTRA_2026-05-10.docx"
"/root/CMU_IPHONE_CENSUS/01_CMU_SIGNAL_PATHS.txt",323,"STRATEGIC_PILLAR","/root/Documents/IZVOZ_ZA_WINDOWS/ANEKS_1_REVIZIJA_CAPEX_TITAN1_INSTITUTIONAL_ULTRA_2026-05-10.docx"
"/root/CMU_IPHONE_CENSUS/01_CMU_SIGNAL_PATHS.txt",325,"FORMULA_OR_FINANCE","/root/Documents/ANEKS_1_REVIZIJA_CAPEX_TITAN1_v4_2026-05-10.docx"
"/root/CMU_IPHONE_CENSUS/01_CMU_SIGNAL_PATHS.txt",326,"FORMULA_OR_FINANCE","/root/Documents/ANEKS_1_REVIZIJA_CAPEX_TITAN1_2026-05-10.docx"
"/root/CMU_IPHONE_CENSUS/01_CMU_SIGNAL_PATHS.txt",327,"FORMULA_OR_FINANCE","/root/Documents/ANEKS_1_REVIZIJA_CAPEX_TITAN1_INSTITUTIONAL_FINAL_2026-05-10.docx"
"/root/CMU_IPHONE_CENSUS/01_CMU_SIGNAL_PATHS.txt",327,"STRATEGIC_PILLAR","/root/Documents/ANEKS_1_REVIZIJA_CAPEX_TITAN1_INSTITUTIONAL_FINAL_2026-05-10.docx"
"/root/CMU_IPHONE_CENSUS/01_CMU_SIGNAL_PATHS.txt",328,"FORMULA_OR_FINANCE","/root/Documents/01. DELTA REAL-TIME SSOT GENERATION POPLINE "
"/root/CMU_IPHONE_CENSUS/01_CMU_SIGNAL_PATHS.txt",329,"FORMULA_OR_FINANCE","/root/Documents/01. DELTA REAL-TIME SSOT GENERATION POPLINE /DELTA_SSOT_SIGNAL_TO_DOCUMENT_GOVERNANCE_MAP.csv"
"/root/CMU_IPHONE_CENSUS/01_CMU_SIGNAL_PATHS.txt",329,"STRATEGIC_PILLAR","/root/Documents/01. DELTA REAL-TIME SSOT GENERATION POPLINE /DELTA_SSOT_SIGNAL_TO_DOCUMENT_GOVERNANCE_MAP.csv"
"/root/CMU_IPHONE_CENSUS/01_CMU_SIGNAL_PATHS.txt",330,"FORMULA_OR_FINANCE","/root/Documents/01. DELTA REAL-TIME SSOT GENERATION POPLINE /README_DELTA_SSOT_SIGNAL_TO_DOCUMENT_GOVERNANCE_MAP.md"
"/root/CMU_IPHONE_CENSUS/01_CMU_SIGNAL_PATHS.txt",330,"STRATEGIC_PILLAR","/root/Documents/01. DELTA REAL-TIME SSOT GENERATION POPLINE /README_DELTA_SSOT_SIGNAL_TO_DOCUMENT_GOVERNANCE_MAP.md"
"/root/CMU_IPHONE_CENSUS/01_CMU_SIGNAL_PATHS.txt",369,"FORMULA_OR_FINANCE","/root/Documents/TITAN FINAL/Arhiva informacija/07. Gemini analize/Strateški model akvizicije ECO-a.pdf"
"/root/CMU_IPHONE_CENSUS/01_CMU_SIGNAL_PATHS.txt",388,"STRATEGIC_PILLAR","/root/Documents/TITAN FINAL/Arhiva informacija/06. Chek documents /Influence_Strategy_Combined.xlsx"
"/root/CMU_IPHONE_CENSUS/01_CMU_SIGNAL_PATHS.txt",444,"FORMULA_OR_FINANCE","/root/Documents/TITAN FINAL/28.03/VBA Script Review: DSCR & IRR Calculator.docx"
"/root/CMU_IPHONE_CENSUS/01_CMU_SIGNAL_PATHS.txt",452,"STRATEGIC_PILLAR","/root/Documents/TITAN FINAL/03.03/TITAN_Central_Brain_Governance_Export.xlsx"
"/root/CMU_IPHONE_CENSUS/01_CMU_SIGNAL_PATHS.txt",457,"FORMULA_OR_FINANCE","/root/Documents/TITAN FINAL/03.03/TITAN_IC_Pack_v2_LiveModel.pptx"
"/root/CMU_IPHONE_CENSUS/01_CMU_SIGNAL_PATHS.txt",462,"FORMULA_OR_FINANCE","/root/Documents/TITAN FINAL/03.03/TITAN_Central_Brain_v7_2_Lender_Model.xlsx"
"/root/CMU_IPHONE_CENSUS/01_CMU_SIGNAL_PATHS.txt",462,"STRATEGIC_PILLAR","/root/Documents/TITAN FINAL/03.03/TITAN_Central_Brain_v7_2_Lender_Model.xlsx"
"/root/CMU_IPHONE_CENSUS/01_CMU_SIGNAL_PATHS.txt",465,"STRATEGIC_PILLAR","/root/Documents/TITAN FINAL/03.03/TITAN_Central_Brain_v6_2_Lender_Grade.xlsx"
"/root/CMU_IPHONE_CENSUS/01_CMU_SIGNAL_PATHS.txt",468,"FORMULA_OR_FINANCE","/root/Documents/TITAN FINAL/03.03/bank_grade_eco_ars_3tab_model.xlsx"
"/root/CMU_IPHONE_CENSUS/01_CMU_SIGNAL_PATHS.txt",469,"FORMULA_OR_FINANCE","/root/Documents/TITAN FINAL/03.03/TITAN_model_full_integration.xlsx"
"/root/CMU_IPHONE_CENSUS/01_CMU_SIGNAL_PATHS.txt",476,"FORMULA_OR_FINANCE","/root/Documents/TITAN FINAL/03.03/ECO_Transformer_Bank_Grade_Sensitivity_Model_v1.xlsx"
"/root/CMU_IPHONE_CENSUS/01_CMU_SIGNAL_PATHS.txt",479,"STRATEGIC_PILLAR","/root/Documents/TITAN FINAL/27.03/TITAN_Central_Brain_v6_1_Institutional.xlsx"
"/root/CMU_IPHONE_CENSUS/01_CMU_SIGNAL_PATHS.txt",481,"FORMULA_OR_FINANCE","/root/Documents/TITAN FINAL/27.03/TITAN_Data_Room_v6_3_Automated/12_GRANTS"
"/root/CMU_IPHONE_CENSUS/01_CMU_SIGNAL_PATHS.txt",482,"FORMULA_OR_FINANCE","/root/Documents/TITAN FINAL/27.03/TITAN_Data_Room_v6_3_Automated/12_GRANTS/GR-03_WBIF_Eligibility.md"
"/root/CMU_IPHONE_CENSUS/01_CMU_SIGNAL_PATHS.txt",483,"FORMULA_OR_FINANCE","/root/Documents/TITAN FINAL/27.03/TITAN_Data_Room_v6_3_Automated/12_GRANTS/GR-05_Turkey_Industrial_Support.md"
"/root/CMU_IPHONE_CENSUS/01_CMU_SIGNAL_PATHS.txt",484,"FORMULA_OR_FINANCE","/root/Documents/TITAN FINAL/27.03/TITAN_Data_Room_v6_3_Automated/12_GRANTS/GR-09_Grant_Risk_Register.md"
"/root/CMU_IPHONE_CENSUS/01_CMU_SIGNAL_PATHS.txt",485,"FORMULA_OR_FINANCE","/root/Documents/TITAN FINAL/27.03/TITAN_Data_Room_v6_3_Automated/12_GRANTS/GR-04_Montenegro_Incentives.md"
"/root/CMU_IPHONE_CENSUS/01_CMU_SIGNAL_PATHS.txt",486,"FORMULA_OR_FINANCE","/root/Documents/TITAN FINAL/27.03/TITAN_Data_Room_v6_3_Automated/12_GRANTS/GR-08_Grant_Document_Checklist.md"
"/root/CMU_IPHONE_CENSUS/01_CMU_SIGNAL_PATHS.txt",487,"FORMULA_OR_FINANCE","/root/Documents/TITAN FINAL/27.03/TITAN_Data_Room_v6_3_Automated/12_GRANTS/GR-07_Grant_Compliance.md"
"/root/CMU_IPHONE_CENSUS/01_CMU_SIGNAL_PATHS.txt",488,"FORMULA_OR_FINANCE","/root/Documents/TITAN FINAL/27.03/TITAN_Data_Room_v6_3_Automated/12_GRANTS/GR-06_Grant_Timing_Model.md"
"/root/CMU_IPHONE_CENSUS/01_CMU_SIGNAL_PATHS.txt",489,"FORMULA_OR_FINANCE","/root/Documents/TITAN FINAL/27.03/TITAN_Data_Room_v6_3_Automated/12_GRANTS/GR-01_Grant_Strategy_Overview.md"
"/root/CMU_IPHONE_CENSUS/01_CMU_SIGNAL_PATHS.txt",489,"STRATEGIC_PILLAR","/root/Documents/TITAN FINAL/27.03/TITAN_Data_Room_v6_3_Automated/12_GRANTS/GR-01_Grant_Strategy_Overview.md"
"/root/CMU_IPHONE_CENSUS/01_CMU_SIGNAL_PATHS.txt",490,"FORMULA_OR_FINANCE","/root/Documents/TITAN FINAL/27.03/TITAN_Data_Room_v6_3_Automated/12_GRANTS/GR-02_EU_IPA_Documentation.md"
"/root/CMU_IPHONE_CENSUS/01_CMU_SIGNAL_PATHS.txt",499,"FORMULA_OR_FINANCE","/root/Documents/TITAN FINAL/27.03/TITAN_Data_Room_v6_3_Automated/03_MARKET_ANALYSIS/MKT-10_Commercial_Assumptions_Register.md"
"/root/CMU_IPHONE_CENSUS/01_CMU_SIGNAL_PATHS.txt",504,"FORMULA_OR_FINANCE","/root/Documents/TITAN FINAL/27.03/TITAN_Data_Room_v6_3_Automated/18_AUDIT/AUD-01_Financial_Audit.md"
"/root/CMU_IPHONE_CENSUS/01_CMU_SIGNAL_PATHS.txt",506,"FORMULA_OR_FINANCE","/root/Documents/TITAN FINAL/27.03/TITAN_Data_Room_v6_3_Automated/18_AUDIT/AUD-04_Model_Audit_Report.md"
"/root/CMU_IPHONE_CENSUS/01_CMU_SIGNAL_PATHS.txt",528,"FORMULA_OR_FINANCE","/root/Documents/TITAN FINAL/27.03/TITAN_Data_Room_v6_3_Automated/01_EXECUTIVE/EXE-06_Strategic_Rationale.md"
"/root/CMU_IPHONE_CENSUS/01_CMU_SIGNAL_PATHS.txt",528,"STRATEGIC_PILLAR","/root/Documents/TITAN FINAL/27.03/TITAN_Data_Room_v6_3_Automated/01_EXECUTIVE/EXE-06_Strategic_Rationale.md"
"/root/CMU_IPHONE_CENSUS/01_CMU_SIGNAL_PATHS.txt",539,"FORMULA_OR_FINANCE","/root/Documents/TITAN FINAL/27.03/TITAN_Data_Room_v6_3_Automated/13_RISK/RISK-02_CAPEX_Risk.md"
"/root/CMU_IPHONE_CENSUS/01_CMU_SIGNAL_PATHS.txt",541,"FORMULA_OR_FINANCE","/root/Documents/TITAN FINAL/27.03/TITAN_Data_Room_v6_3_Automated/13_RISK/RISK-06_Operational_Risk.md"
"/root/CMU_IPHONE_CENSUS/01_CMU_SIGNAL_PATHS.txt",546,"FORMULA_OR_FINANCE","/root/Documents/TITAN FINAL/27.03/TITAN_Data_Room_v6_3_Automated/06_CAPEX"
"/root/CMU_IPHONE_CENSUS/01_CMU_SIGNAL_PATHS.txt",547,"FORMULA_OR_FINANCE","/root/Documents/TITAN FINAL/27.03/TITAN_Data_Room_v6_3_Automated/06_CAPEX/CAPEX-04_Construction_Timeline.md"
"/root/CMU_IPHONE_CENSUS/01_CMU_SIGNAL_PATHS.txt",548,"FORMULA_OR_FINANCE","/root/Documents/TITAN FINAL/27.03/TITAN_Data_Room_v6_3_Automated/06_CAPEX/CAPEX-02_P90_CAPEX.md"
"/root/CMU_IPHONE_CENSUS/01_CMU_SIGNAL_PATHS.txt",549,"FORMULA_OR_FINANCE","/root/Documents/TITAN FINAL/27.03/TITAN_Data_Room_v6_3_Automated/06_CAPEX/CAPEX-08_Civil_Works_Scope.md"
"/root/CMU_IPHONE_CENSUS/01_CMU_SIGNAL_PATHS.txt",550,"FORMULA_OR_FINANCE","/root/Documents/TITAN FINAL/27.03/TITAN_Data_Room_v6_3_Automated/06_CAPEX/CAPEX-07_Expansion_CAPEX.md"
"/root/CMU_IPHONE_CENSUS/01_CMU_SIGNAL_PATHS.txt",551,"FORMULA_OR_FINANCE","/root/Documents/TITAN FINAL/27.03/TITAN_Data_Room_v6_3_Automated/06_CAPEX/CAPEX-01_Detailed_CAPEX_Breakdown.md"
"/root/CMU_IPHONE_CENSUS/01_CMU_SIGNAL_PATHS.txt",552,"FORMULA_OR_FINANCE","/root/Documents/TITAN FINAL/27.03/TITAN_Data_Room_v6_3_Automated/06_CAPEX/CAPEX-10_CAPEX_Assumptions_Register.md"
"/root/CMU_IPHONE_CENSUS/01_CMU_SIGNAL_PATHS.txt",553,"FORMULA_OR_FINANCE","/root/Documents/TITAN FINAL/27.03/TITAN_Data_Room_v6_3_Automated/06_CAPEX/CAPEX-05_Contingency_Analysis.md"
"/root/CMU_IPHONE_CENSUS/01_CMU_SIGNAL_PATHS.txt",554,"FORMULA_OR_FINANCE","/root/Documents/TITAN FINAL/27.03/TITAN_Data_Room_v6_3_Automated/06_CAPEX/CAPEX-03_Vendor_Quotes_Register.md"
"/root/CMU_IPHONE_CENSUS/01_CMU_SIGNAL_PATHS.txt",555,"FORMULA_OR_FINANCE","/root/Documents/TITAN FINAL/27.03/TITAN_Data_Room_v6_3_Automated/06_CAPEX/CAPEX-06_IDC_Calculation.md"
"/root/CMU_IPHONE_CENSUS/01_CMU_SIGNAL_PATHS.txt",556,"FORMULA_OR_FINANCE","/root/Documents/TITAN FINAL/27.03/TITAN_Data_Room_v6_3_Automated/06_CAPEX/CAPEX-09_Equipment_Scope.md"
"/root/CMU_IPHONE_CENSUS/01_CMU_SIGNAL_PATHS.txt",558,"FORMULA_OR_FINANCE","/root/Documents/TITAN FINAL/27.03/TITAN_Data_Room_v6_3_Automated/16_HR/HR-06_Headcount_Model.md"
"/root/CMU_IPHONE_CENSUS/01_CMU_SIGNAL_PATHS.txt",564,"REPAIR_OR_GUARDRAIL","/root/Documents/TITAN FINAL/27.03/TITAN_Data_Room_v6_3_Automated/16_HR/HR-07_Health_and_Safety.md"
"/root/CMU_IPHONE_CENSUS/01_CMU_SIGNAL_PATHS.txt",568,"FORMULA_OR_FINANCE","/root/Documents/TITAN FINAL/27.03/TITAN_Data_Room_v6_3_Automated/14_MONTE_CARLO/MC-02_Python_Model.md"
"/root/CMU_IPHONE_CENSUS/01_CMU_SIGNAL_PATHS.txt",569,"FORMULA_OR_FINANCE","/root/Documents/TITAN FINAL/27.03/TITAN_Data_Room_v6_3_Automated/14_MONTE_CARLO/MC-06_Equity_Downside.md"
"/root/CMU_IPHONE_CENSUS/01_CMU_SIGNAL_PATHS.txt",570,"FORMULA_OR_FINANCE","/root/Documents/TITAN FINAL/27.03/TITAN_Data_Room_v6_3_Automated/14_MONTE_CARLO/MC-04_DSCR_Distribution.md"
"/root/CMU_IPHONE_CENSUS/01_CMU_SIGNAL_PATHS.txt",574,"FORMULA_OR_FINANCE","/root/Documents/TITAN FINAL/27.03/TITAN_Data_Room_v6_3_Automated/14_MONTE_CARLO/MC-01_Simulation_Assumptions.md"
"/root/CMU_IPHONE_CENSUS/01_CMU_SIGNAL_PATHS.txt",585,"STRATEGIC_PILLAR","/root/Documents/TITAN FINAL/27.03/TITAN_Data_Room_v6_3_Automated/11_ESG/ESG-01_ESG_Strategy.md"
"/root/CMU_IPHONE_CENSUS/01_CMU_SIGNAL_PATHS.txt",590,"STRATEGIC_PILLAR","/root/Documents/TITAN FINAL/27.03/TITAN_Data_Room_v6_3_Automated/11_ESG/ESG-07_Governance_Framework.md"
"/root/CMU_IPHONE_CENSUS/01_CMU_SIGNAL_PATHS.txt",594,"FORMULA_OR_FINANCE","/root/Documents/TITAN FINAL/27.03/TITAN_Data_Room_v6_3_Automated/07_FINANCIAL_MODEL"
"/root/CMU_IPHONE_CENSUS/01_CMU_SIGNAL_PATHS.txt",595,"FORMULA_OR_FINANCE","/root/Documents/TITAN FINAL/27.03/TITAN_Data_Room_v6_3_Automated/07_FINANCIAL_MODEL/FIN-12_Grant_Integration_Model.md"
"/root/CMU_IPHONE_CENSUS/01_CMU_SIGNAL_PATHS.txt",596,"FORMULA_OR_FINANCE","/root/Documents/TITAN FINAL/27.03/TITAN_Data_Room_v6_3_Automated/07_FINANCIAL_MODEL/FIN-07_LLCR_PLCR_Model.md"
"/root/CMU_IPHONE_CENSUS/01_CMU_SIGNAL_PATHS.txt",597,"FORMULA_OR_FINANCE","/root/Documents/TITAN FINAL/27.03/TITAN_Data_Room_v6_3_Automated/07_FINANCIAL_MODEL/FIN-02_Assumptions_Book.md"
"/root/CMU_IPHONE_CENSUS/01_CMU_SIGNAL_PATHS.txt",598,"FORMULA_OR_FINANCE","/root/Documents/TITAN FINAL/27.03/TITAN_Data_Room_v6_3_Automated/07_FINANCIAL_MODEL/FIN-04_CFADS_Model.md"
"/root/CMU_IPHONE_CENSUS/01_CMU_SIGNAL_PATHS.txt",599,"FORMULA_OR_FINANCE","/root/Documents/TITAN FINAL/27.03/TITAN_Data_Room_v6_3_Automated/07_FINANCIAL_MODEL/FIN-05_Quarterly_Debt_Model.md"
"/root/CMU_IPHONE_CENSUS/01_CMU_SIGNAL_PATHS.txt",600,"FORMULA_OR_FINANCE","/root/Documents/TITAN FINAL/27.03/TITAN_Data_Room_v6_3_Automated/07_FINANCIAL_MODEL/FIN-11_Working_Capital_Model.md"
"/root/CMU_IPHONE_CENSUS/01_CMU_SIGNAL_PATHS.txt",601,"FORMULA_OR_FINANCE","/root/Documents/TITAN FINAL/27.03/TITAN_Data_Room_v6_3_Automated/07_FINANCIAL_MODEL/FIN-08_Sensitivity_Analysis.md"
"/root/CMU_IPHONE_CENSUS/01_CMU_SIGNAL_PATHS.txt",602,"FORMULA_OR_FINANCE","/root/Documents/TITAN FINAL/27.03/TITAN_Data_Room_v6_3_Automated/07_FINANCIAL_MODEL/FIN-09_Scenario_Analysis.md"
"/root/CMU_IPHONE_CENSUS/01_CMU_SIGNAL_PATHS.txt",603,"FORMULA_OR_FINANCE","/root/Documents/TITAN FINAL/27.03/TITAN_Data_Room_v6_3_Automated/07_FINANCIAL_MODEL/FIN-03_DSCR_Model.md"
"/root/CMU_IPHONE_CENSUS/01_CMU_SIGNAL_PATHS.txt",604,"FORMULA_OR_FINANCE","/root/Documents/TITAN FINAL/27.03/TITAN_Data_Room_v6_3_Automated/07_FINANCIAL_MODEL/FIN-06_DSRA_Model.md"
"/root/CMU_IPHONE_CENSUS/01_CMU_SIGNAL_PATHS.txt",605,"FORMULA_OR_FINANCE","/root/Documents/TITAN FINAL/27.03/TITAN_Data_Room_v6_3_Automated/07_FINANCIAL_MODEL/FIN-01_Central_Brain_Master_Model.md"
"/root/CMU_IPHONE_CENSUS/01_CMU_SIGNAL_PATHS.txt",606,"FORMULA_OR_FINANCE","/root/Documents/TITAN FINAL/27.03/TITAN_Data_Room_v6_3_Automated/07_FINANCIAL_MODEL/FIN-10_Dashboard_Notes.md"
"/root/CMU_IPHONE_CENSUS/01_CMU_SIGNAL_PATHS.txt",607,"FORMULA_OR_FINANCE","/root/Documents/TITAN FINAL/27.03/TITAN_Data_Room_v6_3_Automated/05_OPERATIONS"
"/root/CMU_IPHONE_CENSUS/01_CMU_SIGNAL_PATHS.txt",608,"FORMULA_OR_FINANCE","/root/Documents/TITAN FINAL/27.03/TITAN_Data_Room_v6_3_Automated/05_OPERATIONS/OPS-04_Logistics_Plan.md"
"/root/CMU_IPHONE_CENSUS/01_CMU_SIGNAL_PATHS.txt",609,"FORMULA_OR_FINANCE","/root/Documents/TITAN FINAL/27.03/TITAN_Data_Room_v6_3_Automated/05_OPERATIONS/OPS-05_Procurement_Strategy.md"
"/root/CMU_IPHONE_CENSUS/01_CMU_SIGNAL_PATHS.txt",609,"STRATEGIC_PILLAR","/root/Documents/TITAN FINAL/27.03/TITAN_Data_Room_v6_3_Automated/05_OPERATIONS/OPS-05_Procurement_Strategy.md"
"/root/CMU_IPHONE_CENSUS/01_CMU_SIGNAL_PATHS.txt",610,"FORMULA_OR_FINANCE","/root/Documents/TITAN FINAL/27.03/TITAN_Data_Room_v6_3_Automated/05_OPERATIONS/OPS-07_Maintenance_Plan.md"
"/root/CMU_IPHONE_CENSUS/01_CMU_SIGNAL_PATHS.txt",611,"FORMULA_OR_FINANCE","/root/Documents/TITAN FINAL/27.03/TITAN_Data_Room_v6_3_Automated/05_OPERATIONS/OPS-02_OEE_Assumptions.md"
"/root/CMU_IPHONE_CENSUS/01_CMU_SIGNAL_PATHS.txt",612,"FORMULA_OR_FINANCE","/root/Documents/TITAN FINAL/27.03/TITAN_Data_Room_v6_3_Automated/05_OPERATIONS/OPS-01_Production_Plan.md"
"/root/CMU_IPHONE_CENSUS/01_CMU_SIGNAL_PATHS.txt",613,"FORMULA_OR_FINANCE","/root/Documents/TITAN FINAL/27.03/TITAN_Data_Room_v6_3_Automated/05_OPERATIONS/OPS-06_Inventory_Policy.md"
"/root/CMU_IPHONE_CENSUS/01_CMU_SIGNAL_PATHS.txt",614,"FORMULA_OR_FINANCE","/root/Documents/TITAN FINAL/27.03/TITAN_Data_Room_v6_3_Automated/05_OPERATIONS/OPS-09_Ramp_Up_Plan.md"
"/root/CMU_IPHONE_CENSUS/01_CMU_SIGNAL_PATHS.txt",615,"FORMULA_OR_FINANCE","/root/Documents/TITAN FINAL/27.03/TITAN_Data_Room_v6_3_Automated/05_OPERATIONS/OPS-10_KPI_Framework.md"
"/root/CMU_IPHONE_CENSUS/01_CMU_SIGNAL_PATHS.txt",616,"FORMULA_OR_FINANCE","/root/Documents/TITAN FINAL/27.03/TITAN_Data_Room_v6_3_Automated/05_OPERATIONS/OPS-03_Supply_Chain_Map.md"
"/root/CMU_IPHONE_CENSUS/01_CMU_SIGNAL_PATHS.txt",617,"FORMULA_OR_FINANCE","/root/Documents/TITAN FINAL/27.03/TITAN_Data_Room_v6_3_Automated/05_OPERATIONS/OPS-08_Shift_Model.md"
"/root/CMU_IPHONE_CENSUS/01_CMU_SIGNAL_PATHS.txt",621,"REPAIR_OR_GUARDRAIL","/root/Documents/TITAN FINAL/27.03/TITAN_Data_Room_v6_3_Automated/17_IT_SYSTEMS/IT-06_Backup_and_Recovery.md"
"/root/CMU_IPHONE_CENSUS/01_CMU_SIGNAL_PATHS.txt",623,"FORMULA_OR_FINANCE","/root/Documents/TITAN FINAL/27.03/TITAN_Data_Room_v6_3_Automated/17_IT_SYSTEMS/IT-03_SCADA_Integration.md"
"/root/CMU_IPHONE_CENSUS/01_CMU_SIGNAL_PATHS.txt",629,"STRATEGIC_PILLAR","/root/Documents/TITAN FINAL/27.03/TITAN_Data_Room_v6_3_Automated/09_LEGAL/LEG-07_Corporate_Governance.md"
"/root/CMU_IPHONE_CENSUS/01_CMU_SIGNAL_PATHS.txt",631,"FORMULA_OR_FINANCE","/root/Documents/TITAN FINAL/27.03/TITAN_Data_Room_v6_3_Automated/09_LEGAL/LEG-01_Company_Registration.md"
"/root/CMU_IPHONE_CENSUS/01_CMU_SIGNAL_PATHS.txt",649,"STRATEGIC_PILLAR","/root/Documents/TITAN FINAL/27.03/TITAN_Data_Room_v6_3_Automated/19_DATA_ROOM_LOG/LOG-03_Investor_Access_Log.csv"
"/root/CMU_IPHONE_CENSUS/01_CMU_SIGNAL_PATHS.txt",664,"FORMULA_OR_FINANCE","/root/Documents/TITAN FINAL/27.03/TITAN_Data_Room_v6_3_Automated/08_FUNDING/FUND-05_Equity_Story.md"
"/root/CMU_IPHONE_CENSUS/01_CMU_SIGNAL_PATHS.txt",665,"FORMULA_OR_FINANCE","/root/Documents/TITAN FINAL/27.03/TITAN_Data_Room_v6_3_Automated/08_FUNDING/FUND-08_Debt_Marketing_List.md"
"/root/CMU_IPHONE_CENSUS/01_CMU_SIGNAL_PATHS.txt",666,"STRATEGIC_PILLAR","/root/Documents/TITAN FINAL/27.03/TITAN_Data_Room_v6_3_Automated/08_FUNDING/FUND-07_Refinancing_Strategy.md"
"/root/CMU_IPHONE_CENSUS/01_CMU_SIGNAL_PATHS.txt",667,"FORMULA_OR_FINANCE","/root/Documents/TITAN FINAL/27.03/TITAN_Data_Room_v6_3_Automated/08_FUNDING/FUND-02_Debt_Term_Sheet.md"
"/root/CMU_IPHONE_CENSUS/01_CMU_SIGNAL_PATHS.txt",668,"STRATEGIC_PILLAR","/root/Documents/TITAN FINAL/27.03/TITAN_Data_Room_v6_3_Automated/08_FUNDING/FUND-06_Co_Investment_Strategy.md"
"/root/CMU_IPHONE_CENSUS/01_CMU_SIGNAL_PATHS.txt",669,"STRATEGIC_PILLAR","/root/Documents/TITAN FINAL/27.03/TITAN_Data_Room_v6_3_Automated/08_FUNDING/FUND-04_Lender_Presentation_EBRD.md"
"/root/CMU_IPHONE_CENSUS/01_CMU_SIGNAL_PATHS.txt",670,"STRATEGIC_PILLAR","/root/Documents/TITAN FINAL/27.03/TITAN_Data_Room_v6_3_Automated/08_FUNDING/FUND-03_Lender_Presentation_EIB.md"
"/root/CMU_IPHONE_CENSUS/01_CMU_SIGNAL_PATHS.txt",672,"STRATEGIC_PILLAR","/root/Documents/TITAN FINAL/27.03/TITAN_Data_Room_v6_3_Automated/08_FUNDING/FUND-09_Lender_QA_Register.md"
"/root/CMU_IPHONE_CENSUS/01_CMU_SIGNAL_PATHS.txt",679,"FORMULA_OR_FINANCE","/root/Documents/TITAN FINAL/27.03/TITAN_Central_Brain_v6_2_Lender_Model_FINAL.xlsx"
"/root/CMU_IPHONE_CENSUS/01_CMU_SIGNAL_PATHS.txt",679,"STRATEGIC_PILLAR","/root/Documents/TITAN FINAL/27.03/TITAN_Central_Brain_v6_2_Lender_Model_FINAL.xlsx"
"/root/CMU_IPHONE_CENSUS/01_CMU_SIGNAL_PATHS.txt",691,"FORMULA_OR_FINANCE","/root/Documents/TITAN FINAL/27.03/TITAN_Central_Brain_v6_1_Lender_Model.xlsx"
"/root/CMU_IPHONE_CENSUS/01_CMU_SIGNAL_PATHS.txt",691,"STRATEGIC_PILLAR","/root/Documents/TITAN FINAL/27.03/TITAN_Central_Brain_v6_1_Lender_Model.xlsx"
"/root/CMU_IPHONE_CENSUS/01_CMU_SIGNAL_PATHS.txt",700,"FORMULA_OR_FINANCE","/root/Documents/0000000000000/vDR/Titan 1 and 2/TITAN_vE1_VOL08_CAPEX_RECONCILIATION_FORENSIC_SSOT.xlsx"
"/root/CMU_IPHONE_CENSUS/01_CMU_SIGNAL_PATHS.txt",706,"FORMULA_OR_FINANCE","/root/Documents/0000000000000/DANASSSSS/TITAN_Grid_Model_v6_Clean.xlsx"
"/root/CMU_IPHONE_CENSUS/01_CMU_SIGNAL_PATHS.txt",714,"STRATEGIC_PILLAR","/root/Documents/0000000000000/DANASSSSS/ORG-001_TITAN_Grid_Governance_v4.xlsx"
"/root/CMU_IPHONE_CENSUS/01_CMU_SIGNAL_PATHS.txt",716,"STRATEGIC_PILLAR","/root/Documents/0000000000000/DANASSSSS/ORG-024_TITAN_Grid_Strategic_Expansion_v4.xlsx"
"/root/CMU_IPHONE_CENSUS/01_CMU_SIGNAL_PATHS.txt",718,"FORMULA_OR_FINANCE","/root/Documents/0000000000000/DANASSSSS/TITAN_Grid_Financial_Model_v2_0.xlsx"
"/root/CMU_IPHONE_CENSUS/01_CMU_SIGNAL_PATHS.txt",727,"STRATEGIC_PILLAR","/root/Documents/0000000000000/DANASSSSS/ORG-019_TITAN_Grid_Strategic_Deck_v4.xlsx"
"/root/CMU_IPHONE_CENSUS/01_CMU_SIGNAL_PATHS.txt",735,"STRATEGIC_PILLAR","/root/Documents/0000000000000/DANASSSSS/Titan_Grid_Value_Proposition_v6_Board_Lender_Submission_Pack_clean.docx"
"/root/CMU_IPHONE_CENSUS/01_CMU_SIGNAL_PATHS.txt",737,"STRATEGIC_PILLAR","/root/Documents/0000000000000/DANASSSSS/ORG-007_TITAN_Grid_Strategic_Positioning_v4.xlsx"
"/root/CMU_IPHONE_CENSUS/01_CMU_SIGNAL_PATHS.txt",741,"FORMULA_OR_FINANCE","/root/Documents/0000000000000/DANASSSSS/TITAN_vE1_VOL08_CAPEX_RECONCILIATION_FORENSIC_SSOT.xlsx"
"/root/CMU_IPHONE_CENSUS/01_CMU_SIGNAL_PATHS.txt",742,"FORMULA_OR_FINANCE","/root/Documents/0000000000000/DANASSSSS/TITAN_model_full_integration.xlsx"
"/root/CMU_IPHONE_CENSUS/01_CMU_SIGNAL_PATHS.txt",746,"STRATEGIC_PILLAR","/root/Documents/0000000000000/DANASSSSS/Titan_Grid_v6_2_Live_Lender_Linkage_Pack.xlsx"
"/root/CMU_IPHONE_CENSUS/01_CMU_SIGNAL_PATHS.txt",747,"FORMULA_OR_FINANCE","/root/Documents/0000000000000/DANASSSSS/TITAN_Grid_Financial_Model_CSV_Exports.zip"
"/root/CMU_IPHONE_CENSUS/01_CMU_SIGNAL_PATHS.txt",754,"STRATEGIC_PILLAR","/root/Documents/0000000000000/DANASSSSS/TITAN_GRID_v5_Full_Lender_Closing_Book.pdf"
"/root/CMU_IPHONE_CENSUS/01_CMU_SIGNAL_PATHS.txt",778,"FORMULA_OR_FINANCE","/root/Documents/Titan grid/Prezentacija/Nove kalkulacija  24.03/ARS_Full_v3_Project_Finance_Model_v3_1_recalculated.xlsx"
"/root/CMU_IPHONE_CENSUS/01_CMU_SIGNAL_PATHS.txt",779,"FORMULA_OR_FINANCE","/root/Documents/Titan grid/Prezentacija/Nove kalkulacija  24.03/Titan_Grid_Full_Financial_Model_v3.4_20260324_2335.xlsx"
"/root/CMU_IPHONE_CENSUS/01_CMU_SIGNAL_PATHS.txt",780,"STRATEGIC_PILLAR","/root/Documents/Titan grid/Prezentacija/Nove kalkulacija  24.03/TITAN_Grid_Lender_Pack_v1.xlsx"
"/root/CMU_IPHONE_CENSUS/01_CMU_SIGNAL_PATHS.txt",791,"FORMULA_OR_FINANCE","/root/Documents/Titan grid/Prezentacija/Nove kalkulacija  24.03/25.03/Titan_Grid_v52_Data_Room_Ready/01_Model"
"/root/CMU_IPHONE_CENSUS/01_CMU_SIGNAL_PATHS.txt",792,"FORMULA_OR_FINANCE","/root/Documents/Titan grid/Prezentacija/Nove kalkulacija  24.03/25.03/Titan_Grid_v52_Data_Room_Ready/01_Model/Titan_Grid_v52_Credit_Committee_Pack.xlsx"
"/root/CMU_IPHONE_CENSUS/01_CMU_SIGNAL_PATHS.txt",793,"STRATEGIC_PILLAR","/root/Documents/Titan grid/Prezentacija/Nove kalkulacija  24.03/25.03/ars_institutional_template_pack.xlsx"
"/root/CMU_IPHONE_CENSUS/01_CMU_SIGNAL_PATHS.txt",796,"FORMULA_OR_FINANCE","/root/Documents/Titan grid/Prezentacija/Nove kalkulacija  24.03/25.03/CAPEX_Working_UNI_MAK_v4_5_1_forensic_calibration_patch.xlsx"
"/root/CMU_IPHONE_CENSUS/01_CMU_SIGNAL_PATHS.txt",798,"STRATEGIC_PILLAR","/root/Documents/Titan grid/Prezentacija/Nove kalkulacija  24.03/25.03/TITAN_LIVE_CONTROL_TOWER_SYSTEM_v6_Lender_Tracker.xlsx"
"/root/CMU_IPHONE_CENSUS/01_CMU_SIGNAL_PATHS.txt",799,"FORMULA_OR_FINANCE","/root/Documents/Titan grid/Prezentacija/Nove kalkulacija  24.03/25.03/Titan_Grid_v47_Model.xlsx"
"/root/CMU_IPHONE_CENSUS/01_CMU_SIGNAL_PATHS.txt",800,"STRATEGIC_PILLAR","/root/Documents/Titan grid/Prezentacija/Nove kalkulacija  24.03/25.03/Lender_Data_Room_Pack.xlsx"
"/root/CMU_IPHONE_CENSUS/01_CMU_SIGNAL_PATHS.txt",802,"FORMULA_OR_FINANCE","/root/Documents/Titan grid/Prezentacija/Nove kalkulacija  24.03/25.03/TITAN_v47_Calibration_Patch.xlsx"
"/root/CMU_IPHONE_CENSUS/01_CMU_SIGNAL_PATHS.txt",805,"STRATEGIC_PILLAR","/root/Documents/Titan grid/Prezentacija/Nove kalkulacija  24.03/25.03/Titan_Grid_v4_5_Lender_Submission_Pack.xlsx"
"/root/CMU_IPHONE_CENSUS/01_CMU_SIGNAL_PATHS.txt",806,"STRATEGIC_PILLAR","/root/Documents/Titan grid/Prezentacija/Nove kalkulacija  24.03/25.03/Lender_Data_Room_Pack_LinkReady.xlsx"
"/root/CMU_IPHONE_CENSUS/01_CMU_SIGNAL_PATHS.txt",808,"FORMULA_OR_FINANCE","/root/Documents/Titan grid/Prezentacija/Nove kalkulacija  24.03/25.03/CAPEX_Titan_Bank_Grade_v4_5.xlsx"
"/root/CMU_IPHONE_CENSUS/01_CMU_SIGNAL_PATHS.txt",812,"FORMULA_OR_FINANCE","/root/Documents/Titan grid/Prezentacija/Nove kalkulacija  24.03/25.03/Titan_Grid_True_Bank_Model_Layer_v4_6_1.xlsx"
"/root/CMU_IPHONE_CENSUS/01_CMU_SIGNAL_PATHS.txt",816,"FORMULA_OR_FINANCE","/root/Documents/Titan grid/Prezentacija/Nove kalkulacija  24.03/25.03/TITAN_LIVE_CONTROL_TOWER_SYSTEM_v5_Assumptions_Engine.xlsx"
"/root/CMU_IPHONE_CENSUS/01_CMU_SIGNAL_PATHS.txt",819,"FORMULA_OR_FINANCE","/root/Documents/Titan grid/Prezentacija/Nove kalkulacija  24.03/25.03/MASTER_ASSUMPTIONS_V45.json"
"/root/CMU_IPHONE_CENSUS/01_CMU_SIGNAL_PATHS.txt",820,"FORMULA_OR_FINANCE","/root/Documents/Titan grid/Prezentacija/Nove kalkulacija  24.03/25.03/TITAN_v45_to_Active_Master_Assumptions.xlsx"
"/root/CMU_IPHONE_CENSUS/01_CMU_SIGNAL_PATHS.txt",821,"FORMULA_OR_FINANCE","/root/Documents/Titan grid/Prezentacija/Nove kalkulacija  24.03/25.03/CAPEX_Working_UNI_MAK_v4_5_DSCR_ENGINE.xlsx"
"/root/CMU_IPHONE_CENSUS/01_CMU_SIGNAL_PATHS.txt",822,"FORMULA_OR_FINANCE","/root/Documents/Titan grid/Prezentacija/Nove kalkulacija  24.03/25.03/ARS_EU_GRANT_MASTER_FILE_Reconstructed.xlsx"
"/root/CMU_IPHONE_CENSUS/01_CMU_SIGNAL_PATHS.txt",823,"FORMULA_OR_FINANCE","/root/Documents/Titan grid/Prezentacija/Nove kalkulacija  24.03/25.03/MAREL_Titan_Smart_Model.xlsx"
"/root/CMU_IPHONE_CENSUS/01_CMU_SIGNAL_PATHS.txt",824,"STRATEGIC_PILLAR","/root/Documents/Titan grid/Prezentacija/Nove kalkulacija  24.03/25.03/ars_document_system_v1_lender_grade.xlsx"
"/root/CMU_IPHONE_CENSUS/01_CMU_SIGNAL_PATHS.txt",827,"STRATEGIC_PILLAR","/root/Documents/Titan grid/Prezentacija/Nove kalkulacija  24.03/25.03/EU_Institutional_Form_Template_Advanced.xlsx"
"/root/CMU_IPHONE_CENSUS/01_CMU_SIGNAL_PATHS.txt",830,"FORMULA_OR_FINANCE","/root/Documents/Titan grid/Prezentacija/Nove kalkulacija  24.03/25.03/Titan_Grid_v4_5_Full_Formula_Linked_Bank_Model.xlsx"
"/root/CMU_IPHONE_CENSUS/01_CMU_SIGNAL_PATHS.txt",836,"STRATEGIC_PILLAR","/root/Documents/Titan grid/Prezentacija/Nove kalkulacija  24.03/25.03/TITAN_Investor_Pack.pptx"
"/root/CMU_IPHONE_CENSUS/01_CMU_SIGNAL_PATHS.txt",841,"STRATEGIC_PILLAR","/root/Documents/Titan grid/Prezentacija/Nove kalkulacija  24.03/TITAN_Lender_QA_and_Negotiation.xlsx"
"/root/CMU_IPHONE_CENSUS/01_CMU_SIGNAL_PATHS.txt",845,"FORMULA_OR_FINANCE","/root/Documents/Titan grid/Prezentacija/Nove kalkulacija  24.03/TITAN_Lender_Model_v1.0_LOCKED_20260324.xlsx"
"/root/CMU_IPHONE_CENSUS/01_CMU_SIGNAL_PATHS.txt",845,"STRATEGIC_PILLAR","/root/Documents/Titan grid/Prezentacija/Nove kalkulacija  24.03/TITAN_Lender_Model_v1.0_LOCKED_20260324.xlsx"
"/root/CMU_IPHONE_CENSUS/01_CMU_SIGNAL_PATHS.txt",849,"STRATEGIC_PILLAR","/root/Documents/Titan grid/Prezentacija/Nove kalkulacija  24.03/TITAN_Lender_QA_Tracker_v2_UPGRADED.xlsx"
"/root/CMU_IPHONE_CENSUS/01_CMU_SIGNAL_PATHS.txt",851,"FORMULA_OR_FINANCE","/root/Documents/Titan grid/Prezentacija/Nove kalkulacija  24.03/TITAN_Full_Bank_Model_v1.0_20260325.xlsx"
"/root/CMU_IPHONE_CENSUS/01_CMU_SIGNAL_PATHS.txt",852,"FORMULA_OR_FINANCE","/root/Documents/Titan grid/Prezentacija/Nove kalkulacija  24.03/TITAN_Grid_Bank_Model_v3_0.xlsx"
"/root/CMU_IPHONE_CENSUS/01_CMU_SIGNAL_PATHS.txt",853,"FORMULA_OR_FINANCE","/root/Documents/Titan grid/Prezentacija/Nove kalkulacija  24.03/TITAN_DSCR_Covenant_Model.xlsx"
"/root/CMU_IPHONE_CENSUS/01_CMU_SIGNAL_PATHS.txt",855,"FORMULA_OR_FINANCE","/root/Documents/Titan grid/Prezentacija/Nove kalkulacija  24.03/Titan_Grid_v4_Bank_Debt_Engine.xlsx"
"/root/CMU_IPHONE_CENSUS/01_CMU_SIGNAL_PATHS.txt",858,"FORMULA_OR_FINANCE","/root/Documents/Titan grid/Prezentacija/Nove kalkulacija  24.03/TITAN_Grid_Financial_Model_v1.xlsx"
"/root/CMU_IPHONE_CENSUS/01_CMU_SIGNAL_PATHS.txt",859,"FORMULA_OR_FINANCE","/root/Documents/Titan grid/Prezentacija/Nove kalkulacija  24.03/TITAN_GRID_v4_5_Financial_Model.xlsx"
"/root/CMU_IPHONE_CENSUS/01_CMU_SIGNAL_PATHS.txt",863,"FORMULA_OR_FINANCE","/root/Documents/Titan grid/Prezentacija/Nove kalkulacija  24.03/Titan_Grid_Bank_Ready_Model.xlsx"
"/root/CMU_IPHONE_CENSUS/01_CMU_SIGNAL_PATHS.txt",864,"FORMULA_OR_FINANCE","/root/Documents/Titan grid/Prezentacija/Nove kalkulacija  24.03/TITAN_Grid_IFI_Grade_Model.xlsx"
"/root/CMU_IPHONE_CENSUS/01_CMU_SIGNAL_PATHS.txt",866,"FORMULA_OR_FINANCE","/root/Documents/Titan grid/Prezentacija/Nove kalkulacija  24.03/Titan_Grid_Debt_Input_Checklist.xlsx"
"/root/CMU_IPHONE_CENSUS/01_CMU_SIGNAL_PATHS.txt",867,"STRATEGIC_PILLAR","/root/Documents/Titan grid/Prezentacija/Nove kalkulacija  24.03/TITAN_Lender_Response_Auto_Engine_v1.xlsx"
"/root/CMU_IPHONE_CENSUS/01_CMU_SIGNAL_PATHS.txt",868,"STRATEGIC_PILLAR","/root/Documents/Titan grid/Prezentacija/Nove kalkulacija  24.03/Titan_Grid_Investor_Pack.xlsx"
"/root/CMU_IPHONE_CENSUS/01_CMU_SIGNAL_PATHS.txt",870,"FORMULA_OR_FINANCE","/root/Documents/Titan grid/Prezentacija/Nove kalkulacija  24.03/Titan_Grid_Master_Checklist_and_Debt_Model.xlsx"
"/root/CMU_IPHONE_CENSUS/01_CMU_SIGNAL_PATHS.txt",871,"FORMULA_OR_FINANCE","/root/Documents/Titan grid/Prezentacija/Nove kalkulacija  24.03/TITAN_GRID_v22_Model.xlsx"
"/root/CMU_IPHONE_CENSUS/01_CMU_SIGNAL_PATHS.txt",872,"FORMULA_OR_FINANCE","/root/Documents/Titan grid/Prezentacija/Nove kalkulacija  24.03/Titan_Grid_BankReady_Model.xlsx"
"/root/CMU_IPHONE_CENSUS/01_CMU_SIGNAL_PATHS.txt",873,"FORMULA_OR_FINANCE","/root/Documents/Titan grid/Prezentacija/Nove kalkulacija  24.03/ARS_CAPEX_Civil_Packages_v1.1_Harmonized_FINAL_FIXED.xlsx"
"/root/CMU_IPHONE_CENSUS/01_CMU_SIGNAL_PATHS.txt",873,"REPAIR_OR_GUARDRAIL","/root/Documents/Titan grid/Prezentacija/Nove kalkulacija  24.03/ARS_CAPEX_Civil_Packages_v1.1_Harmonized_FINAL_FIXED.xlsx"
"/root/CMU_IPHONE_CENSUS/01_CMU_SIGNAL_PATHS.txt",890,"FORMULA_OR_FINANCE","/root/Documents/Titan grid/Prezentacija/Nove kalkulacija  24.03/ADS_Metal_Karadag_v3_2_Full_Model.xlsx"
"/root/CMU_IPHONE_CENSUS/01_CMU_SIGNAL_PATHS.txt",891,"STRATEGIC_PILLAR","/root/Documents/Titan grid/Prezentacija/Nove kalkulacija  24.03/Titan_Grid_Lender_Grade_v45.xlsx"
"/root/CMU_IPHONE_CENSUS/01_CMU_SIGNAL_PATHS.txt",893,"FORMULA_OR_FINANCE","/root/Documents/Titan grid/Prezentacija/Nove kalkulacija  24.03/TITAN_Full_Bank_Model_v2.0_20260325.xlsx"
"/root/CMU_IPHONE_CENSUS/01_CMU_SIGNAL_PATHS.txt",894,"FORMULA_OR_FINANCE","/root/Documents/Titan grid/Prezentacija/Nove kalkulacija  24.03/titan_grid_model.xlsx"
"/root/CMU_IPHONE_CENSUS/01_CMU_SIGNAL_PATHS.txt",895,"FORMULA_OR_FINANCE","/root/Documents/Titan grid/Prezentacija/Nove kalkulacija  24.03/CAPEX_FULL_V2_BANK_MODEL_HARMONIZED_v20.xlsx"
"/root/CMU_IPHONE_CENSUS/01_CMU_SIGNAL_PATHS.txt",896,"FORMULA_OR_FINANCE","/root/Documents/Titan grid/Prezentacija/Nove kalkulacija  24.03/Titan_Grid_Fully_Linked_Project_Finance_Model_v3_4_FIXED.xlsx"
"/root/CMU_IPHONE_CENSUS/01_CMU_SIGNAL_PATHS.txt",896,"REPAIR_OR_GUARDRAIL","/root/Documents/Titan grid/Prezentacija/Nove kalkulacija  24.03/Titan_Grid_Fully_Linked_Project_Finance_Model_v3_4_FIXED.xlsx"
"/root/CMU_IPHONE_CENSUS/01_CMU_SIGNAL_PATHS.txt",897,"FORMULA_OR_FINANCE","/root/Documents/Titan grid/Prezentacija/Nove kalkulacija  24.03/Titan_Grid_Bank_Grade_Model_v1.xlsx"
"/root/CMU_IPHONE_CENSUS/01_CMU_SIGNAL_PATHS.txt",903,"FORMULA_OR_FINANCE","/root/Documents/Titan grid/Onur/01.1_DSCR.pdf"
"/root/CMU_IPHONE_CENSUS/01_CMU_SIGNAL_PATHS.txt",904,"FORMULA_OR_FINANCE","/root/Documents/Titan grid/Onur/FIN-2.5 ENERGETSKA ARBITRAŽA I SOLARNI PRINOS (LCOE MODEL).pdf"
"/root/CMU_IPHONE_CENSUS/01_CMU_SIGNAL_PATHS.txt",907,"FORMULA_OR_FINANCE","/root/Documents/Titan grid/Onur/FIN-2.2 CAPEX Schedule – Capital Deployment Strategy.pdf"
"/root/CMU_IPHONE_CENSUS/01_CMU_SIGNAL_PATHS.txt",907,"STRATEGIC_PILLAR","/root/Documents/Titan grid/Onur/FIN-2.2 CAPEX Schedule – Capital Deployment Strategy.pdf"
"/root/CMU_IPHONE_CENSUS/01_CMU_SIGNAL_PATHS.txt",908,"FORMULA_OR_FINANCE","/root/Documents/Titan grid/Onur/FIN-2.2 CAPEX Schedule – Capital Deployment Strategy..pdf"
"/root/CMU_IPHONE_CENSUS/01_CMU_SIGNAL_PATHS.txt",908,"STRATEGIC_PILLAR","/root/Documents/Titan grid/Onur/FIN-2.2 CAPEX Schedule – Capital Deployment Strategy..pdf"
"/root/CMU_IPHONE_CENSUS/01_CMU_SIGNAL_PATHS.txt",912,"FORMULA_OR_FINANCE","/root/Documents/Titan grid/Onur/FIN-2.2 CAPEX Schedule .pdf"
"/root/CMU_IPHONE_CENSUS/01_CMU_SIGNAL_PATHS.txt",914,"FORMULA_OR_FINANCE","/root/Documents/Titan grid/Onur/FIN-2.1 Executive Financial Dashboard.pdf"
"/root/CMU_IPHONE_CENSUS/01_CMU_SIGNAL_PATHS.txt",918,"FORMULA_OR_FINANCE","/root/Documents/Titan grid/Onur/FIN-2.1 EXECUTIVE FINANCIAL DASHBOARD (PREGLED).pdf"
"/root/CMU_IPHONE_CENSUS/01_CMU_SIGNAL_PATHS.txt",929,"FORMULA_OR_FINANCE","/root/Documents/FINAL_SEND_PACKAGE_TITAN1_2026-05-10/ANEKS_1_REVIZIJA_CAPEX_TITAN1_v4_2026-05-10.docx"
"/root/CMU_IPHONE_CENSUS/01_CMU_SIGNAL_PATHS.txt",930,"FORMULA_OR_FINANCE","/root/Documents/FINAL_SEND_PACKAGE_TITAN1_2026-05-10/ANEKS_1_REVIZIJA_CAPEX_TITAN1_2026-05-10.docx"
"/root/CMU_IPHONE_CENSUS/01_CMU_SIGNAL_PATHS.txt",933,"FORMULA_OR_FINANCE","/root/Documents/FINAL_SEND_PACKAGE_TITAN1_2026-05-10/ANEKS_1_REVIZIJA_CAPEX_TITAN1_INSTITUTIONAL_ULTRA_2026-05-10.docx"
"/root/CMU_IPHONE_CENSUS/01_CMU_SIGNAL_PATHS.txt",933,"STRATEGIC_PILLAR","/root/Documents/FINAL_SEND_PACKAGE_TITAN1_2026-05-10/ANEKS_1_REVIZIJA_CAPEX_TITAN1_INSTITUTIONAL_ULTRA_2026-05-10.docx"
"/root/CMU_IPHONE_CENSUS/01_CMU_SIGNAL_PATHS.txt",940,"FORMULA_OR_FINANCE","/root/Documents/ANEKS_1_REVIZIJA_CAPEX_TITAN1_EU_BRAND_2026-05-10.docx"
"/root/CMU_IPHONE_CENSUS/01_CMU_SIGNAL_PATHS.txt",942,"FORMULA_OR_FINANCE","/root/Documents/ANEKS_1_REVIZIJA_CAPEX_TITAN1_FINAL_2026-05-10.docx"
"/root/CMU_IPHONE_CENSUS/01_CMU_SIGNAL_PATHS.txt",944,"FORMULA_OR_FINANCE","/root/Documents/ANEKS_1_REVIZIJA_CAPEX_TITAN1_PROFESSIONAL_FINAL_2026-05-10.docx"
"/root/CMU_IPHONE_CENSUS/01_CMU_SIGNAL_PATHS.txt",946,"FORMULA_OR_FINANCE","/root/Documents/ANEKS_1_REVIZIJA_CAPEX_TITAN1_INSTITUTIONAL_ULTRA_2026-05-10.docx"
"/root/CMU_IPHONE_CENSUS/01_CMU_SIGNAL_PATHS.txt",946,"STRATEGIC_PILLAR","/root/Documents/ANEKS_1_REVIZIJA_CAPEX_TITAN1_INSTITUTIONAL_ULTRA_2026-05-10.docx"
"/root/CMU_IPHONE_CENSUS/01_CMU_SIGNAL_PATHS.txt",949,"STRATEGIC_PILLAR","/root/Documents/.Trash/TITAN_FORENSIC_REVISION_MASTER_v33_GOVERNANCE_JSON_ARTIFACT_PACK.docx"
"/root/CMU_IPHONE_CENSUS/01_CMU_SIGNAL_PATHS.txt",952,"STRATEGIC_PILLAR","/root/Documents/.Trash/TITAN_GOVERNANCE_JSON_STARTER_PACK_v1 2.zip"
"/root/CMU_IPHONE_CENSUS/01_CMU_SIGNAL_PATHS.txt",953,"FORMULA_OR_FINANCE","/root/Documents/.Trash/ANEKS_1_REVIZIJA_CAPEX_TITAN1_IMPROVED_2026-05-10.docx"
"/root/CMU_IPHONE_CENSUS/01_CMU_SIGNAL_PATHS.txt",957,"STRATEGIC_PILLAR","/root/Documents/.Trash/TITAN_GOVERNANCE_JSON_STARTER_PACK_v1.zip"
"/root/CMU_IPHONE_CENSUS/01_CMU_SIGNAL_PATHS.txt",959,"FORMULA_OR_FINANCE","/root/Documents/.Trash/ANEKS_1_REVIZIJA_CAPEX_TITAN1_v4_2026-05-10.docx"
"/root/CMU_IPHONE_CENSUS/01_CMU_SIGNAL_PATHS.txt",961,"FORMULA_OR_FINANCE","/root/Documents/.Trash/ANEKS_1_REVIZIJA_CAPEX_TITAN1_2026-05-10.docx"
"/root/CMU_IPHONE_CENSUS/01_CMU_SIGNAL_PATHS.txt",962,"FORMULA_OR_FINANCE","/root/Documents/.Trash/ANEKS_1_REVIZIJA_CAPEX_TITAN1_INSTITUTIONAL_FINAL_2026-05-10.docx"
"/root/CMU_IPHONE_CENSUS/01_CMU_SIGNAL_PATHS.txt",962,"STRATEGIC_PILLAR","/root/Documents/.Trash/ANEKS_1_REVIZIJA_CAPEX_TITAN1_INSTITUTIONAL_FINAL_2026-05-10.docx"
"/root/CMU_IPHONE_CENSUS/01_CMU_SIGNAL_PATHS.txt",967,"FORMULA_OR_FINANCE","/root/Documents/.Trash/ANEKS_1_REVIZIJA_CAPEX_TITAN1_EU_BRAND_2026-05-10.docx"
"/root/CMU_IPHONE_CENSUS/01_CMU_SIGNAL_PATHS.txt",968,"STRATEGIC_PILLAR","/root/Documents/.Trash/Titan_Grid_v6_2_Live_Lender_Linkage_Pack.xlsx"
"/root/CMU_IPHONE_CENSUS/01_CMU_SIGNAL_PATHS.txt",969,"FORMULA_OR_FINANCE","/root/Documents/.Trash/TITAN_Grid_Financial_Model_CSV_Exports.zip"
"/root/CMU_IPHONE_CENSUS/01_CMU_SIGNAL_PATHS.txt",970,"FORMULA_OR_FINANCE","/root/Documents/.Trash/ANEKS_1_REVIZIJA_CAPEX_TITAN1_FINAL_2026-05-10.docx"
"/root/CMU_IPHONE_CENSUS/01_CMU_SIGNAL_PATHS.txt",971,"FORMULA_OR_FINANCE","/root/Documents/.Trash/ANEKS_1_REVIZIJA_CAPEX_TITAN1_PROFESSIONAL_FINAL_2026-05-10.docx"
"/root/CMU_IPHONE_CENSUS/01_CMU_SIGNAL_PATHS.txt",973,"FORMULA_OR_FINANCE","/root/Documents/.Trash/ANEKS_1_REVIZIJA_CAPEX_TITAN1_INSTITUTIONAL_ULTRA_2026-05-10.docx"
"/root/CMU_IPHONE_CENSUS/01_CMU_SIGNAL_PATHS.txt",973,"STRATEGIC_PILLAR","/root/Documents/.Trash/ANEKS_1_REVIZIJA_CAPEX_TITAN1_INSTITUTIONAL_ULTRA_2026-05-10.docx"
"/root/CMU_IPHONE_CENSUS/01_CMU_SIGNAL_PATHS.txt",975,"STRATEGIC_PILLAR","/root/Documents/.Trash/TITAN_GRID_v5_Full_Lender_Closing_Book.pdf"
"/root/CMU_IPHONE_CENSUS/01_CMU_SIGNAL_PATHS.txt",976,"FORMULA_OR_FINANCE","/root/Documents/.Trash/ANEKS_1_REVIZIJA_CAPEX_TITAN1_EU_FOOTER_2026-05-10.docx"
"/root/CMU_IPHONE_CENSUS/01_CMU_SIGNAL_PATHS.txt",979,"FORMULA_OR_FINANCE","/root/Documents/003. PPP/TITAN_Execution_Control_Model.xlsx"
"/root/CMU_IPHONE_CENSUS/01_CMU_SIGNAL_PATHS.txt",983,"STRATEGIC_PILLAR","/root/Documents/003. PPP/TITAN_GRID_Decision_Brief.pdf"
"/root/CMU_IPHONE_CENSUS/01_CMU_SIGNAL_PATHS.txt",984,"STRATEGIC_PILLAR","/root/Documents/003. PPP/TITAN_GRID_Decision_Brief_v1.6.pdf"
"/root/CMU_IPHONE_CENSUS/01_CMU_SIGNAL_PATHS.txt",987,"FORMULA_OR_FINANCE","/root/Documents/ANEKS_1_REVIZIJA_CAPEX_TITAN1_EU_FOOTER_2026-05-10.docx"
"/root/CMU_IPHONE_CENSUS/01_CMU_SIGNAL_PATHS.txt",1003,"REPAIR_OR_GUARDRAIL","/root/DELTA_LENOVO_CENTRAL/04_CORE_CANDIDATE_REVIEW/CORE_RUNTIME_RISK_SCAN.txt"
"/root/CMU_IPHONE_CENSUS/01_CMU_SIGNAL_PATHS.txt",1005,"STRATEGIC_PILLAR","/root/DELTA_LENOVO_CENTRAL/00_IPHONE_NOTES_PRIORITY_INTAKE"
"/root/CMU_IPHONE_CENSUS/01_CMU_SIGNAL_PATHS.txt",1007,"STRATEGIC_PILLAR","/root/DELTA_LENOVO_CENTRAL/01_HASH_REGISTERS/IPHONE_NOTES_PRIORITY_SHA256_REGISTER.txt"
"/root/CMU_IPHONE_CENSUS/01_CMU_SIGNAL_PATHS.txt",1013,"STRATEGIC_PILLAR","/root/DELTA_LENOVO_CENTRAL/02_INDEX/IPHONE_NOTES_PRIORITY_INDEX.txt"
"/root/CMU_IPHONE_CENSUS/01_CMU_SIGNAL_PATHS.txt",1176,"STRATEGIC_PILLAR","/root/DELTA_LENOVO_CENTRAL/40_STEP_PROTOCOL/STEP_07_FUNCTION_CLASSIFICATION/STEP_07_SAFE_GOVERNANCE_FUNCTIONS.txt"
"/root/CMU_IPHONE_CENSUS/01_CMU_SIGNAL_PATHS.txt",1179,"STRATEGIC_PILLAR","/root/DELTA_LENOVO_CENTRAL/40_STEP_PROTOCOL/STEP_05_GOVERNANCE_EXTRACTION"
"/root/CMU_IPHONE_CENSUS/01_CMU_SIGNAL_PATHS.txt",1180,"STRATEGIC_PILLAR","/root/DELTA_LENOVO_CENTRAL/40_STEP_PROTOCOL/STEP_05_GOVERNANCE_EXTRACTION/STEP_05_CORE_GOVERNANCE_FUNCTIONS.txt"
"/root/CMU_IPHONE_CENSUS/01_CMU_SIGNAL_PATHS.txt",1181,"STRATEGIC_PILLAR","/root/DELTA_LENOVO_CENTRAL/40_STEP_PROTOCOL/STEP_05_GOVERNANCE_EXTRACTION/STEP_05_GOVERNANCE_SIGNALS.txt"
"/root/CMU_IPHONE_CENSUS/01_CMU_SIGNAL_PATHS.txt",1182,"STRATEGIC_PILLAR","/root/DELTA_LENOVO_CENTRAL/40_STEP_PROTOCOL/STEP_05_GOVERNANCE_EXTRACTION/STEP_05_STATUS.txt"
"/root/CMU_IPHONE_CENSUS/02_IMPORTANT_CONTROL_FILES.txt",112,"REPAIR_OR_GUARDRAIL","/usr/lib/gcc/i586-alpine-linux-musl/10.3.1/include-fixed/README"
"/root/CMU_IPHONE_CENSUS/02_IMPORTANT_CONTROL_FILES.txt",113,"STRATEGIC_PILLAR","/usr/lib/python3.9/lib-dynload/_testmultiphase.cpython-39-i386-linux-musl.so"
"/root/CMU_IPHONE_CENSUS/02_IMPORTANT_CONTROL_FILES.txt",130,"FORMULA_OR_FINANCE","/usr/lib/python3.9/site-packages/pip/_internal/models/index.py"
"/root/CMU_IPHONE_CENSUS/02_IMPORTANT_CONTROL_FILES.txt",131,"FORMULA_OR_FINANCE","/usr/lib/python3.9/site-packages/pip/_internal/models/__pycache__/index.cpython-39.pyc"
"/root/CMU_IPHONE_CENSUS/02_IMPORTANT_CONTROL_FILES.txt",182,"FORMULA_OR_FINANCE","/root/Documents/Exeli/ARS_CAPEX_Civil_Packages_v1.1_Harmonized_FINAL.xlsx"
"/root/CMU_IPHONE_CENSUS/02_IMPORTANT_CONTROL_FILES.txt",186,"FORMULA_OR_FINANCE","/root/Documents/003 DELTA/TITAN_98_99_100_Final_Orchestration_Boundary_v1.zip"
"/root/CMU_IPHONE_CENSUS/02_IMPORTANT_CONTROL_FILES.txt",187,"STRATEGIC_PILLAR","/root/Documents/003 DELTA/001. Skripte manual/Novo 1/Novo 2/TITAN_FORENSIC_REVISION_MASTER_v29_FINAL_CONSOLIDATED_INDEX_ROADMAP.docx"
"/root/CMU_IPHONE_CENSUS/02_IMPORTANT_CONTROL_FILES.txt",212,"FORMULA_OR_FINANCE","/root/Documents/Drive dokumenta /ARS_FINAL_HARMONIZED_MODEL.xlsx"
"/root/CMU_IPHONE_CENSUS/02_IMPORTANT_CONTROL_FILES.txt",213,"FORMULA_OR_FINANCE","/root/Documents/ANEKS_1_REVIZIJA_CAPEX_TITAN1_INSTITUTIONAL_FINAL_2026-05-10.docx"
"/root/CMU_IPHONE_CENSUS/02_IMPORTANT_CONTROL_FILES.txt",213,"STRATEGIC_PILLAR","/root/Documents/ANEKS_1_REVIZIJA_CAPEX_TITAN1_INSTITUTIONAL_FINAL_2026-05-10.docx"
"/root/CMU_IPHONE_CENSUS/02_IMPORTANT_CONTROL_FILES.txt",214,"FORMULA_OR_FINANCE","/root/Documents/01. DELTA REAL-TIME SSOT GENERATION POPLINE /README_DELTA_SSOT_SIGNAL_TO_DOCUMENT_GOVERNANCE_MAP.md"
"/root/CMU_IPHONE_CENSUS/02_IMPORTANT_CONTROL_FILES.txt",214,"STRATEGIC_PILLAR","/root/Documents/01. DELTA REAL-TIME SSOT GENERATION POPLINE /README_DELTA_SSOT_SIGNAL_TO_DOCUMENT_GOVERNANCE_MAP.md"
"/root/CMU_IPHONE_CENSUS/02_IMPORTANT_CONTROL_FILES.txt",253,"FORMULA_OR_FINANCE","/root/Documents/TITAN FINAL/Arhiva informacija/07. Gemini analize/Strateški model akvizicije ECO-a.pdf"
"/root/CMU_IPHONE_CENSUS/02_IMPORTANT_CONTROL_FILES.txt",272,"STRATEGIC_PILLAR","/root/Documents/TITAN FINAL/Arhiva informacija/06. Chek documents /Influence_Strategy_Combined.xlsx"
"/root/CMU_IPHONE_CENSUS/02_IMPORTANT_CONTROL_FILES.txt",328,"FORMULA_OR_FINANCE","/root/Documents/TITAN FINAL/28.03/VBA Script Review: DSCR & IRR Calculator.docx"
"/root/CMU_IPHONE_CENSUS/02_IMPORTANT_CONTROL_FILES.txt",336,"STRATEGIC_PILLAR","/root/Documents/TITAN FINAL/03.03/TITAN_Central_Brain_Governance_Export.xlsx"
"/root/CMU_IPHONE_CENSUS/02_IMPORTANT_CONTROL_FILES.txt",341,"FORMULA_OR_FINANCE","/root/Documents/TITAN FINAL/03.03/TITAN_IC_Pack_v2_LiveModel.pptx"
"/root/CMU_IPHONE_CENSUS/02_IMPORTANT_CONTROL_FILES.txt",346,"FORMULA_OR_FINANCE","/root/Documents/TITAN FINAL/03.03/TITAN_Central_Brain_v7_2_Lender_Model.xlsx"
"/root/CMU_IPHONE_CENSUS/02_IMPORTANT_CONTROL_FILES.txt",346,"STRATEGIC_PILLAR","/root/Documents/TITAN FINAL/03.03/TITAN_Central_Brain_v7_2_Lender_Model.xlsx"
"/root/CMU_IPHONE_CENSUS/02_IMPORTANT_CONTROL_FILES.txt",349,"STRATEGIC_PILLAR","/root/Documents/TITAN FINAL/03.03/TITAN_Central_Brain_v6_2_Lender_Grade.xlsx"
"/root/CMU_IPHONE_CENSUS/02_IMPORTANT_CONTROL_FILES.txt",352,"FORMULA_OR_FINANCE","/root/Documents/TITAN FINAL/03.03/bank_grade_eco_ars_3tab_model.xlsx"
"/root/CMU_IPHONE_CENSUS/02_IMPORTANT_CONTROL_FILES.txt",353,"FORMULA_OR_FINANCE","/root/Documents/TITAN FINAL/03.03/TITAN_model_full_integration.xlsx"
"/root/CMU_IPHONE_CENSUS/02_IMPORTANT_CONTROL_FILES.txt",360,"FORMULA_OR_FINANCE","/root/Documents/TITAN FINAL/03.03/ECO_Transformer_Bank_Grade_Sensitivity_Model_v1.xlsx"
"/root/CMU_IPHONE_CENSUS/02_IMPORTANT_CONTROL_FILES.txt",363,"STRATEGIC_PILLAR","/root/Documents/TITAN FINAL/27.03/TITAN_Central_Brain_v6_1_Institutional.xlsx"
"/root/CMU_IPHONE_CENSUS/02_IMPORTANT_CONTROL_FILES.txt",365,"FORMULA_OR_FINANCE","/root/Documents/TITAN FINAL/27.03/TITAN_Data_Room_v6_3_Automated/12_GRANTS"
"/root/CMU_IPHONE_CENSUS/02_IMPORTANT_CONTROL_FILES.txt",366,"FORMULA_OR_FINANCE","/root/Documents/TITAN FINAL/27.03/TITAN_Data_Room_v6_3_Automated/12_GRANTS/GR-03_WBIF_Eligibility.md"
"/root/CMU_IPHONE_CENSUS/02_IMPORTANT_CONTROL_FILES.txt",367,"FORMULA_OR_FINANCE","/root/Documents/TITAN FINAL/27.03/TITAN_Data_Room_v6_3_Automated/12_GRANTS/GR-05_Turkey_Industrial_Support.md"
"/root/CMU_IPHONE_CENSUS/02_IMPORTANT_CONTROL_FILES.txt",368,"FORMULA_OR_FINANCE","/root/Documents/TITAN FINAL/27.03/TITAN_Data_Room_v6_3_Automated/12_GRANTS/GR-09_Grant_Risk_Register.md"
"/root/CMU_IPHONE_CENSUS/02_IMPORTANT_CONTROL_FILES.txt",369,"FORMULA_OR_FINANCE","/root/Documents/TITAN FINAL/27.03/TITAN_Data_Room_v6_3_Automated/12_GRANTS/GR-04_Montenegro_Incentives.md"
"/root/CMU_IPHONE_CENSUS/02_IMPORTANT_CONTROL_FILES.txt",370,"FORMULA_OR_FINANCE","/root/Documents/TITAN FINAL/27.03/TITAN_Data_Room_v6_3_Automated/12_GRANTS/GR-08_Grant_Document_Checklist.md"
"/root/CMU_IPHONE_CENSUS/02_IMPORTANT_CONTROL_FILES.txt",371,"FORMULA_OR_FINANCE","/root/Documents/TITAN FINAL/27.03/TITAN_Data_Room_v6_3_Automated/12_GRANTS/GR-07_Grant_Compliance.md"
"/root/CMU_IPHONE_CENSUS/02_IMPORTANT_CONTROL_FILES.txt",372,"FORMULA_OR_FINANCE","/root/Documents/TITAN FINAL/27.03/TITAN_Data_Room_v6_3_Automated/12_GRANTS/GR-06_Grant_Timing_Model.md"
"/root/CMU_IPHONE_CENSUS/02_IMPORTANT_CONTROL_FILES.txt",373,"FORMULA_OR_FINANCE","/root/Documents/TITAN FINAL/27.03/TITAN_Data_Room_v6_3_Automated/12_GRANTS/GR-01_Grant_Strategy_Overview.md"
"/root/CMU_IPHONE_CENSUS/02_IMPORTANT_CONTROL_FILES.txt",373,"STRATEGIC_PILLAR","/root/Documents/TITAN FINAL/27.03/TITAN_Data_Room_v6_3_Automated/12_GRANTS/GR-01_Grant_Strategy_Overview.md"
"/root/CMU_IPHONE_CENSUS/02_IMPORTANT_CONTROL_FILES.txt",374,"FORMULA_OR_FINANCE","/root/Documents/TITAN FINAL/27.03/TITAN_Data_Room_v6_3_Automated/12_GRANTS/GR-02_EU_IPA_Documentation.md"
"/root/CMU_IPHONE_CENSUS/02_IMPORTANT_CONTROL_FILES.txt",383,"FORMULA_OR_FINANCE","/root/Documents/TITAN FINAL/27.03/TITAN_Data_Room_v6_3_Automated/03_MARKET_ANALYSIS/MKT-10_Commercial_Assumptions_Register.md"
"/root/CMU_IPHONE_CENSUS/02_IMPORTANT_CONTROL_FILES.txt",388,"FORMULA_OR_FINANCE","/root/Documents/TITAN FINAL/27.03/TITAN_Data_Room_v6_3_Automated/18_AUDIT/AUD-01_Financial_Audit.md"
"/root/CMU_IPHONE_CENSUS/02_IMPORTANT_CONTROL_FILES.txt",390,"FORMULA_OR_FINANCE","/root/Documents/TITAN FINAL/27.03/TITAN_Data_Room_v6_3_Automated/18_AUDIT/AUD-04_Model_Audit_Report.md"
"/root/CMU_IPHONE_CENSUS/02_IMPORTANT_CONTROL_FILES.txt",412,"FORMULA_OR_FINANCE","/root/Documents/TITAN FINAL/27.03/TITAN_Data_Room_v6_3_Automated/01_EXECUTIVE/EXE-06_Strategic_Rationale.md"
"/root/CMU_IPHONE_CENSUS/02_IMPORTANT_CONTROL_FILES.txt",412,"STRATEGIC_PILLAR","/root/Documents/TITAN FINAL/27.03/TITAN_Data_Room_v6_3_Automated/01_EXECUTIVE/EXE-06_Strategic_Rationale.md"
"/root/CMU_IPHONE_CENSUS/02_IMPORTANT_CONTROL_FILES.txt",423,"FORMULA_OR_FINANCE","/root/Documents/TITAN FINAL/27.03/TITAN_Data_Room_v6_3_Automated/13_RISK/RISK-02_CAPEX_Risk.md"
"/root/CMU_IPHONE_CENSUS/02_IMPORTANT_CONTROL_FILES.txt",425,"FORMULA_OR_FINANCE","/root/Documents/TITAN FINAL/27.03/TITAN_Data_Room_v6_3_Automated/13_RISK/RISK-06_Operational_Risk.md"
"/root/CMU_IPHONE_CENSUS/02_IMPORTANT_CONTROL_FILES.txt",430,"FORMULA_OR_FINANCE","/root/Documents/TITAN FINAL/27.03/TITAN_Data_Room_v6_3_Automated/06_CAPEX"
"/root/CMU_IPHONE_CENSUS/02_IMPORTANT_CONTROL_FILES.txt",431,"FORMULA_OR_FINANCE","/root/Documents/TITAN FINAL/27.03/TITAN_Data_Room_v6_3_Automated/06_CAPEX/CAPEX-04_Construction_Timeline.md"
"/root/CMU_IPHONE_CENSUS/02_IMPORTANT_CONTROL_FILES.txt",432,"FORMULA_OR_FINANCE","/root/Documents/TITAN FINAL/27.03/TITAN_Data_Room_v6_3_Automated/06_CAPEX/CAPEX-02_P90_CAPEX.md"
"/root/CMU_IPHONE_CENSUS/02_IMPORTANT_CONTROL_FILES.txt",433,"FORMULA_OR_FINANCE","/root/Documents/TITAN FINAL/27.03/TITAN_Data_Room_v6_3_Automated/06_CAPEX/CAPEX-08_Civil_Works_Scope.md"
"/root/CMU_IPHONE_CENSUS/02_IMPORTANT_CONTROL_FILES.txt",434,"FORMULA_OR_FINANCE","/root/Documents/TITAN FINAL/27.03/TITAN_Data_Room_v6_3_Automated/06_CAPEX/CAPEX-07_Expansion_CAPEX.md"
"/root/CMU_IPHONE_CENSUS/02_IMPORTANT_CONTROL_FILES.txt",435,"FORMULA_OR_FINANCE","/root/Documents/TITAN FINAL/27.03/TITAN_Data_Room_v6_3_Automated/06_CAPEX/CAPEX-01_Detailed_CAPEX_Breakdown.md"
"/root/CMU_IPHONE_CENSUS/02_IMPORTANT_CONTROL_FILES.txt",436,"FORMULA_OR_FINANCE","/root/Documents/TITAN FINAL/27.03/TITAN_Data_Room_v6_3_Automated/06_CAPEX/CAPEX-10_CAPEX_Assumptions_Register.md"
"/root/CMU_IPHONE_CENSUS/02_IMPORTANT_CONTROL_FILES.txt",437,"FORMULA_OR_FINANCE","/root/Documents/TITAN FINAL/27.03/TITAN_Data_Room_v6_3_Automated/06_CAPEX/CAPEX-05_Contingency_Analysis.md"
"/root/CMU_IPHONE_CENSUS/02_IMPORTANT_CONTROL_FILES.txt",438,"FORMULA_OR_FINANCE","/root/Documents/TITAN FINAL/27.03/TITAN_Data_Room_v6_3_Automated/06_CAPEX/CAPEX-03_Vendor_Quotes_Register.md"
"/root/CMU_IPHONE_CENSUS/02_IMPORTANT_CONTROL_FILES.txt",439,"FORMULA_OR_FINANCE","/root/Documents/TITAN FINAL/27.03/TITAN_Data_Room_v6_3_Automated/06_CAPEX/CAPEX-06_IDC_Calculation.md"
"/root/CMU_IPHONE_CENSUS/02_IMPORTANT_CONTROL_FILES.txt",440,"FORMULA_OR_FINANCE","/root/Documents/TITAN FINAL/27.03/TITAN_Data_Room_v6_3_Automated/06_CAPEX/CAPEX-09_Equipment_Scope.md"
"/root/CMU_IPHONE_CENSUS/02_IMPORTANT_CONTROL_FILES.txt",442,"FORMULA_OR_FINANCE","/root/Documents/TITAN FINAL/27.03/TITAN_Data_Room_v6_3_Automated/16_HR/HR-06_Headcount_Model.md"
"/root/CMU_IPHONE_CENSUS/02_IMPORTANT_CONTROL_FILES.txt",448,"REPAIR_OR_GUARDRAIL","/root/Documents/TITAN FINAL/27.03/TITAN_Data_Room_v6_3_Automated/16_HR/HR-07_Health_and_Safety.md"
"/root/CMU_IPHONE_CENSUS/02_IMPORTANT_CONTROL_FILES.txt",452,"FORMULA_OR_FINANCE","/root/Documents/TITAN FINAL/27.03/TITAN_Data_Room_v6_3_Automated/14_MONTE_CARLO/MC-02_Python_Model.md"
"/root/CMU_IPHONE_CENSUS/02_IMPORTANT_CONTROL_FILES.txt",453,"FORMULA_OR_FINANCE","/root/Documents/TITAN FINAL/27.03/TITAN_Data_Room_v6_3_Automated/14_MONTE_CARLO/MC-06_Equity_Downside.md"
"/root/CMU_IPHONE_CENSUS/02_IMPORTANT_CONTROL_FILES.txt",454,"FORMULA_OR_FINANCE","/root/Documents/TITAN FINAL/27.03/TITAN_Data_Room_v6_3_Automated/14_MONTE_CARLO/MC-04_DSCR_Distribution.md"
"/root/CMU_IPHONE_CENSUS/02_IMPORTANT_CONTROL_FILES.txt",458,"FORMULA_OR_FINANCE","/root/Documents/TITAN FINAL/27.03/TITAN_Data_Room_v6_3_Automated/14_MONTE_CARLO/MC-01_Simulation_Assumptions.md"
"/root/CMU_IPHONE_CENSUS/02_IMPORTANT_CONTROL_FILES.txt",469,"STRATEGIC_PILLAR","/root/Documents/TITAN FINAL/27.03/TITAN_Data_Room_v6_3_Automated/11_ESG/ESG-01_ESG_Strategy.md"
"/root/CMU_IPHONE_CENSUS/02_IMPORTANT_CONTROL_FILES.txt",474,"STRATEGIC_PILLAR","/root/Documents/TITAN FINAL/27.03/TITAN_Data_Room_v6_3_Automated/11_ESG/ESG-07_Governance_Framework.md"
"/root/CMU_IPHONE_CENSUS/02_IMPORTANT_CONTROL_FILES.txt",478,"FORMULA_OR_FINANCE","/root/Documents/TITAN FINAL/27.03/TITAN_Data_Room_v6_3_Automated/07_FINANCIAL_MODEL"
"/root/CMU_IPHONE_CENSUS/02_IMPORTANT_CONTROL_FILES.txt",479,"FORMULA_OR_FINANCE","/root/Documents/TITAN FINAL/27.03/TITAN_Data_Room_v6_3_Automated/07_FINANCIAL_MODEL/FIN-12_Grant_Integration_Model.md"
"/root/CMU_IPHONE_CENSUS/02_IMPORTANT_CONTROL_FILES.txt",480,"FORMULA_OR_FINANCE","/root/Documents/TITAN FINAL/27.03/TITAN_Data_Room_v6_3_Automated/07_FINANCIAL_MODEL/FIN-07_LLCR_PLCR_Model.md"
"/root/CMU_IPHONE_CENSUS/02_IMPORTANT_CONTROL_FILES.txt",481,"FORMULA_OR_FINANCE","/root/Documents/TITAN FINAL/27.03/TITAN_Data_Room_v6_3_Automated/07_FINANCIAL_MODEL/FIN-02_Assumptions_Book.md"
"/root/CMU_IPHONE_CENSUS/02_IMPORTANT_CONTROL_FILES.txt",482,"FORMULA_OR_FINANCE","/root/Documents/TITAN FINAL/27.03/TITAN_Data_Room_v6_3_Automated/07_FINANCIAL_MODEL/FIN-04_CFADS_Model.md"
"/root/CMU_IPHONE_CENSUS/02_IMPORTANT_CONTROL_FILES.txt",483,"FORMULA_OR_FINANCE","/root/Documents/TITAN FINAL/27.03/TITAN_Data_Room_v6_3_Automated/07_FINANCIAL_MODEL/FIN-05_Quarterly_Debt_Model.md"
"/root/CMU_IPHONE_CENSUS/02_IMPORTANT_CONTROL_FILES.txt",484,"FORMULA_OR_FINANCE","/root/Documents/TITAN FINAL/27.03/TITAN_Data_Room_v6_3_Automated/07_FINANCIAL_MODEL/FIN-11_Working_Capital_Model.md"
"/root/CMU_IPHONE_CENSUS/02_IMPORTANT_CONTROL_FILES.txt",485,"FORMULA_OR_FINANCE","/root/Documents/TITAN FINAL/27.03/TITAN_Data_Room_v6_3_Automated/07_FINANCIAL_MODEL/FIN-08_Sensitivity_Analysis.md"
"/root/CMU_IPHONE_CENSUS/02_IMPORTANT_CONTROL_FILES.txt",486,"FORMULA_OR_FINANCE","/root/Documents/TITAN FINAL/27.03/TITAN_Data_Room_v6_3_Automated/07_FINANCIAL_MODEL/FIN-09_Scenario_Analysis.md"
"/root/CMU_IPHONE_CENSUS/02_IMPORTANT_CONTROL_FILES.txt",487,"FORMULA_OR_FINANCE","/root/Documents/TITAN FINAL/27.03/TITAN_Data_Room_v6_3_Automated/07_FINANCIAL_MODEL/FIN-03_DSCR_Model.md"
"/root/CMU_IPHONE_CENSUS/02_IMPORTANT_CONTROL_FILES.txt",488,"FORMULA_OR_FINANCE","/root/Documents/TITAN FINAL/27.03/TITAN_Data_Room_v6_3_Automated/07_FINANCIAL_MODEL/FIN-06_DSRA_Model.md"
"/root/CMU_IPHONE_CENSUS/02_IMPORTANT_CONTROL_FILES.txt",489,"FORMULA_OR_FINANCE","/root/Documents/TITAN FINAL/27.03/TITAN_Data_Room_v6_3_Automated/07_FINANCIAL_MODEL/FIN-01_Central_Brain_Master_Model.md"
"/root/CMU_IPHONE_CENSUS/02_IMPORTANT_CONTROL_FILES.txt",490,"FORMULA_OR_FINANCE","/root/Documents/TITAN FINAL/27.03/TITAN_Data_Room_v6_3_Automated/07_FINANCIAL_MODEL/FIN-10_Dashboard_Notes.md"
"/root/CMU_IPHONE_CENSUS/02_IMPORTANT_CONTROL_FILES.txt",491,"FORMULA_OR_FINANCE","/root/Documents/TITAN FINAL/27.03/TITAN_Data_Room_v6_3_Automated/05_OPERATIONS"
"/root/CMU_IPHONE_CENSUS/02_IMPORTANT_CONTROL_FILES.txt",492,"FORMULA_OR_FINANCE","/root/Documents/TITAN FINAL/27.03/TITAN_Data_Room_v6_3_Automated/05_OPERATIONS/OPS-04_Logistics_Plan.md"
"/root/CMU_IPHONE_CENSUS/02_IMPORTANT_CONTROL_FILES.txt",493,"FORMULA_OR_FINANCE","/root/Documents/TITAN FINAL/27.03/TITAN_Data_Room_v6_3_Automated/05_OPERATIONS/OPS-05_Procurement_Strategy.md"
"/root/CMU_IPHONE_CENSUS/02_IMPORTANT_CONTROL_FILES.txt",493,"STRATEGIC_PILLAR","/root/Documents/TITAN FINAL/27.03/TITAN_Data_Room_v6_3_Automated/05_OPERATIONS/OPS-05_Procurement_Strategy.md"
"/root/CMU_IPHONE_CENSUS/02_IMPORTANT_CONTROL_FILES.txt",494,"FORMULA_OR_FINANCE","/root/Documents/TITAN FINAL/27.03/TITAN_Data_Room_v6_3_Automated/05_OPERATIONS/OPS-07_Maintenance_Plan.md"
"/root/CMU_IPHONE_CENSUS/02_IMPORTANT_CONTROL_FILES.txt",495,"FORMULA_OR_FINANCE","/root/Documents/TITAN FINAL/27.03/TITAN_Data_Room_v6_3_Automated/05_OPERATIONS/OPS-02_OEE_Assumptions.md"
"/root/CMU_IPHONE_CENSUS/02_IMPORTANT_CONTROL_FILES.txt",496,"FORMULA_OR_FINANCE","/root/Documents/TITAN FINAL/27.03/TITAN_Data_Room_v6_3_Automated/05_OPERATIONS/OPS-01_Production_Plan.md"
"/root/CMU_IPHONE_CENSUS/02_IMPORTANT_CONTROL_FILES.txt",497,"FORMULA_OR_FINANCE","/root/Documents/TITAN FINAL/27.03/TITAN_Data_Room_v6_3_Automated/05_OPERATIONS/OPS-06_Inventory_Policy.md"
"/root/CMU_IPHONE_CENSUS/02_IMPORTANT_CONTROL_FILES.txt",498,"FORMULA_OR_FINANCE","/root/Documents/TITAN FINAL/27.03/TITAN_Data_Room_v6_3_Automated/05_OPERATIONS/OPS-09_Ramp_Up_Plan.md"
"/root/CMU_IPHONE_CENSUS/02_IMPORTANT_CONTROL_FILES.txt",499,"FORMULA_OR_FINANCE","/root/Documents/TITAN FINAL/27.03/TITAN_Data_Room_v6_3_Automated/05_OPERATIONS/OPS-10_KPI_Framework.md"
"/root/CMU_IPHONE_CENSUS/02_IMPORTANT_CONTROL_FILES.txt",500,"FORMULA_OR_FINANCE","/root/Documents/TITAN FINAL/27.03/TITAN_Data_Room_v6_3_Automated/05_OPERATIONS/OPS-03_Supply_Chain_Map.md"
"/root/CMU_IPHONE_CENSUS/02_IMPORTANT_CONTROL_FILES.txt",501,"FORMULA_OR_FINANCE","/root/Documents/TITAN FINAL/27.03/TITAN_Data_Room_v6_3_Automated/05_OPERATIONS/OPS-08_Shift_Model.md"
"/root/CMU_IPHONE_CENSUS/02_IMPORTANT_CONTROL_FILES.txt",505,"REPAIR_OR_GUARDRAIL","/root/Documents/TITAN FINAL/27.03/TITAN_Data_Room_v6_3_Automated/17_IT_SYSTEMS/IT-06_Backup_and_Recovery.md"
"/root/CMU_IPHONE_CENSUS/02_IMPORTANT_CONTROL_FILES.txt",507,"FORMULA_OR_FINANCE","/root/Documents/TITAN FINAL/27.03/TITAN_Data_Room_v6_3_Automated/17_IT_SYSTEMS/IT-03_SCADA_Integration.md"
"/root/CMU_IPHONE_CENSUS/02_IMPORTANT_CONTROL_FILES.txt",513,"STRATEGIC_PILLAR","/root/Documents/TITAN FINAL/27.03/TITAN_Data_Room_v6_3_Automated/09_LEGAL/LEG-07_Corporate_Governance.md"
"/root/CMU_IPHONE_CENSUS/02_IMPORTANT_CONTROL_FILES.txt",515,"FORMULA_OR_FINANCE","/root/Documents/TITAN FINAL/27.03/TITAN_Data_Room_v6_3_Automated/09_LEGAL/LEG-01_Company_Registration.md"
"/root/CMU_IPHONE_CENSUS/02_IMPORTANT_CONTROL_FILES.txt",533,"STRATEGIC_PILLAR","/root/Documents/TITAN FINAL/27.03/TITAN_Data_Room_v6_3_Automated/19_DATA_ROOM_LOG/LOG-03_Investor_Access_Log.csv"
"/root/CMU_IPHONE_CENSUS/02_IMPORTANT_CONTROL_FILES.txt",548,"FORMULA_OR_FINANCE","/root/Documents/TITAN FINAL/27.03/TITAN_Data_Room_v6_3_Automated/08_FUNDING/FUND-05_Equity_Story.md"
"/root/CMU_IPHONE_CENSUS/02_IMPORTANT_CONTROL_FILES.txt",549,"FORMULA_OR_FINANCE","/root/Documents/TITAN FINAL/27.03/TITAN_Data_Room_v6_3_Automated/08_FUNDING/FUND-08_Debt_Marketing_List.md"
"/root/CMU_IPHONE_CENSUS/02_IMPORTANT_CONTROL_FILES.txt",550,"STRATEGIC_PILLAR","/root/Documents/TITAN FINAL/27.03/TITAN_Data_Room_v6_3_Automated/08_FUNDING/FUND-07_Refinancing_Strategy.md"
"/root/CMU_IPHONE_CENSUS/02_IMPORTANT_CONTROL_FILES.txt",551,"FORMULA_OR_FINANCE","/root/Documents/TITAN FINAL/27.03/TITAN_Data_Room_v6_3_Automated/08_FUNDING/FUND-02_Debt_Term_Sheet.md"
"/root/CMU_IPHONE_CENSUS/02_IMPORTANT_CONTROL_FILES.txt",552,"STRATEGIC_PILLAR","/root/Documents/TITAN FINAL/27.03/TITAN_Data_Room_v6_3_Automated/08_FUNDING/FUND-06_Co_Investment_Strategy.md"
"/root/CMU_IPHONE_CENSUS/02_IMPORTANT_CONTROL_FILES.txt",553,"STRATEGIC_PILLAR","/root/Documents/TITAN FINAL/27.03/TITAN_Data_Room_v6_3_Automated/08_FUNDING/FUND-04_Lender_Presentation_EBRD.md"
"/root/CMU_IPHONE_CENSUS/02_IMPORTANT_CONTROL_FILES.txt",554,"STRATEGIC_PILLAR","/root/Documents/TITAN FINAL/27.03/TITAN_Data_Room_v6_3_Automated/08_FUNDING/FUND-03_Lender_Presentation_EIB.md"
"/root/CMU_IPHONE_CENSUS/02_IMPORTANT_CONTROL_FILES.txt",556,"STRATEGIC_PILLAR","/root/Documents/TITAN FINAL/27.03/TITAN_Data_Room_v6_3_Automated/08_FUNDING/FUND-09_Lender_QA_Register.md"
"/root/CMU_IPHONE_CENSUS/02_IMPORTANT_CONTROL_FILES.txt",563,"FORMULA_OR_FINANCE","/root/Documents/TITAN FINAL/27.03/TITAN_Central_Brain_v6_2_Lender_Model_FINAL.xlsx"
"/root/CMU_IPHONE_CENSUS/02_IMPORTANT_CONTROL_FILES.txt",563,"STRATEGIC_PILLAR","/root/Documents/TITAN FINAL/27.03/TITAN_Central_Brain_v6_2_Lender_Model_FINAL.xlsx"
"/root/CMU_IPHONE_CENSUS/02_IMPORTANT_CONTROL_FILES.txt",575,"FORMULA_OR_FINANCE","/root/Documents/TITAN FINAL/27.03/TITAN_Central_Brain_v6_1_Lender_Model.xlsx"
"/root/CMU_IPHONE_CENSUS/02_IMPORTANT_CONTROL_FILES.txt",575,"STRATEGIC_PILLAR","/root/Documents/TITAN FINAL/27.03/TITAN_Central_Brain_v6_1_Lender_Model.xlsx"
"/root/CMU_IPHONE_CENSUS/02_IMPORTANT_CONTROL_FILES.txt",580,"FORMULA_OR_FINANCE","/root/Documents/0000000000000/DANASSSSS/ARS_CAPEX_Civil_Packages_v1.1_Harmonized_FINAL.xlsx"
"/root/CMU_IPHONE_CENSUS/02_IMPORTANT_CONTROL_FILES.txt",590,"FORMULA_OR_FINANCE","/root/Documents/Titan grid/Prezentacija/Nove kalkulacija  24.03/ARS_CAPEX_Civil_Packages_v1.1_Harmonized_FINAL_FIXED.xlsx"
"/root/CMU_IPHONE_CENSUS/02_IMPORTANT_CONTROL_FILES.txt",590,"REPAIR_OR_GUARDRAIL","/root/Documents/Titan grid/Prezentacija/Nove kalkulacija  24.03/ARS_CAPEX_Civil_Packages_v1.1_Harmonized_FINAL_FIXED.xlsx"
"/root/CMU_IPHONE_CENSUS/02_IMPORTANT_CONTROL_FILES.txt",597,"FORMULA_OR_FINANCE","/root/Documents/FINAL_SEND_PACKAGE_TITAN1_2026-05-10/ANEKS_1_REVIZIJA_CAPEX_TITAN1_v4_2026-05-10.docx"
"/root/CMU_IPHONE_CENSUS/02_IMPORTANT_CONTROL_FILES.txt",598,"FORMULA_OR_FINANCE","/root/Documents/FINAL_SEND_PACKAGE_TITAN1_2026-05-10/ANEKS_1_REVIZIJA_CAPEX_TITAN1_2026-05-10.docx"
"/root/CMU_IPHONE_CENSUS/02_IMPORTANT_CONTROL_FILES.txt",601,"FORMULA_OR_FINANCE","/root/Documents/FINAL_SEND_PACKAGE_TITAN1_2026-05-10/ANEKS_1_REVIZIJA_CAPEX_TITAN1_INSTITUTIONAL_ULTRA_2026-05-10.docx"
"/root/CMU_IPHONE_CENSUS/02_IMPORTANT_CONTROL_FILES.txt",601,"STRATEGIC_PILLAR","/root/Documents/FINAL_SEND_PACKAGE_TITAN1_2026-05-10/ANEKS_1_REVIZIJA_CAPEX_TITAN1_INSTITUTIONAL_ULTRA_2026-05-10.docx"
"/root/CMU_IPHONE_CENSUS/02_IMPORTANT_CONTROL_FILES.txt",602,"FORMULA_OR_FINANCE","/root/Documents/ANEKS_1_REVIZIJA_CAPEX_TITAN1_FINAL_2026-05-10.docx"
"/root/CMU_IPHONE_CENSUS/02_IMPORTANT_CONTROL_FILES.txt",611,"FORMULA_OR_FINANCE","/root/Documents/ANEKS_1_REVIZIJA_CAPEX_TITAN1_PROFESSIONAL_FINAL_2026-05-10.docx"
"/root/CMU_IPHONE_CENSUS/02_IMPORTANT_CONTROL_FILES.txt",614,"FORMULA_OR_FINANCE","/root/Documents/.Trash/ANEKS_1_REVIZIJA_CAPEX_TITAN1_INSTITUTIONAL_FINAL_2026-05-10.docx"
"/root/CMU_IPHONE_CENSUS/02_IMPORTANT_CONTROL_FILES.txt",614,"STRATEGIC_PILLAR","/root/Documents/.Trash/ANEKS_1_REVIZIJA_CAPEX_TITAN1_INSTITUTIONAL_FINAL_2026-05-10.docx"
"/root/CMU_IPHONE_CENSUS/02_IMPORTANT_CONTROL_FILES.txt",615,"FORMULA_OR_FINANCE","/root/Documents/.Trash/ANEKS_1_REVIZIJA_CAPEX_TITAN1_FINAL_2026-05-10.docx"
"/root/CMU_IPHONE_CENSUS/02_IMPORTANT_CONTROL_FILES.txt",616,"FORMULA_OR_FINANCE","/root/Documents/.Trash/ANEKS_1_REVIZIJA_CAPEX_TITAN1_PROFESSIONAL_FINAL_2026-05-10.docx"
"/root/CMU_IPHONE_CENSUS/02_IMPORTANT_CONTROL_FILES.txt",622,"STRATEGIC_PILLAR","/root/Documents/00_MASTER_TOKEN_AUTHORITY/generate_ANEKS1_institutional_final.py"
"/root/CMU_IPHONE_CENSUS/02_IMPORTANT_CONTROL_FILES.txt",628,"STRATEGIC_PILLAR","/root/DELTA_LENOVO_CENTRAL/01_HASH_REGISTERS/IPHONE_NOTES_PRIORITY_SHA256_REGISTER.txt"
"/root/CMU_IPHONE_CENSUS/02_IMPORTANT_CONTROL_FILES.txt",632,"STRATEGIC_PILLAR","/root/DELTA_LENOVO_CENTRAL/02_INDEX/IPHONE_NOTES_PRIORITY_INDEX.txt"
"/root/CMU_IPHONE_CENSUS/02_IMPORTANT_CONTROL_FILES.txt",645,"STRATEGIC_PILLAR","/root/DELTA_LENOVO_CENTRAL/40_STEP_PROTOCOL/STEP_07_FUNCTION_CLASSIFICATION/STEP_07_SAFE_GOVERNANCE_FUNCTIONS.txt"
"/root/CMU_IPHONE_CENSUS/02_IMPORTANT_CONTROL_FILES.txt",648,"STRATEGIC_PILLAR","/root/DELTA_LENOVO_CENTRAL/40_STEP_PROTOCOL/STEP_05_GOVERNANCE_EXTRACTION"
"/root/CMU_IPHONE_CENSUS/02_IMPORTANT_CONTROL_FILES.txt",649,"STRATEGIC_PILLAR","/root/DELTA_LENOVO_CENTRAL/40_STEP_PROTOCOL/STEP_05_GOVERNANCE_EXTRACTION/STEP_05_CORE_GOVERNANCE_FUNCTIONS.txt"
"/root/CMU_IPHONE_CENSUS/02_IMPORTANT_CONTROL_FILES.txt",650,"STRATEGIC_PILLAR","/root/DELTA_LENOVO_CENTRAL/40_STEP_PROTOCOL/STEP_05_GOVERNANCE_EXTRACTION/STEP_05_GOVERNANCE_SIGNALS.txt"
"/root/CMU_IPHONE_CENSUS/02_IMPORTANT_CONTROL_FILES.txt",651,"STRATEGIC_PILLAR","/root/DELTA_LENOVO_CENTRAL/40_STEP_PROTOCOL/STEP_05_GOVERNANCE_EXTRACTION/STEP_05_STATUS.txt"
"/root/CMU_IPHONE_CENSUS/02_IMPORTANT_CONTROL_FILES.txt",794,"REPAIR_OR_GUARDRAIL","/tmp/pip-install-ceuwklo9/numpy_e4000c6ba0e24a5b864acecd519a1db4/numpy/_core/tests/test_indexerrors.py"
"/root/CMU_IPHONE_CENSUS/02_IMPORTANT_CONTROL_FILES.txt",838,"STRATEGIC_PILLAR","/tmp/pip-install-ceuwklo9/numpy_e4000c6ba0e24a5b864acecd519a1db4/doc/source/dev/governance/index.rst"
"/root/CMU_IPHONE_CENSUS/02_IMPORTANT_CONTROL_FILES.txt",841,"FORMULA_OR_FINANCE","/tmp/pip-install-ceuwklo9/numpy_e4000c6ba0e24a5b864acecd519a1db4/doc/source/reference/distutils_status_migration.rst"
"/root/CMU_IPHONE_CENSUS/02_IMPORTANT_CONTROL_FILES.txt",1957,"REPAIR_OR_GUARDRAIL","/tmp/pip-install-7hbvlc7m/numpy_739972369c0d47ee87210ef1be65d904/numpy/_core/tests/test_indexerrors.py"
"/root/CMU_IPHONE_CENSUS/03_CANDIDATE_FOLDERS.txt",10,"FORMULA_OR_FINANCE","/root/Documents/01. DELTA REAL-TIME SSOT GENERATION POPLINE "
"/root/CMU_IPHONE_CENSUS/03_CANDIDATE_FOLDERS.txt",33,"FORMULA_OR_FINANCE","/root/Documents/TITAN FINAL/27.03/TITAN_Data_Room_v6_3_Automated/12_GRANTS"
"/root/CMU_IPHONE_CENSUS/03_CANDIDATE_FOLDERS.txt",40,"FORMULA_OR_FINANCE","/root/Documents/TITAN FINAL/27.03/TITAN_Data_Room_v6_3_Automated/06_CAPEX"
"/root/CMU_IPHONE_CENSUS/03_CANDIDATE_FOLDERS.txt",45,"FORMULA_OR_FINANCE","/root/Documents/TITAN FINAL/27.03/TITAN_Data_Room_v6_3_Automated/07_FINANCIAL_MODEL"
"/root/CMU_IPHONE_CENSUS/03_CANDIDATE_FOLDERS.txt",46,"FORMULA_OR_FINANCE","/root/Documents/TITAN FINAL/27.03/TITAN_Data_Room_v6_3_Automated/05_OPERATIONS"
"/root/CMU_IPHONE_CENSUS/03_CANDIDATE_FOLDERS.txt",65,"FORMULA_OR_FINANCE","/root/Documents/Titan grid/Prezentacija/Nove kalkulacija  24.03/25.03/Titan_Grid_v52_Data_Room_Ready/01_Model"
"/root/CMU_IPHONE_CENSUS/03_CANDIDATE_FOLDERS.txt",73,"STRATEGIC_PILLAR","/root/DELTA_LENOVO_CENTRAL/00_IPHONE_NOTES_PRIORITY_INTAKE"
"/root/CMU_IPHONE_CENSUS/03_CANDIDATE_FOLDERS.txt",88,"STRATEGIC_PILLAR","/root/DELTA_LENOVO_CENTRAL/40_STEP_PROTOCOL/STEP_05_GOVERNANCE_EXTRACTION"
"/root/CMU_IPHONE_CENSUS/03_CANDIDATE_FOLDERS.txt",133,"STRATEGIC_PILLAR","/tmp/pip-install-ceuwklo9/numpy_e4000c6ba0e24a5b864acecd519a1db4/doc/source/dev/governance"
"/root/CMU_IPHONE_CENSUS/03_CANDIDATE_FOLDERS.txt",163,"STRATEGIC_PILLAR","/tmp/pip-install-7hbvlc7m/numpy_739972369c0d47ee87210ef1be65d904/doc/source/dev/governance"
"/root/CMU_IPHONE_CENSUS/03_CANDIDATE_FOLDERS.txt",183,"STRATEGIC_PILLAR","/tmp/pip-install-yxoffi12/numpy_4b3c170d02474426a9f0e63cf99f5a4f/doc/source/dev/governance"
"/root/CMU_IPHONE_CENSUS/03_CANDIDATE_FOLDERS.txt",198,"STRATEGIC_PILLAR","/tmp/pip-install-m5_mvhl1/numpy_1788aa296b04457a8ad46784c69ee619/doc/source/dev/governance"
"/root/CMU_IPHONE_CENSUS/04_NEWEST_300_FILES.txt",27,"REPAIR_OR_GUARDRAIL","-rw-r--r--    1 root     root             0 Apr 18  2023 /usr/include/bits/ioctl_fix.h"
"/root/CMU_IPHONE_CENSUS/05_TITAN_FINAL_FILE_HASHES.txt",32,"FORMULA_OR_FINANCE","779d3c6d2875e5fd07bf8bf8d9a50ba847c6b829c819c7c96f1dd9e39d2a6c12  /root/Documents/TITAN FINAL/Arhiva informacija/07. Gemini analize/Strateški model akvizicije ECO-a.pdf"
"/root/CMU_IPHONE_CENSUS/06_TITAN_FINAL_FILE_INDEX.txt",32,"FORMULA_OR_FINANCE","/root/Documents/TITAN FINAL/Arhiva informacija/07. Gemini analize/Strateški model akvizicije ECO-a.pdf"
"/root/CMU_IPHONE_CENSUS/06_TITAN_FINAL_FILE_INDEX.txt",46,"STRATEGIC_PILLAR","/root/Documents/TITAN FINAL/Arhiva informacija/06. Chek documents /Influence_Strategy_Combined.xlsx"
"/root/CMU_IPHONE_CENSUS/06_TITAN_FINAL_FILE_INDEX.txt",96,"FORMULA_OR_FINANCE","/root/Documents/TITAN FINAL/28.03/VBA Script Review: DSCR & IRR Calculator.docx"
"/root/CMU_IPHONE_CENSUS/06_TITAN_FINAL_FILE_INDEX.txt",102,"STRATEGIC_PILLAR","/root/Documents/TITAN FINAL/03.03/TITAN_Central_Brain_Governance_Export.xlsx"
"/root/CMU_IPHONE_CENSUS/06_TITAN_FINAL_FILE_INDEX.txt",107,"FORMULA_OR_FINANCE","/root/Documents/TITAN FINAL/03.03/TITAN_IC_Pack_v2_LiveModel.pptx"
"/root/CMU_IPHONE_CENSUS/06_TITAN_FINAL_FILE_INDEX.txt",112,"FORMULA_OR_FINANCE","/root/Documents/TITAN FINAL/03.03/TITAN_Central_Brain_v7_2_Lender_Model.xlsx"
"/root/CMU_IPHONE_CENSUS/06_TITAN_FINAL_FILE_INDEX.txt",112,"STRATEGIC_PILLAR","/root/Documents/TITAN FINAL/03.03/TITAN_Central_Brain_v7_2_Lender_Model.xlsx"
"/root/CMU_IPHONE_CENSUS/06_TITAN_FINAL_FILE_INDEX.txt",115,"STRATEGIC_PILLAR","/root/Documents/TITAN FINAL/03.03/TITAN_Central_Brain_v6_2_Lender_Grade.xlsx"
"/root/CMU_IPHONE_CENSUS/06_TITAN_FINAL_FILE_INDEX.txt",118,"FORMULA_OR_FINANCE","/root/Documents/TITAN FINAL/03.03/bank_grade_eco_ars_3tab_model.xlsx"
"/root/CMU_IPHONE_CENSUS/06_TITAN_FINAL_FILE_INDEX.txt",119,"FORMULA_OR_FINANCE","/root/Documents/TITAN FINAL/03.03/TITAN_model_full_integration.xlsx"
"/root/CMU_IPHONE_CENSUS/06_TITAN_FINAL_FILE_INDEX.txt",126,"FORMULA_OR_FINANCE","/root/Documents/TITAN FINAL/03.03/ECO_Transformer_Bank_Grade_Sensitivity_Model_v1.xlsx"
"/root/CMU_IPHONE_CENSUS/06_TITAN_FINAL_FILE_INDEX.txt",128,"STRATEGIC_PILLAR","/root/Documents/TITAN FINAL/27.03/TITAN_Central_Brain_v6_1_Institutional.xlsx"
"/root/CMU_IPHONE_CENSUS/06_TITAN_FINAL_FILE_INDEX.txt",129,"FORMULA_OR_FINANCE","/root/Documents/TITAN FINAL/27.03/TITAN_Data_Room_v6_3_Automated/12_GRANTS/GR-03_WBIF_Eligibility.md"
"/root/CMU_IPHONE_CENSUS/06_TITAN_FINAL_FILE_INDEX.txt",130,"FORMULA_OR_FINANCE","/root/Documents/TITAN FINAL/27.03/TITAN_Data_Room_v6_3_Automated/12_GRANTS/GR-05_Turkey_Industrial_Support.md"
"/root/CMU_IPHONE_CENSUS/06_TITAN_FINAL_FILE_INDEX.txt",131,"FORMULA_OR_FINANCE","/root/Documents/TITAN FINAL/27.03/TITAN_Data_Room_v6_3_Automated/12_GRANTS/GR-09_Grant_Risk_Register.md"
"/root/CMU_IPHONE_CENSUS/06_TITAN_FINAL_FILE_INDEX.txt",132,"FORMULA_OR_FINANCE","/root/Documents/TITAN FINAL/27.03/TITAN_Data_Room_v6_3_Automated/12_GRANTS/GR-04_Montenegro_Incentives.md"
"/root/CMU_IPHONE_CENSUS/06_TITAN_FINAL_FILE_INDEX.txt",133,"FORMULA_OR_FINANCE","/root/Documents/TITAN FINAL/27.03/TITAN_Data_Room_v6_3_Automated/12_GRANTS/GR-08_Grant_Document_Checklist.md"
"/root/CMU_IPHONE_CENSUS/06_TITAN_FINAL_FILE_INDEX.txt",134,"FORMULA_OR_FINANCE","/root/Documents/TITAN FINAL/27.03/TITAN_Data_Room_v6_3_Automated/12_GRANTS/GR-07_Grant_Compliance.md"
"/root/CMU_IPHONE_CENSUS/06_TITAN_FINAL_FILE_INDEX.txt",135,"FORMULA_OR_FINANCE","/root/Documents/TITAN FINAL/27.03/TITAN_Data_Room_v6_3_Automated/12_GRANTS/GR-06_Grant_Timing_Model.md"
"/root/CMU_IPHONE_CENSUS/06_TITAN_FINAL_FILE_INDEX.txt",136,"FORMULA_OR_FINANCE","/root/Documents/TITAN FINAL/27.03/TITAN_Data_Room_v6_3_Automated/12_GRANTS/GR-01_Grant_Strategy_Overview.md"
"/root/CMU_IPHONE_CENSUS/06_TITAN_FINAL_FILE_INDEX.txt",136,"STRATEGIC_PILLAR","/root/Documents/TITAN FINAL/27.03/TITAN_Data_Room_v6_3_Automated/12_GRANTS/GR-01_Grant_Strategy_Overview.md"
"/root/CMU_IPHONE_CENSUS/06_TITAN_FINAL_FILE_INDEX.txt",137,"FORMULA_OR_FINANCE","/root/Documents/TITAN FINAL/27.03/TITAN_Data_Room_v6_3_Automated/12_GRANTS/GR-02_EU_IPA_Documentation.md"
"/root/CMU_IPHONE_CENSUS/06_TITAN_FINAL_FILE_INDEX.txt",145,"FORMULA_OR_FINANCE","/root/Documents/TITAN FINAL/27.03/TITAN_Data_Room_v6_3_Automated/03_MARKET_ANALYSIS/MKT-10_Commercial_Assumptions_Register.md"
"/root/CMU_IPHONE_CENSUS/06_TITAN_FINAL_FILE_INDEX.txt",149,"FORMULA_OR_FINANCE","/root/Documents/TITAN FINAL/27.03/TITAN_Data_Room_v6_3_Automated/18_AUDIT/AUD-01_Financial_Audit.md"
"/root/CMU_IPHONE_CENSUS/06_TITAN_FINAL_FILE_INDEX.txt",151,"FORMULA_OR_FINANCE","/root/Documents/TITAN FINAL/27.03/TITAN_Data_Room_v6_3_Automated/18_AUDIT/AUD-04_Model_Audit_Report.md"
"/root/CMU_IPHONE_CENSUS/06_TITAN_FINAL_FILE_INDEX.txt",170,"FORMULA_OR_FINANCE","/root/Documents/TITAN FINAL/27.03/TITAN_Data_Room_v6_3_Automated/01_EXECUTIVE/EXE-06_Strategic_Rationale.md"
"/root/CMU_IPHONE_CENSUS/06_TITAN_FINAL_FILE_INDEX.txt",170,"STRATEGIC_PILLAR","/root/Documents/TITAN FINAL/27.03/TITAN_Data_Room_v6_3_Automated/01_EXECUTIVE/EXE-06_Strategic_Rationale.md"
"/root/CMU_IPHONE_CENSUS/06_TITAN_FINAL_FILE_INDEX.txt",180,"FORMULA_OR_FINANCE","/root/Documents/TITAN FINAL/27.03/TITAN_Data_Room_v6_3_Automated/13_RISK/RISK-02_CAPEX_Risk.md"
"/root/CMU_IPHONE_CENSUS/06_TITAN_FINAL_FILE_INDEX.txt",182,"FORMULA_OR_FINANCE","/root/Documents/TITAN FINAL/27.03/TITAN_Data_Room_v6_3_Automated/13_RISK/RISK-06_Operational_Risk.md"
"/root/CMU_IPHONE_CENSUS/06_TITAN_FINAL_FILE_INDEX.txt",187,"FORMULA_OR_FINANCE","/root/Documents/TITAN FINAL/27.03/TITAN_Data_Room_v6_3_Automated/06_CAPEX/CAPEX-04_Construction_Timeline.md"
"/root/CMU_IPHONE_CENSUS/06_TITAN_FINAL_FILE_INDEX.txt",188,"FORMULA_OR_FINANCE","/root/Documents/TITAN FINAL/27.03/TITAN_Data_Room_v6_3_Automated/06_CAPEX/CAPEX-02_P90_CAPEX.md"
"/root/CMU_IPHONE_CENSUS/06_TITAN_FINAL_FILE_INDEX.txt",189,"FORMULA_OR_FINANCE","/root/Documents/TITAN FINAL/27.03/TITAN_Data_Room_v6_3_Automated/06_CAPEX/CAPEX-08_Civil_Works_Scope.md"
"/root/CMU_IPHONE_CENSUS/06_TITAN_FINAL_FILE_INDEX.txt",190,"FORMULA_OR_FINANCE","/root/Documents/TITAN FINAL/27.03/TITAN_Data_Room_v6_3_Automated/06_CAPEX/CAPEX-07_Expansion_CAPEX.md"
"/root/CMU_IPHONE_CENSUS/06_TITAN_FINAL_FILE_INDEX.txt",191,"FORMULA_OR_FINANCE","/root/Documents/TITAN FINAL/27.03/TITAN_Data_Room_v6_3_Automated/06_CAPEX/CAPEX-01_Detailed_CAPEX_Breakdown.md"
"/root/CMU_IPHONE_CENSUS/06_TITAN_FINAL_FILE_INDEX.txt",192,"FORMULA_OR_FINANCE","/root/Documents/TITAN FINAL/27.03/TITAN_Data_Room_v6_3_Automated/06_CAPEX/CAPEX-10_CAPEX_Assumptions_Register.md"
"/root/CMU_IPHONE_CENSUS/06_TITAN_FINAL_FILE_INDEX.txt",193,"FORMULA_OR_FINANCE","/root/Documents/TITAN FINAL/27.03/TITAN_Data_Room_v6_3_Automated/06_CAPEX/CAPEX-05_Contingency_Analysis.md"
"/root/CMU_IPHONE_CENSUS/06_TITAN_FINAL_FILE_INDEX.txt",194,"FORMULA_OR_FINANCE","/root/Documents/TITAN FINAL/27.03/TITAN_Data_Room_v6_3_Automated/06_CAPEX/CAPEX-03_Vendor_Quotes_Register.md"
"/root/CMU_IPHONE_CENSUS/06_TITAN_FINAL_FILE_INDEX.txt",195,"FORMULA_OR_FINANCE","/root/Documents/TITAN FINAL/27.03/TITAN_Data_Room_v6_3_Automated/06_CAPEX/CAPEX-06_IDC_Calculation.md"
"/root/CMU_IPHONE_CENSUS/06_TITAN_FINAL_FILE_INDEX.txt",196,"FORMULA_OR_FINANCE","/root/Documents/TITAN FINAL/27.03/TITAN_Data_Room_v6_3_Automated/06_CAPEX/CAPEX-09_Equipment_Scope.md"
"/root/CMU_IPHONE_CENSUS/06_TITAN_FINAL_FILE_INDEX.txt",197,"FORMULA_OR_FINANCE","/root/Documents/TITAN FINAL/27.03/TITAN_Data_Room_v6_3_Automated/16_HR/HR-06_Headcount_Model.md"
"/root/CMU_IPHONE_CENSUS/06_TITAN_FINAL_FILE_INDEX.txt",203,"REPAIR_OR_GUARDRAIL","/root/Documents/TITAN FINAL/27.03/TITAN_Data_Room_v6_3_Automated/16_HR/HR-07_Health_and_Safety.md"
"/root/CMU_IPHONE_CENSUS/06_TITAN_FINAL_FILE_INDEX.txt",206,"FORMULA_OR_FINANCE","/root/Documents/TITAN FINAL/27.03/TITAN_Data_Room_v6_3_Automated/14_MONTE_CARLO/MC-02_Python_Model.md"
"/root/CMU_IPHONE_CENSUS/06_TITAN_FINAL_FILE_INDEX.txt",207,"FORMULA_OR_FINANCE","/root/Documents/TITAN FINAL/27.03/TITAN_Data_Room_v6_3_Automated/14_MONTE_CARLO/MC-06_Equity_Downside.md"
"/root/CMU_IPHONE_CENSUS/06_TITAN_FINAL_FILE_INDEX.txt",208,"FORMULA_OR_FINANCE","/root/Documents/TITAN FINAL/27.03/TITAN_Data_Room_v6_3_Automated/14_MONTE_CARLO/MC-04_DSCR_Distribution.md"
"/root/CMU_IPHONE_CENSUS/06_TITAN_FINAL_FILE_INDEX.txt",212,"FORMULA_OR_FINANCE","/root/Documents/TITAN FINAL/27.03/TITAN_Data_Room_v6_3_Automated/14_MONTE_CARLO/MC-01_Simulation_Assumptions.md"
"/root/CMU_IPHONE_CENSUS/06_TITAN_FINAL_FILE_INDEX.txt",221,"STRATEGIC_PILLAR","/root/Documents/TITAN FINAL/27.03/TITAN_Data_Room_v6_3_Automated/11_ESG/ESG-01_ESG_Strategy.md"
"/root/CMU_IPHONE_CENSUS/06_TITAN_FINAL_FILE_INDEX.txt",226,"STRATEGIC_PILLAR","/root/Documents/TITAN FINAL/27.03/TITAN_Data_Room_v6_3_Automated/11_ESG/ESG-07_Governance_Framework.md"
"/root/CMU_IPHONE_CENSUS/06_TITAN_FINAL_FILE_INDEX.txt",230,"FORMULA_OR_FINANCE","/root/Documents/TITAN FINAL/27.03/TITAN_Data_Room_v6_3_Automated/07_FINANCIAL_MODEL/FIN-12_Grant_Integration_Model.md"
"/root/CMU_IPHONE_CENSUS/06_TITAN_FINAL_FILE_INDEX.txt",231,"FORMULA_OR_FINANCE","/root/Documents/TITAN FINAL/27.03/TITAN_Data_Room_v6_3_Automated/07_FINANCIAL_MODEL/FIN-07_LLCR_PLCR_Model.md"
"/root/CMU_IPHONE_CENSUS/06_TITAN_FINAL_FILE_INDEX.txt",232,"FORMULA_OR_FINANCE","/root/Documents/TITAN FINAL/27.03/TITAN_Data_Room_v6_3_Automated/07_FINANCIAL_MODEL/FIN-02_Assumptions_Book.md"
"/root/CMU_IPHONE_CENSUS/06_TITAN_FINAL_FILE_INDEX.txt",233,"FORMULA_OR_FINANCE","/root/Documents/TITAN FINAL/27.03/TITAN_Data_Room_v6_3_Automated/07_FINANCIAL_MODEL/FIN-04_CFADS_Model.md"
"/root/CMU_IPHONE_CENSUS/06_TITAN_FINAL_FILE_INDEX.txt",234,"FORMULA_OR_FINANCE","/root/Documents/TITAN FINAL/27.03/TITAN_Data_Room_v6_3_Automated/07_FINANCIAL_MODEL/FIN-05_Quarterly_Debt_Model.md"
"/root/CMU_IPHONE_CENSUS/06_TITAN_FINAL_FILE_INDEX.txt",235,"FORMULA_OR_FINANCE","/root/Documents/TITAN FINAL/27.03/TITAN_Data_Room_v6_3_Automated/07_FINANCIAL_MODEL/FIN-11_Working_Capital_Model.md"
"/root/CMU_IPHONE_CENSUS/06_TITAN_FINAL_FILE_INDEX.txt",236,"FORMULA_OR_FINANCE","/root/Documents/TITAN FINAL/27.03/TITAN_Data_Room_v6_3_Automated/07_FINANCIAL_MODEL/FIN-08_Sensitivity_Analysis.md"
"/root/CMU_IPHONE_CENSUS/06_TITAN_FINAL_FILE_INDEX.txt",237,"FORMULA_OR_FINANCE","/root/Documents/TITAN FINAL/27.03/TITAN_Data_Room_v6_3_Automated/07_FINANCIAL_MODEL/FIN-09_Scenario_Analysis.md"
"/root/CMU_IPHONE_CENSUS/06_TITAN_FINAL_FILE_INDEX.txt",238,"FORMULA_OR_FINANCE","/root/Documents/TITAN FINAL/27.03/TITAN_Data_Room_v6_3_Automated/07_FINANCIAL_MODEL/FIN-03_DSCR_Model.md"
"/root/CMU_IPHONE_CENSUS/06_TITAN_FINAL_FILE_INDEX.txt",239,"FORMULA_OR_FINANCE","/root/Documents/TITAN FINAL/27.03/TITAN_Data_Room_v6_3_Automated/07_FINANCIAL_MODEL/FIN-06_DSRA_Model.md"
"/root/CMU_IPHONE_CENSUS/06_TITAN_FINAL_FILE_INDEX.txt",240,"FORMULA_OR_FINANCE","/root/Documents/TITAN FINAL/27.03/TITAN_Data_Room_v6_3_Automated/07_FINANCIAL_MODEL/FIN-01_Central_Brain_Master_Model.md"
"/root/CMU_IPHONE_CENSUS/06_TITAN_FINAL_FILE_INDEX.txt",241,"FORMULA_OR_FINANCE","/root/Documents/TITAN FINAL/27.03/TITAN_Data_Room_v6_3_Automated/07_FINANCIAL_MODEL/FIN-10_Dashboard_Notes.md"
"/root/CMU_IPHONE_CENSUS/06_TITAN_FINAL_FILE_INDEX.txt",242,"FORMULA_OR_FINANCE","/root/Documents/TITAN FINAL/27.03/TITAN_Data_Room_v6_3_Automated/05_OPERATIONS/OPS-04_Logistics_Plan.md"
"/root/CMU_IPHONE_CENSUS/06_TITAN_FINAL_FILE_INDEX.txt",243,"FORMULA_OR_FINANCE","/root/Documents/TITAN FINAL/27.03/TITAN_Data_Room_v6_3_Automated/05_OPERATIONS/OPS-05_Procurement_Strategy.md"
"/root/CMU_IPHONE_CENSUS/06_TITAN_FINAL_FILE_INDEX.txt",243,"STRATEGIC_PILLAR","/root/Documents/TITAN FINAL/27.03/TITAN_Data_Room_v6_3_Automated/05_OPERATIONS/OPS-05_Procurement_Strategy.md"
"/root/CMU_IPHONE_CENSUS/06_TITAN_FINAL_FILE_INDEX.txt",244,"FORMULA_OR_FINANCE","/root/Documents/TITAN FINAL/27.03/TITAN_Data_Room_v6_3_Automated/05_OPERATIONS/OPS-07_Maintenance_Plan.md"
"/root/CMU_IPHONE_CENSUS/06_TITAN_FINAL_FILE_INDEX.txt",245,"FORMULA_OR_FINANCE","/root/Documents/TITAN FINAL/27.03/TITAN_Data_Room_v6_3_Automated/05_OPERATIONS/OPS-02_OEE_Assumptions.md"
"/root/CMU_IPHONE_CENSUS/06_TITAN_FINAL_FILE_INDEX.txt",246,"FORMULA_OR_FINANCE","/root/Documents/TITAN FINAL/27.03/TITAN_Data_Room_v6_3_Automated/05_OPERATIONS/OPS-01_Production_Plan.md"
"/root/CMU_IPHONE_CENSUS/06_TITAN_FINAL_FILE_INDEX.txt",247,"FORMULA_OR_FINANCE","/root/Documents/TITAN FINAL/27.03/TITAN_Data_Room_v6_3_Automated/05_OPERATIONS/OPS-06_Inventory_Policy.md"
"/root/CMU_IPHONE_CENSUS/06_TITAN_FINAL_FILE_INDEX.txt",248,"FORMULA_OR_FINANCE","/root/Documents/TITAN FINAL/27.03/TITAN_Data_Room_v6_3_Automated/05_OPERATIONS/OPS-09_Ramp_Up_Plan.md"
"/root/CMU_IPHONE_CENSUS/06_TITAN_FINAL_FILE_INDEX.txt",249,"FORMULA_OR_FINANCE","/root/Documents/TITAN FINAL/27.03/TITAN_Data_Room_v6_3_Automated/05_OPERATIONS/OPS-10_KPI_Framework.md"
"/root/CMU_IPHONE_CENSUS/06_TITAN_FINAL_FILE_INDEX.txt",250,"FORMULA_OR_FINANCE","/root/Documents/TITAN FINAL/27.03/TITAN_Data_Room_v6_3_Automated/05_OPERATIONS/OPS-03_Supply_Chain_Map.md"
"/root/CMU_IPHONE_CENSUS/06_TITAN_FINAL_FILE_INDEX.txt",251,"FORMULA_OR_FINANCE","/root/Documents/TITAN FINAL/27.03/TITAN_Data_Room_v6_3_Automated/05_OPERATIONS/OPS-08_Shift_Model.md"
"/root/CMU_IPHONE_CENSUS/06_TITAN_FINAL_FILE_INDEX.txt",254,"REPAIR_OR_GUARDRAIL","/root/Documents/TITAN FINAL/27.03/TITAN_Data_Room_v6_3_Automated/17_IT_SYSTEMS/IT-06_Backup_and_Recovery.md"
"/root/CMU_IPHONE_CENSUS/06_TITAN_FINAL_FILE_INDEX.txt",256,"FORMULA_OR_FINANCE","/root/Documents/TITAN FINAL/27.03/TITAN_Data_Room_v6_3_Automated/17_IT_SYSTEMS/IT-03_SCADA_Integration.md"
"/root/CMU_IPHONE_CENSUS/06_TITAN_FINAL_FILE_INDEX.txt",261,"STRATEGIC_PILLAR","/root/Documents/TITAN FINAL/27.03/TITAN_Data_Room_v6_3_Automated/09_LEGAL/LEG-07_Corporate_Governance.md"
"/root/CMU_IPHONE_CENSUS/06_TITAN_FINAL_FILE_INDEX.txt",263,"FORMULA_OR_FINANCE","/root/Documents/TITAN FINAL/27.03/TITAN_Data_Room_v6_3_Automated/09_LEGAL/LEG-01_Company_Registration.md"
"/root/CMU_IPHONE_CENSUS/06_TITAN_FINAL_FILE_INDEX.txt",279,"STRATEGIC_PILLAR","/root/Documents/TITAN FINAL/27.03/TITAN_Data_Room_v6_3_Automated/19_DATA_ROOM_LOG/LOG-03_Investor_Access_Log.csv"
"/root/CMU_IPHONE_CENSUS/06_TITAN_FINAL_FILE_INDEX.txt",292,"FORMULA_OR_FINANCE","/root/Documents/TITAN FINAL/27.03/TITAN_Data_Room_v6_3_Automated/08_FUNDING/FUND-05_Equity_Story.md"
"/root/CMU_IPHONE_CENSUS/06_TITAN_FINAL_FILE_INDEX.txt",293,"FORMULA_OR_FINANCE","/root/Documents/TITAN FINAL/27.03/TITAN_Data_Room_v6_3_Automated/08_FUNDING/FUND-08_Debt_Marketing_List.md"
"/root/CMU_IPHONE_CENSUS/06_TITAN_FINAL_FILE_INDEX.txt",294,"STRATEGIC_PILLAR","/root/Documents/TITAN FINAL/27.03/TITAN_Data_Room_v6_3_Automated/08_FUNDING/FUND-07_Refinancing_Strategy.md"
"/root/CMU_IPHONE_CENSUS/06_TITAN_FINAL_FILE_INDEX.txt",295,"FORMULA_OR_FINANCE","/root/Documents/TITAN FINAL/27.03/TITAN_Data_Room_v6_3_Automated/08_FUNDING/FUND-02_Debt_Term_Sheet.md"
"/root/CMU_IPHONE_CENSUS/06_TITAN_FINAL_FILE_INDEX.txt",296,"STRATEGIC_PILLAR","/root/Documents/TITAN FINAL/27.03/TITAN_Data_Room_v6_3_Automated/08_FUNDING/FUND-06_Co_Investment_Strategy.md"
"/root/CMU_IPHONE_CENSUS/06_TITAN_FINAL_FILE_INDEX.txt",297,"STRATEGIC_PILLAR","/root/Documents/TITAN FINAL/27.03/TITAN_Data_Room_v6_3_Automated/08_FUNDING/FUND-04_Lender_Presentation_EBRD.md"
"/root/CMU_IPHONE_CENSUS/06_TITAN_FINAL_FILE_INDEX.txt",298,"STRATEGIC_PILLAR","/root/Documents/TITAN FINAL/27.03/TITAN_Data_Room_v6_3_Automated/08_FUNDING/FUND-03_Lender_Presentation_EIB.md"
"/root/CMU_IPHONE_CENSUS/06_TITAN_FINAL_FILE_INDEX.txt",300,"STRATEGIC_PILLAR","/root/Documents/TITAN FINAL/27.03/TITAN_Data_Room_v6_3_Automated/08_FUNDING/FUND-09_Lender_QA_Register.md"
"/root/CMU_IPHONE_CENSUS/06_TITAN_FINAL_FILE_INDEX.txt",307,"FORMULA_OR_FINANCE","/root/Documents/TITAN FINAL/27.03/TITAN_Central_Brain_v6_2_Lender_Model_FINAL.xlsx"
"/root/CMU_IPHONE_CENSUS/06_TITAN_FINAL_FILE_INDEX.txt",307,"STRATEGIC_PILLAR","/root/Documents/TITAN FINAL/27.03/TITAN_Central_Brain_v6_2_Lender_Model_FINAL.xlsx"
"/root/CMU_IPHONE_CENSUS/06_TITAN_FINAL_FILE_INDEX.txt",319,"FORMULA_OR_FINANCE","/root/Documents/TITAN FINAL/27.03/TITAN_Central_Brain_v6_1_Lender_Model.xlsx"
"/root/CMU_IPHONE_CENSUS/06_TITAN_FINAL_FILE_INDEX.txt",319,"STRATEGIC_PILLAR","/root/Documents/TITAN FINAL/27.03/TITAN_Central_Brain_v6_1_Lender_Model.xlsx"
"/root/CMU_IPHONE_CENSUS/09_TITAN_FINAL_FOLDER_MAP_DEPTH3.txt",23,"FORMULA_OR_FINANCE","/root/Documents/TITAN FINAL/27.03/TITAN_Data_Room_v6_3_Automated/12_GRANTS"
"/root/CMU_IPHONE_CENSUS/09_TITAN_FINAL_FOLDER_MAP_DEPTH3.txt",30,"FORMULA_OR_FINANCE","/root/Documents/TITAN FINAL/27.03/TITAN_Data_Room_v6_3_Automated/06_CAPEX"
"/root/CMU_IPHONE_CENSUS/09_TITAN_FINAL_FOLDER_MAP_DEPTH3.txt",35,"FORMULA_OR_FINANCE","/root/Documents/TITAN FINAL/27.03/TITAN_Data_Room_v6_3_Automated/07_FINANCIAL_MODEL"
"/root/CMU_IPHONE_CENSUS/09_TITAN_FINAL_FOLDER_MAP_DEPTH3.txt",36,"FORMULA_OR_FINANCE","/root/Documents/TITAN FINAL/27.03/TITAN_Data_Room_v6_3_Automated/05_OPERATIONS"
"/root/CMU_IPHONE_CENSUS/11_OLD_VDR_V6_3_FILE_INDEX.txt",1,"FORMULA_OR_FINANCE","/root/Documents/TITAN FINAL/27.03/TITAN_Data_Room_v6_3_Automated/12_GRANTS/GR-03_WBIF_Eligibility.md"
"/root/CMU_IPHONE_CENSUS/11_OLD_VDR_V6_3_FILE_INDEX.txt",2,"FORMULA_OR_FINANCE","/root/Documents/TITAN FINAL/27.03/TITAN_Data_Room_v6_3_Automated/12_GRANTS/GR-05_Turkey_Industrial_Support.md"
"/root/CMU_IPHONE_CENSUS/11_OLD_VDR_V6_3_FILE_INDEX.txt",3,"FORMULA_OR_FINANCE","/root/Documents/TITAN FINAL/27.03/TITAN_Data_Room_v6_3_Automated/12_GRANTS/GR-09_Grant_Risk_Register.md"
"/root/CMU_IPHONE_CENSUS/11_OLD_VDR_V6_3_FILE_INDEX.txt",4,"FORMULA_OR_FINANCE","/root/Documents/TITAN FINAL/27.03/TITAN_Data_Room_v6_3_Automated/12_GRANTS/GR-04_Montenegro_Incentives.md"
"/root/CMU_IPHONE_CENSUS/11_OLD_VDR_V6_3_FILE_INDEX.txt",5,"FORMULA_OR_FINANCE","/root/Documents/TITAN FINAL/27.03/TITAN_Data_Room_v6_3_Automated/12_GRANTS/GR-08_Grant_Document_Checklist.md"
"/root/CMU_IPHONE_CENSUS/11_OLD_VDR_V6_3_FILE_INDEX.txt",6,"FORMULA_OR_FINANCE","/root/Documents/TITAN FINAL/27.03/TITAN_Data_Room_v6_3_Automated/12_GRANTS/GR-07_Grant_Compliance.md"
"/root/CMU_IPHONE_CENSUS/11_OLD_VDR_V6_3_FILE_INDEX.txt",7,"FORMULA_OR_FINANCE","/root/Documents/TITAN FINAL/27.03/TITAN_Data_Room_v6_3_Automated/12_GRANTS/GR-06_Grant_Timing_Model.md"
"/root/CMU_IPHONE_CENSUS/11_OLD_VDR_V6_3_FILE_INDEX.txt",8,"FORMULA_OR_FINANCE","/root/Documents/TITAN FINAL/27.03/TITAN_Data_Room_v6_3_Automated/12_GRANTS/GR-01_Grant_Strategy_Overview.md"
"/root/CMU_IPHONE_CENSUS/11_OLD_VDR_V6_3_FILE_INDEX.txt",8,"STRATEGIC_PILLAR","/root/Documents/TITAN FINAL/27.03/TITAN_Data_Room_v6_3_Automated/12_GRANTS/GR-01_Grant_Strategy_Overview.md"
"/root/CMU_IPHONE_CENSUS/11_OLD_VDR_V6_3_FILE_INDEX.txt",9,"FORMULA_OR_FINANCE","/root/Documents/TITAN FINAL/27.03/TITAN_Data_Room_v6_3_Automated/12_GRANTS/GR-02_EU_IPA_Documentation.md"
"/root/CMU_IPHONE_CENSUS/11_OLD_VDR_V6_3_FILE_INDEX.txt",17,"FORMULA_OR_FINANCE","/root/Documents/TITAN FINAL/27.03/TITAN_Data_Room_v6_3_Automated/03_MARKET_ANALYSIS/MKT-10_Commercial_Assumptions_Register.md"
"/root/CMU_IPHONE_CENSUS/11_OLD_VDR_V6_3_FILE_INDEX.txt",21,"FORMULA_OR_FINANCE","/root/Documents/TITAN FINAL/27.03/TITAN_Data_Room_v6_3_Automated/18_AUDIT/AUD-01_Financial_Audit.md"
"/root/CMU_IPHONE_CENSUS/11_OLD_VDR_V6_3_FILE_INDEX.txt",23,"FORMULA_OR_FINANCE","/root/Documents/TITAN FINAL/27.03/TITAN_Data_Room_v6_3_Automated/18_AUDIT/AUD-04_Model_Audit_Report.md"
"/root/CMU_IPHONE_CENSUS/11_OLD_VDR_V6_3_FILE_INDEX.txt",42,"FORMULA_OR_FINANCE","/root/Documents/TITAN FINAL/27.03/TITAN_Data_Room_v6_3_Automated/01_EXECUTIVE/EXE-06_Strategic_Rationale.md"
"/root/CMU_IPHONE_CENSUS/11_OLD_VDR_V6_3_FILE_INDEX.txt",42,"STRATEGIC_PILLAR","/root/Documents/TITAN FINAL/27.03/TITAN_Data_Room_v6_3_Automated/01_EXECUTIVE/EXE-06_Strategic_Rationale.md"
"/root/CMU_IPHONE_CENSUS/11_OLD_VDR_V6_3_FILE_INDEX.txt",52,"FORMULA_OR_FINANCE","/root/Documents/TITAN FINAL/27.03/TITAN_Data_Room_v6_3_Automated/13_RISK/RISK-02_CAPEX_Risk.md"
"/root/CMU_IPHONE_CENSUS/11_OLD_VDR_V6_3_FILE_INDEX.txt",54,"FORMULA_OR_FINANCE","/root/Documents/TITAN FINAL/27.03/TITAN_Data_Room_v6_3_Automated/13_RISK/RISK-06_Operational_Risk.md"
"/root/CMU_IPHONE_CENSUS/11_OLD_VDR_V6_3_FILE_INDEX.txt",59,"FORMULA_OR_FINANCE","/root/Documents/TITAN FINAL/27.03/TITAN_Data_Room_v6_3_Automated/06_CAPEX/CAPEX-04_Construction_Timeline.md"
"/root/CMU_IPHONE_CENSUS/11_OLD_VDR_V6_3_FILE_INDEX.txt",60,"FORMULA_OR_FINANCE","/root/Documents/TITAN FINAL/27.03/TITAN_Data_Room_v6_3_Automated/06_CAPEX/CAPEX-02_P90_CAPEX.md"
"/root/CMU_IPHONE_CENSUS/11_OLD_VDR_V6_3_FILE_INDEX.txt",61,"FORMULA_OR_FINANCE","/root/Documents/TITAN FINAL/27.03/TITAN_Data_Room_v6_3_Automated/06_CAPEX/CAPEX-08_Civil_Works_Scope.md"
"/root/CMU_IPHONE_CENSUS/11_OLD_VDR_V6_3_FILE_INDEX.txt",62,"FORMULA_OR_FINANCE","/root/Documents/TITAN FINAL/27.03/TITAN_Data_Room_v6_3_Automated/06_CAPEX/CAPEX-07_Expansion_CAPEX.md"
"/root/CMU_IPHONE_CENSUS/11_OLD_VDR_V6_3_FILE_INDEX.txt",63,"FORMULA_OR_FINANCE","/root/Documents/TITAN FINAL/27.03/TITAN_Data_Room_v6_3_Automated/06_CAPEX/CAPEX-01_Detailed_CAPEX_Breakdown.md"
"/root/CMU_IPHONE_CENSUS/11_OLD_VDR_V6_3_FILE_INDEX.txt",64,"FORMULA_OR_FINANCE","/root/Documents/TITAN FINAL/27.03/TITAN_Data_Room_v6_3_Automated/06_CAPEX/CAPEX-10_CAPEX_Assumptions_Register.md"
"/root/CMU_IPHONE_CENSUS/11_OLD_VDR_V6_3_FILE_INDEX.txt",65,"FORMULA_OR_FINANCE","/root/Documents/TITAN FINAL/27.03/TITAN_Data_Room_v6_3_Automated/06_CAPEX/CAPEX-05_Contingency_Analysis.md"
"/root/CMU_IPHONE_CENSUS/11_OLD_VDR_V6_3_FILE_INDEX.txt",66,"FORMULA_OR_FINANCE","/root/Documents/TITAN FINAL/27.03/TITAN_Data_Room_v6_3_Automated/06_CAPEX/CAPEX-03_Vendor_Quotes_Register.md"
"/root/CMU_IPHONE_CENSUS/11_OLD_VDR_V6_3_FILE_INDEX.txt",67,"FORMULA_OR_FINANCE","/root/Documents/TITAN FINAL/27.03/TITAN_Data_Room_v6_3_Automated/06_CAPEX/CAPEX-06_IDC_Calculation.md"
"/root/CMU_IPHONE_CENSUS/11_OLD_VDR_V6_3_FILE_INDEX.txt",68,"FORMULA_OR_FINANCE","/root/Documents/TITAN FINAL/27.03/TITAN_Data_Room_v6_3_Automated/06_CAPEX/CAPEX-09_Equipment_Scope.md"
"/root/CMU_IPHONE_CENSUS/11_OLD_VDR_V6_3_FILE_INDEX.txt",69,"FORMULA_OR_FINANCE","/root/Documents/TITAN FINAL/27.03/TITAN_Data_Room_v6_3_Automated/16_HR/HR-06_Headcount_Model.md"
"/root/CMU_IPHONE_CENSUS/11_OLD_VDR_V6_3_FILE_INDEX.txt",75,"REPAIR_OR_GUARDRAIL","/root/Documents/TITAN FINAL/27.03/TITAN_Data_Room_v6_3_Automated/16_HR/HR-07_Health_and_Safety.md"
"/root/CMU_IPHONE_CENSUS/11_OLD_VDR_V6_3_FILE_INDEX.txt",78,"FORMULA_OR_FINANCE","/root/Documents/TITAN FINAL/27.03/TITAN_Data_Room_v6_3_Automated/14_MONTE_CARLO/MC-02_Python_Model.md"
"/root/CMU_IPHONE_CENSUS/11_OLD_VDR_V6_3_FILE_INDEX.txt",79,"FORMULA_OR_FINANCE","/root/Documents/TITAN FINAL/27.03/TITAN_Data_Room_v6_3_Automated/14_MONTE_CARLO/MC-06_Equity_Downside.md"
"/root/CMU_IPHONE_CENSUS/11_OLD_VDR_V6_3_FILE_INDEX.txt",80,"FORMULA_OR_FINANCE","/root/Documents/TITAN FINAL/27.03/TITAN_Data_Room_v6_3_Automated/14_MONTE_CARLO/MC-04_DSCR_Distribution.md"
"/root/CMU_IPHONE_CENSUS/11_OLD_VDR_V6_3_FILE_INDEX.txt",84,"FORMULA_OR_FINANCE","/root/Documents/TITAN FINAL/27.03/TITAN_Data_Room_v6_3_Automated/14_MONTE_CARLO/MC-01_Simulation_Assumptions.md"
"/root/CMU_IPHONE_CENSUS/11_OLD_VDR_V6_3_FILE_INDEX.txt",93,"STRATEGIC_PILLAR","/root/Documents/TITAN FINAL/27.03/TITAN_Data_Room_v6_3_Automated/11_ESG/ESG-01_ESG_Strategy.md"
"/root/CMU_IPHONE_CENSUS/11_OLD_VDR_V6_3_FILE_INDEX.txt",98,"STRATEGIC_PILLAR","/root/Documents/TITAN FINAL/27.03/TITAN_Data_Room_v6_3_Automated/11_ESG/ESG-07_Governance_Framework.md"
"/root/CMU_IPHONE_CENSUS/11_OLD_VDR_V6_3_FILE_INDEX.txt",102,"FORMULA_OR_FINANCE","/root/Documents/TITAN FINAL/27.03/TITAN_Data_Room_v6_3_Automated/07_FINANCIAL_MODEL/FIN-12_Grant_Integration_Model.md"
"/root/CMU_IPHONE_CENSUS/11_OLD_VDR_V6_3_FILE_INDEX.txt",103,"FORMULA_OR_FINANCE","/root/Documents/TITAN FINAL/27.03/TITAN_Data_Room_v6_3_Automated/07_FINANCIAL_MODEL/FIN-07_LLCR_PLCR_Model.md"
"/root/CMU_IPHONE_CENSUS/11_OLD_VDR_V6_3_FILE_INDEX.txt",104,"FORMULA_OR_FINANCE","/root/Documents/TITAN FINAL/27.03/TITAN_Data_Room_v6_3_Automated/07_FINANCIAL_MODEL/FIN-02_Assumptions_Book.md"
"/root/CMU_IPHONE_CENSUS/11_OLD_VDR_V6_3_FILE_INDEX.txt",105,"FORMULA_OR_FINANCE","/root/Documents/TITAN FINAL/27.03/TITAN_Data_Room_v6_3_Automated/07_FINANCIAL_MODEL/FIN-04_CFADS_Model.md"
"/root/CMU_IPHONE_CENSUS/11_OLD_VDR_V6_3_FILE_INDEX.txt",106,"FORMULA_OR_FINANCE","/root/Documents/TITAN FINAL/27.03/TITAN_Data_Room_v6_3_Automated/07_FINANCIAL_MODEL/FIN-05_Quarterly_Debt_Model.md"
"/root/CMU_IPHONE_CENSUS/11_OLD_VDR_V6_3_FILE_INDEX.txt",107,"FORMULA_OR_FINANCE","/root/Documents/TITAN FINAL/27.03/TITAN_Data_Room_v6_3_Automated/07_FINANCIAL_MODEL/FIN-11_Working_Capital_Model.md"
"/root/CMU_IPHONE_CENSUS/11_OLD_VDR_V6_3_FILE_INDEX.txt",108,"FORMULA_OR_FINANCE","/root/Documents/TITAN FINAL/27.03/TITAN_Data_Room_v6_3_Automated/07_FINANCIAL_MODEL/FIN-08_Sensitivity_Analysis.md"
"/root/CMU_IPHONE_CENSUS/11_OLD_VDR_V6_3_FILE_INDEX.txt",109,"FORMULA_OR_FINANCE","/root/Documents/TITAN FINAL/27.03/TITAN_Data_Room_v6_3_Automated/07_FINANCIAL_MODEL/FIN-09_Scenario_Analysis.md"
"/root/CMU_IPHONE_CENSUS/11_OLD_VDR_V6_3_FILE_INDEX.txt",110,"FORMULA_OR_FINANCE","/root/Documents/TITAN FINAL/27.03/TITAN_Data_Room_v6_3_Automated/07_FINANCIAL_MODEL/FIN-03_DSCR_Model.md"
"/root/CMU_IPHONE_CENSUS/11_OLD_VDR_V6_3_FILE_INDEX.txt",111,"FORMULA_OR_FINANCE","/root/Documents/TITAN FINAL/27.03/TITAN_Data_Room_v6_3_Automated/07_FINANCIAL_MODEL/FIN-06_DSRA_Model.md"
"/root/CMU_IPHONE_CENSUS/11_OLD_VDR_V6_3_FILE_INDEX.txt",112,"FORMULA_OR_FINANCE","/root/Documents/TITAN FINAL/27.03/TITAN_Data_Room_v6_3_Automated/07_FINANCIAL_MODEL/FIN-01_Central_Brain_Master_Model.md"
"/root/CMU_IPHONE_CENSUS/11_OLD_VDR_V6_3_FILE_INDEX.txt",113,"FORMULA_OR_FINANCE","/root/Documents/TITAN FINAL/27.03/TITAN_Data_Room_v6_3_Automated/07_FINANCIAL_MODEL/FIN-10_Dashboard_Notes.md"
"/root/CMU_IPHONE_CENSUS/11_OLD_VDR_V6_3_FILE_INDEX.txt",114,"FORMULA_OR_FINANCE","/root/Documents/TITAN FINAL/27.03/TITAN_Data_Room_v6_3_Automated/05_OPERATIONS/OPS-04_Logistics_Plan.md"
"/root/CMU_IPHONE_CENSUS/11_OLD_VDR_V6_3_FILE_INDEX.txt",115,"FORMULA_OR_FINANCE","/root/Documents/TITAN FINAL/27.03/TITAN_Data_Room_v6_3_Automated/05_OPERATIONS/OPS-05_Procurement_Strategy.md"
"/root/CMU_IPHONE_CENSUS/11_OLD_VDR_V6_3_FILE_INDEX.txt",115,"STRATEGIC_PILLAR","/root/Documents/TITAN FINAL/27.03/TITAN_Data_Room_v6_3_Automated/05_OPERATIONS/OPS-05_Procurement_Strategy.md"
"/root/CMU_IPHONE_CENSUS/11_OLD_VDR_V6_3_FILE_INDEX.txt",116,"FORMULA_OR_FINANCE","/root/Documents/TITAN FINAL/27.03/TITAN_Data_Room_v6_3_Automated/05_OPERATIONS/OPS-07_Maintenance_Plan.md"
"/root/CMU_IPHONE_CENSUS/11_OLD_VDR_V6_3_FILE_INDEX.txt",117,"FORMULA_OR_FINANCE","/root/Documents/TITAN FINAL/27.03/TITAN_Data_Room_v6_3_Automated/05_OPERATIONS/OPS-02_OEE_Assumptions.md"
"/root/CMU_IPHONE_CENSUS/11_OLD_VDR_V6_3_FILE_INDEX.txt",118,"FORMULA_OR_FINANCE","/root/Documents/TITAN FINAL/27.03/TITAN_Data_Room_v6_3_Automated/05_OPERATIONS/OPS-01_Production_Plan.md"
"/root/CMU_IPHONE_CENSUS/11_OLD_VDR_V6_3_FILE_INDEX.txt",119,"FORMULA_OR_FINANCE","/root/Documents/TITAN FINAL/27.03/TITAN_Data_Room_v6_3_Automated/05_OPERATIONS/OPS-06_Inventory_Policy.md"
"/root/CMU_IPHONE_CENSUS/11_OLD_VDR_V6_3_FILE_INDEX.txt",120,"FORMULA_OR_FINANCE","/root/Documents/TITAN FINAL/27.03/TITAN_Data_Room_v6_3_Automated/05_OPERATIONS/OPS-09_Ramp_Up_Plan.md"
"/root/CMU_IPHONE_CENSUS/11_OLD_VDR_V6_3_FILE_INDEX.txt",121,"FORMULA_OR_FINANCE","/root/Documents/TITAN FINAL/27.03/TITAN_Data_Room_v6_3_Automated/05_OPERATIONS/OPS-10_KPI_Framework.md"
"/root/CMU_IPHONE_CENSUS/11_OLD_VDR_V6_3_FILE_INDEX.txt",122,"FORMULA_OR_FINANCE","/root/Documents/TITAN FINAL/27.03/TITAN_Data_Room_v6_3_Automated/05_OPERATIONS/OPS-03_Supply_Chain_Map.md"
"/root/CMU_IPHONE_CENSUS/11_OLD_VDR_V6_3_FILE_INDEX.txt",123,"FORMULA_OR_FINANCE","/root/Documents/TITAN FINAL/27.03/TITAN_Data_Room_v6_3_Automated/05_OPERATIONS/OPS-08_Shift_Model.md"
"/root/CMU_IPHONE_CENSUS/11_OLD_VDR_V6_3_FILE_INDEX.txt",126,"REPAIR_OR_GUARDRAIL","/root/Documents/TITAN FINAL/27.03/TITAN_Data_Room_v6_3_Automated/17_IT_SYSTEMS/IT-06_Backup_and_Recovery.md"
"/root/CMU_IPHONE_CENSUS/11_OLD_VDR_V6_3_FILE_INDEX.txt",128,"FORMULA_OR_FINANCE","/root/Documents/TITAN FINAL/27.03/TITAN_Data_Room_v6_3_Automated/17_IT_SYSTEMS/IT-03_SCADA_Integration.md"
"/root/CMU_IPHONE_CENSUS/11_OLD_VDR_V6_3_FILE_INDEX.txt",133,"STRATEGIC_PILLAR","/root/Documents/TITAN FINAL/27.03/TITAN_Data_Room_v6_3_Automated/09_LEGAL/LEG-07_Corporate_Governance.md"
"/root/CMU_IPHONE_CENSUS/11_OLD_VDR_V6_3_FILE_INDEX.txt",135,"FORMULA_OR_FINANCE","/root/Documents/TITAN FINAL/27.03/TITAN_Data_Room_v6_3_Automated/09_LEGAL/LEG-01_Company_Registration.md"
"/root/CMU_IPHONE_CENSUS/11_OLD_VDR_V6_3_FILE_INDEX.txt",151,"STRATEGIC_PILLAR","/root/Documents/TITAN FINAL/27.03/TITAN_Data_Room_v6_3_Automated/19_DATA_ROOM_LOG/LOG-03_Investor_Access_Log.csv"
"/root/CMU_IPHONE_CENSUS/11_OLD_VDR_V6_3_FILE_INDEX.txt",164,"FORMULA_OR_FINANCE","/root/Documents/TITAN FINAL/27.03/TITAN_Data_Room_v6_3_Automated/08_FUNDING/FUND-05_Equity_Story.md"
"/root/CMU_IPHONE_CENSUS/11_OLD_VDR_V6_3_FILE_INDEX.txt",165,"FORMULA_OR_FINANCE","/root/Documents/TITAN FINAL/27.03/TITAN_Data_Room_v6_3_Automated/08_FUNDING/FUND-08_Debt_Marketing_List.md"
"/root/CMU_IPHONE_CENSUS/11_OLD_VDR_V6_3_FILE_INDEX.txt",166,"STRATEGIC_PILLAR","/root/Documents/TITAN FINAL/27.03/TITAN_Data_Room_v6_3_Automated/08_FUNDING/FUND-07_Refinancing_Strategy.md"
"/root/CMU_IPHONE_CENSUS/11_OLD_VDR_V6_3_FILE_INDEX.txt",167,"FORMULA_OR_FINANCE","/root/Documents/TITAN FINAL/27.03/TITAN_Data_Room_v6_3_Automated/08_FUNDING/FUND-02_Debt_Term_Sheet.md"
"/root/CMU_IPHONE_CENSUS/11_OLD_VDR_V6_3_FILE_INDEX.txt",168,"STRATEGIC_PILLAR","/root/Documents/TITAN FINAL/27.03/TITAN_Data_Room_v6_3_Automated/08_FUNDING/FUND-06_Co_Investment_Strategy.md"
"/root/CMU_IPHONE_CENSUS/11_OLD_VDR_V6_3_FILE_INDEX.txt",169,"STRATEGIC_PILLAR","/root/Documents/TITAN FINAL/27.03/TITAN_Data_Room_v6_3_Automated/08_FUNDING/FUND-04_Lender_Presentation_EBRD.md"
"/root/CMU_IPHONE_CENSUS/11_OLD_VDR_V6_3_FILE_INDEX.txt",170,"STRATEGIC_PILLAR","/root/Documents/TITAN FINAL/27.03/TITAN_Data_Room_v6_3_Automated/08_FUNDING/FUND-03_Lender_Presentation_EIB.md"
"/root/CMU_IPHONE_CENSUS/11_OLD_VDR_V6_3_FILE_INDEX.txt",172,"STRATEGIC_PILLAR","/root/Documents/TITAN FINAL/27.03/TITAN_Data_Room_v6_3_Automated/08_FUNDING/FUND-09_Lender_QA_Register.md"
"/root/DELTA_FINAL_EXPORT/SOUL_EXPORT_20260519_1232/Scripts/DELTA_UNITY_ENGINE_v1_7.py",38,"REPAIR_OR_GUARDRAIL","            return ""Lookup failed"""
"/root/DELTA_FINAL_EXPORT/SOUL_EXPORT_20260519_1232/Scripts/DELTA_UNITY_ENGINE_v1_7.py",71,"REPAIR_OR_GUARDRAIL","                            preview = content.decode('utf-8', errors='ignore')[:500]"
"/root/DELTA_FINAL_EXPORT/SOUL_EXPORT_20260519_1232/Scripts/DELTA_UNITY_ENGINE_v1_7.py",91,"FORMULA_OR_FINANCE","        KEYWORDS = [""TITAN"", ""DELTA"", ""UNITY"", ""VDR"", ""SSOT"", ""CAPEX"", ""DSCR"", ""GRID"", ""ESIA"", ""CEDIS"", ""ARS"", ""ADS"", ""NEURO"", ""MONO"", ""TOKEN""]"
"/root/DELTA_FINAL_EXPORT/SOUL_EXPORT_20260519_1232/Scripts/DELTA_UNITY_ENGINE_v1_7.py",100,"REPAIR_OR_GUARDRAIL","                    if full_path.suffix.lower() == '.zip':"
"/root/DELTA_FINAL_EXPORT/SOUL_EXPORT_20260519_1232/Scripts/DELTA_UNITY_ENGINE_v1_7.py",104,"REPAIR_OR_GUARDRAIL","                    if full_path.suffix.lower() in ['.txt','.md','.json','.py','.csv','.log']:"
"/root/DELTA_FINAL_EXPORT/SOUL_EXPORT_20260519_1232/Scripts/DELTA_UNITY_ENGINE_v1_7.py",110,"REPAIR_OR_GUARDRAIL","                            with open(full_path, 'r', encoding='utf-8', errors='ignore') as f:"
"/root/DELTA_FINAL_EXPORT/SOUL_EXPORT_20260519_1232/Scripts/DELTA_UNITY_ENGINE_v1_7.py",118,"REPAIR_OR_GUARDRAIL","                    if found_keywords or full_path.suffix.lower() == '.zip':"
"/root/DELTA_FINAL_EXPORT/SOUL_EXPORT_20260519_1232/Scripts/iphone_sha_analyzer.py",14,"REPAIR_OR_GUARDRAIL","except ImportError:"
"/root/DELTA_FINAL_EXPORT/SOUL_EXPORT_20260519_1232/Scripts/iphone_sha_analyzer.py",44,"REPAIR_OR_GUARDRAIL","                ext = p.suffix.lower()"
"/root/DELTA_FINAL_EXPORT/SOUL_EXPORT_20260519_1232/Scripts/iphone_sha_analyzer.py",58,"REPAIR_OR_GUARDRAIL","                print(f""Error: {p} -> {e}"")"
"/root/DELTA_FINAL_EXPORT/SOUL_EXPORT_20260519_1232/Scripts/iphone_sha_analyzer.py",77,"FORMULA_OR_FINANCE","    ws2.append([""Metric"", ""Value""])"
"/root/DELTA_FINAL_EXPORT/SOUL_EXPORT_20260519_1232/iPhone_Exports/FAJLOVI_SA_TOKENIMA.txt",36,"FORMULA_OR_FINANCE","./Titan grid/Onur/FIN-2.1 Executive Financial Dashboard.pdf"
"/root/DELTA_FINAL_EXPORT/Scripts/iphone_sha_analyzer.py",14,"REPAIR_OR_GUARDRAIL","except ImportError:"
"/root/DELTA_FINAL_EXPORT/Scripts/iphone_sha_analyzer.py",44,"REPAIR_OR_GUARDRAIL","                ext = p.suffix.lower()"
"/root/DELTA_FINAL_EXPORT/Scripts/iphone_sha_analyzer.py",58,"REPAIR_OR_GUARDRAIL","                print(f""Error: {p} -> {e}"")"
"/root/DELTA_FINAL_EXPORT/Scripts/iphone_sha_analyzer.py",77,"FORMULA_OR_FINANCE","    ws2.append([""Metric"", ""Value""])"
"/root/DELTA_FINAL_EXPORT/iPhone_Exports/FAJLOVI_SA_TOKENIMA.txt",36,"FORMULA_OR_FINANCE","./Titan grid/Onur/FIN-2.1 Executive Financial Dashboard.pdf"
