
--- ANDROID_002_HEADER ---
BATCH=ANDROID_002_SSOT_AND_DUPLICATE_RUNTIME_DETERMINATION
OBJECTIVE=DETERMINE_SINGLE_SSOT_AND_ACTIVE_RUNTIME_OWNERSHIP_WITHOUT_CHANGES
PROTOCOL=888
NODE=FREYA_ANDROID_NODE_888
MODE=READ_ONLY_TOPOLOGY_AND_OWNERSHIP_DISCOVERY
DELETE_ALLOWED=NO
MOVE_ALLOWED=NO
RENAME_ALLOWED=NO
INSTALL_ALLOWED=NO
NETWORK_CHANGE_ALLOWED=NO
SERVICE_CHANGE_ALLOWED=NO
CONFIG_CHANGE_ALLOWED=NO
EVIDENCE_FILE=/data/data/com.termux/files/home/FREYA_ANDROID_888/09_EVIDENCE/ANDROID_002_SSOT_AND_DUPLICATE_RUNTIME_DETERMINATION_20260808T171259Z.log

--- CANONICAL_CLI_POINTER ---
COMMAND_V_FREYA=/data/data/com.termux/files/home/bin/freya
CLI_IS_SYMLINK=YES
CLI_LINK_TEXT=/data/data/com.termux/files/home/FREYA_ANDROID_888/13_RUNTIME/HUMAN_GATE_COMMAND_CENTER/bin/freya
CLI_REAL_PATH=/data/data/com.termux/files/home/FREYA_ANDROID_888/13_RUNTIME/HUMAN_GATE_COMMAND_CENTER/bin/freya
CLI_REAL_SHA256=51a746693a2711a7831335f102972d1e71b644da1e636dac840834ff90d17e31
CLI_REAL_MODE=700
CLI_REAL_MTIME=1786196579

--- EXECUTABLE_IDENTITY_SET ---
EXEC_ID=/data/data/com.termux/files/home/FREYA_ANDROID_888/13_RUNTIME/HUMAN_GATE_COMMAND_CENTER/bin/freya|REAL=/data/data/com.termux/files/home/FREYA_ANDROID_888/13_RUNTIME/HUMAN_GATE_COMMAND_CENTER/bin/freya|SYMLINK=NO|ACTIVE_CLI_TARGET=YES|HASH=51a746693a2711a7831335f102972d1e71b644da1e636dac840834ff90d17e31
EXEC_ID=/data/data/com.termux/files/home/bin/freya|REAL=/data/data/com.termux/files/home/FREYA_ANDROID_888/13_RUNTIME/HUMAN_GATE_COMMAND_CENTER/bin/freya|SYMLINK=YES|ACTIVE_CLI_TARGET=YES|HASH=51a746693a2711a7831335f102972d1e71b644da1e636dac840834ff90d17e31
EXEC_IDENTITY_COUNT=2
EXEC_PATHS_RESOLVING_TO_ACTIVE_CLI_COUNT=2

--- RUNTIME_TOPOLOGY ---
RUNTIME_DIR=/data/data/com.termux/files/home/FREYA_ANDROID_888/13_RUNTIME|EXISTS=YES|REAL=/data/data/com.termux/files/home/FREYA_ANDROID_888/13_RUNTIME
RUNTIME_ENTRY=/data/data/com.termux/files/home/FREYA_ANDROID_888/13_RUNTIME/APPLICATION_CONTROL/bin|d
RUNTIME_ENTRY=/data/data/com.termux/files/home/FREYA_ANDROID_888/13_RUNTIME/APPLICATION_CONTROL|d
RUNTIME_ENTRY=/data/data/com.termux/files/home/FREYA_ANDROID_888/13_RUNTIME/DAILY_OPERATIONS/STATUS.env|f
RUNTIME_ENTRY=/data/data/com.termux/files/home/FREYA_ANDROID_888/13_RUNTIME/DAILY_OPERATIONS/bin|d
RUNTIME_ENTRY=/data/data/com.termux/files/home/FREYA_ANDROID_888/13_RUNTIME/DAILY_OPERATIONS|d
RUNTIME_ENTRY=/data/data/com.termux/files/home/FREYA_ANDROID_888/13_RUNTIME/DASHBOARD_ENGINE/bin|d
RUNTIME_ENTRY=/data/data/com.termux/files/home/FREYA_ANDROID_888/13_RUNTIME/DASHBOARD_ENGINE|d
RUNTIME_ENTRY=/data/data/com.termux/files/home/FREYA_ANDROID_888/13_RUNTIME/DOCUMENT_CONTROL/bin|d
RUNTIME_ENTRY=/data/data/com.termux/files/home/FREYA_ANDROID_888/13_RUNTIME/DOCUMENT_CONTROL|d
RUNTIME_ENTRY=/data/data/com.termux/files/home/FREYA_ANDROID_888/13_RUNTIME/HOME_SCREEN/bin|d
RUNTIME_ENTRY=/data/data/com.termux/files/home/FREYA_ANDROID_888/13_RUNTIME/HOME_SCREEN|d
RUNTIME_ENTRY=/data/data/com.termux/files/home/FREYA_ANDROID_888/13_RUNTIME/HUMAN_GATE_COMMAND_CENTER/bin|d
RUNTIME_ENTRY=/data/data/com.termux/files/home/FREYA_ANDROID_888/13_RUNTIME/HUMAN_GATE_COMMAND_CENTER|d
RUNTIME_ENTRY=/data/data/com.termux/files/home/FREYA_ANDROID_888/13_RUNTIME/INTEGRATED_CONTROL/bin|d
RUNTIME_ENTRY=/data/data/com.termux/files/home/FREYA_ANDROID_888/13_RUNTIME/INTEGRATED_CONTROL|d
RUNTIME_ENTRY=/data/data/com.termux/files/home/FREYA_ANDROID_888/13_RUNTIME/MEDIA_CONTROL/bin|d
RUNTIME_ENTRY=/data/data/com.termux/files/home/FREYA_ANDROID_888/13_RUNTIME/MEDIA_CONTROL|d
RUNTIME_ENTRY=/data/data/com.termux/files/home/FREYA_ANDROID_888/13_RUNTIME/STORAGE_GUARD/CACHE|d
RUNTIME_ENTRY=/data/data/com.termux/files/home/FREYA_ANDROID_888/13_RUNTIME/STORAGE_GUARD/TEMP|d
RUNTIME_ENTRY=/data/data/com.termux/files/home/FREYA_ANDROID_888/13_RUNTIME/STORAGE_GUARD/bin|d
RUNTIME_ENTRY=/data/data/com.termux/files/home/FREYA_ANDROID_888/13_RUNTIME/STORAGE_GUARD/state|d
RUNTIME_ENTRY=/data/data/com.termux/files/home/FREYA_ANDROID_888/13_RUNTIME/STORAGE_GUARD|d
RUNTIME_ENTRY=/data/data/com.termux/files/home/FREYA_ANDROID_888/13_RUNTIME/TERMUX/runtime.env|f
RUNTIME_ENTRY=/data/data/com.termux/files/home/FREYA_ANDROID_888/13_RUNTIME/TERMUX|d
RUNTIME_DIR=/data/data/com.termux/files/home/FREYA_ANDROID_888/13_RUNTIME/HUMAN_GATE_COMMAND_CENTER|EXISTS=YES|REAL=/data/data/com.termux/files/home/FREYA_ANDROID_888/13_RUNTIME/HUMAN_GATE_COMMAND_CENTER
RUNTIME_ENTRY=/data/data/com.termux/files/home/FREYA_ANDROID_888/13_RUNTIME/HUMAN_GATE_COMMAND_CENTER/bin/freya|f
RUNTIME_ENTRY=/data/data/com.termux/files/home/FREYA_ANDROID_888/13_RUNTIME/HUMAN_GATE_COMMAND_CENTER/bin|d
RUNTIME_DIR=/data/data/com.termux/files/home/FREYA_ANDROID_888/13_RUNTIME/INTEGRATED_CONTROL|EXISTS=YES|REAL=/data/data/com.termux/files/home/FREYA_ANDROID_888/13_RUNTIME/INTEGRATED_CONTROL
RUNTIME_ENTRY=/data/data/com.termux/files/home/FREYA_ANDROID_888/13_RUNTIME/INTEGRATED_CONTROL/bin/freya_control.sh|f
RUNTIME_ENTRY=/data/data/com.termux/files/home/FREYA_ANDROID_888/13_RUNTIME/INTEGRATED_CONTROL/bin|d
RUNTIME_DIR=/data/data/com.termux/files/home/FREYA_ANDROID_888/13_RUNTIME/DASHBOARD_ENGINE|EXISTS=YES|REAL=/data/data/com.termux/files/home/FREYA_ANDROID_888/13_RUNTIME/DASHBOARD_ENGINE
RUNTIME_ENTRY=/data/data/com.termux/files/home/FREYA_ANDROID_888/13_RUNTIME/DASHBOARD_ENGINE/bin/freya_dashboard_engine.sh.wrapper|f
RUNTIME_ENTRY=/data/data/com.termux/files/home/FREYA_ANDROID_888/13_RUNTIME/DASHBOARD_ENGINE/bin/freya_dashboard_engine.sh|f
RUNTIME_ENTRY=/data/data/com.termux/files/home/FREYA_ANDROID_888/13_RUNTIME/DASHBOARD_ENGINE/bin|d
RUNTIME_DIR=/data/data/com.termux/files/home/FREYA_ANDROID_888/15_RUNTIME|EXISTS=YES|REAL=/data/data/com.termux/files/home/FREYA_ANDROID_888/15_RUNTIME
RUNTIME_ENTRY=/data/data/com.termux/files/home/FREYA_ANDROID_888/15_RUNTIME/A16P_POST_REBOOT_VERIFIER_20260807T152700Z.sh|f
RUNTIME_ENTRY=/data/data/com.termux/files/home/FREYA_ANDROID_888/15_RUNTIME/ANDROID_COMPLETION_RELEASES/F02R1_20260807T162017Z_PID31053|d
RUNTIME_ENTRY=/data/data/com.termux/files/home/FREYA_ANDROID_888/15_RUNTIME/ANDROID_COMPLETION_RELEASES/F02_20260807T161840Z_PID30627|d
RUNTIME_ENTRY=/data/data/com.termux/files/home/FREYA_ANDROID_888/15_RUNTIME/ANDROID_COMPLETION_RELEASES|d
RUNTIME_ENTRY=/data/data/com.termux/files/home/FREYA_ANDROID_888/15_RUNTIME/ANDROID_CONTROL_TOWER/CONTROL_TOWER_CURRENT.env|f
RUNTIME_ENTRY=/data/data/com.termux/files/home/FREYA_ANDROID_888/15_RUNTIME/ANDROID_CONTROL_TOWER/RECEIPTS|d
RUNTIME_ENTRY=/data/data/com.termux/files/home/FREYA_ANDROID_888/15_RUNTIME/ANDROID_CONTROL_TOWER/control_tower.lock|f
RUNTIME_ENTRY=/data/data/com.termux/files/home/FREYA_ANDROID_888/15_RUNTIME/ANDROID_CONTROL_TOWER/control_tower.log|f
RUNTIME_ENTRY=/data/data/com.termux/files/home/FREYA_ANDROID_888/15_RUNTIME/ANDROID_CONTROL_TOWER|d
RUNTIME_ENTRY=/data/data/com.termux/files/home/FREYA_ANDROID_888/15_RUNTIME/ANDROID_FINAL_PRODUCTION_CURRENT|l
RUNTIME_ENTRY=/data/data/com.termux/files/home/FREYA_ANDROID_888/15_RUNTIME/ANDROID_FINAL_PRODUCTION_RELEASES/A20_20260807T154804Z_PID22703|d
RUNTIME_ENTRY=/data/data/com.termux/files/home/FREYA_ANDROID_888/15_RUNTIME/ANDROID_FINAL_PRODUCTION_RELEASES|d
RUNTIME_ENTRY=/data/data/com.termux/files/home/FREYA_ANDROID_888/15_RUNTIME/APP_CONTROL_CURRENT|l
RUNTIME_ENTRY=/data/data/com.termux/files/home/FREYA_ANDROID_888/15_RUNTIME/APP_CONTROL_RELEASES/A18R2_20260807T154512Z_PID17337|d
RUNTIME_ENTRY=/data/data/com.termux/files/home/FREYA_ANDROID_888/15_RUNTIME/APP_CONTROL_RELEASES/A18_20260807T154339Z_PID19797|d
RUNTIME_ENTRY=/data/data/com.termux/files/home/FREYA_ANDROID_888/15_RUNTIME/APP_CONTROL_RELEASES|d
RUNTIME_ENTRY=/data/data/com.termux/files/home/FREYA_ANDROID_888/15_RUNTIME/ARCHIVE_EXTRACT_RELEASES/F08_20260807T172440Z_PID17083|d
RUNTIME_ENTRY=/data/data/com.termux/files/home/FREYA_ANDROID_888/15_RUNTIME/ARCHIVE_EXTRACT_RELEASES|d
RUNTIME_ENTRY=/data/data/com.termux/files/home/FREYA_ANDROID_888/15_RUNTIME/AUTONOMOUS_SCHEDULER/.self_heal_crontab.10081|f
RUNTIME_ENTRY=/data/data/com.termux/files/home/FREYA_ANDROID_888/15_RUNTIME/AUTONOMOUS_SCHEDULER/.self_heal_crontab.10132|f
RUNTIME_ENTRY=/data/data/com.termux/files/home/FREYA_ANDROID_888/15_RUNTIME/AUTONOMOUS_SCHEDULER/.self_heal_crontab.10562|f
RUNTIME_ENTRY=/data/data/com.termux/files/home/FREYA_ANDROID_888/15_RUNTIME/AUTONOMOUS_SCHEDULER/.self_heal_crontab.10605|f
RUNTIME_ENTRY=/data/data/com.termux/files/home/FREYA_ANDROID_888/15_RUNTIME/AUTONOMOUS_SCHEDULER/.self_heal_crontab.11262|f
RUNTIME_ENTRY=/data/data/com.termux/files/home/FREYA_ANDROID_888/15_RUNTIME/AUTONOMOUS_SCHEDULER/.self_heal_crontab.11302|f
RUNTIME_ENTRY=/data/data/com.termux/files/home/FREYA_ANDROID_888/15_RUNTIME/AUTONOMOUS_SCHEDULER/.self_heal_crontab.11437|f
RUNTIME_ENTRY=/data/data/com.termux/files/home/FREYA_ANDROID_888/15_RUNTIME/AUTONOMOUS_SCHEDULER/.self_heal_crontab.11476|f
RUNTIME_ENTRY=/data/data/com.termux/files/home/FREYA_ANDROID_888/15_RUNTIME/AUTONOMOUS_SCHEDULER/.self_heal_crontab.11742|f
RUNTIME_ENTRY=/data/data/com.termux/files/home/FREYA_ANDROID_888/15_RUNTIME/AUTONOMOUS_SCHEDULER/.self_heal_crontab.11785|f
RUNTIME_ENTRY=/data/data/com.termux/files/home/FREYA_ANDROID_888/15_RUNTIME/AUTONOMOUS_SCHEDULER/.self_heal_crontab.11909|f
RUNTIME_ENTRY=/data/data/com.termux/files/home/FREYA_ANDROID_888/15_RUNTIME/AUTONOMOUS_SCHEDULER/.self_heal_crontab.11974|f
RUNTIME_ENTRY=/data/data/com.termux/files/home/FREYA_ANDROID_888/15_RUNTIME/AUTONOMOUS_SCHEDULER/.self_heal_crontab.12039|f
RUNTIME_ENTRY=/data/data/com.termux/files/home/FREYA_ANDROID_888/15_RUNTIME/AUTONOMOUS_SCHEDULER/.self_heal_crontab.12079|f
RUNTIME_ENTRY=/data/data/com.termux/files/home/FREYA_ANDROID_888/15_RUNTIME/AUTONOMOUS_SCHEDULER/.self_heal_crontab.12184|f
RUNTIME_ENTRY=/data/data/com.termux/files/home/FREYA_ANDROID_888/15_RUNTIME/AUTONOMOUS_SCHEDULER/.self_heal_crontab.12225|f
RUNTIME_ENTRY=/data/data/com.termux/files/home/FREYA_ANDROID_888/15_RUNTIME/AUTONOMOUS_SCHEDULER/.self_heal_crontab.12582|f
RUNTIME_ENTRY=/data/data/com.termux/files/home/FREYA_ANDROID_888/15_RUNTIME/AUTONOMOUS_SCHEDULER/.self_heal_crontab.12604|f
RUNTIME_ENTRY=/data/data/com.termux/files/home/FREYA_ANDROID_888/15_RUNTIME/AUTONOMOUS_SCHEDULER/.self_heal_crontab.12607|f
RUNTIME_ENTRY=/data/data/com.termux/files/home/FREYA_ANDROID_888/15_RUNTIME/AUTONOMOUS_SCHEDULER/.self_heal_crontab.12638|f
RUNTIME_ENTRY=/data/data/com.termux/files/home/FREYA_ANDROID_888/15_RUNTIME/AUTONOMOUS_SCHEDULER/.self_heal_crontab.12646|f
RUNTIME_ENTRY=/data/data/com.termux/files/home/FREYA_ANDROID_888/15_RUNTIME/AUTONOMOUS_SCHEDULER/.self_heal_crontab.12674|f
RUNTIME_ENTRY=/data/data/com.termux/files/home/FREYA_ANDROID_888/15_RUNTIME/AUTONOMOUS_SCHEDULER/.self_heal_crontab.12803|f
RUNTIME_ENTRY=/data/data/com.termux/files/home/FREYA_ANDROID_888/15_RUNTIME/AUTONOMOUS_SCHEDULER/.self_heal_crontab.12856|f
RUNTIME_ENTRY=/data/data/com.termux/files/home/FREYA_ANDROID_888/15_RUNTIME/AUTONOMOUS_SCHEDULER/.self_heal_crontab.13309|f
RUNTIME_ENTRY=/data/data/com.termux/files/home/FREYA_ANDROID_888/15_RUNTIME/AUTONOMOUS_SCHEDULER/.self_heal_crontab.13350|f
RUNTIME_ENTRY=/data/data/com.termux/files/home/FREYA_ANDROID_888/15_RUNTIME/AUTONOMOUS_SCHEDULER/.self_heal_crontab.13409|f
RUNTIME_ENTRY=/data/data/com.termux/files/home/FREYA_ANDROID_888/15_RUNTIME/AUTONOMOUS_SCHEDULER/.self_heal_crontab.13469|f
RUNTIME_ENTRY=/data/data/com.termux/files/home/FREYA_ANDROID_888/15_RUNTIME/AUTONOMOUS_SCHEDULER/.self_heal_crontab.13789|f
RUNTIME_ENTRY=/data/data/com.termux/files/home/FREYA_ANDROID_888/15_RUNTIME/AUTONOMOUS_SCHEDULER/.self_heal_crontab.13851|f
RUNTIME_ENTRY=/data/data/com.termux/files/home/FREYA_ANDROID_888/15_RUNTIME/AUTONOMOUS_SCHEDULER/.self_heal_crontab.13992|f
RUNTIME_ENTRY=/data/data/com.termux/files/home/FREYA_ANDROID_888/15_RUNTIME/AUTONOMOUS_SCHEDULER/.self_heal_crontab.14045|f
RUNTIME_ENTRY=/data/data/com.termux/files/home/FREYA_ANDROID_888/15_RUNTIME/AUTONOMOUS_SCHEDULER/.self_heal_crontab.14273|f
RUNTIME_ENTRY=/data/data/com.termux/files/home/FREYA_ANDROID_888/15_RUNTIME/AUTONOMOUS_SCHEDULER/.self_heal_crontab.14316|f
RUNTIME_ENTRY=/data/data/com.termux/files/home/FREYA_ANDROID_888/15_RUNTIME/AUTONOMOUS_SCHEDULER/.self_heal_crontab.15127|f
RUNTIME_ENTRY=/data/data/com.termux/files/home/FREYA_ANDROID_888/15_RUNTIME/AUTONOMOUS_SCHEDULER/.self_heal_crontab.15172|f
RUNTIME_ENTRY=/data/data/com.termux/files/home/FREYA_ANDROID_888/15_RUNTIME/AUTONOMOUS_SCHEDULER/.self_heal_crontab.15385|f
RUNTIME_ENTRY=/data/data/com.termux/files/home/FREYA_ANDROID_888/15_RUNTIME/AUTONOMOUS_SCHEDULER/.self_heal_crontab.15423|f
RUNTIME_ENTRY=/data/data/com.termux/files/home/FREYA_ANDROID_888/15_RUNTIME/AUTONOMOUS_SCHEDULER/.self_heal_crontab.15567|f
RUNTIME_ENTRY=/data/data/com.termux/files/home/FREYA_ANDROID_888/15_RUNTIME/AUTONOMOUS_SCHEDULER/.self_heal_crontab.15601|f
RUNTIME_ENTRY=/data/data/com.termux/files/home/FREYA_ANDROID_888/15_RUNTIME/AUTONOMOUS_SCHEDULER/.self_heal_crontab.15667|f
RUNTIME_ENTRY=/data/data/com.termux/files/home/FREYA_ANDROID_888/15_RUNTIME/AUTONOMOUS_SCHEDULER/.self_heal_crontab.15708|f
RUNTIME_ENTRY=/data/data/com.termux/files/home/FREYA_ANDROID_888/15_RUNTIME/AUTONOMOUS_SCHEDULER/.self_heal_crontab.16091|f
RUNTIME_ENTRY=/data/data/com.termux/files/home/FREYA_ANDROID_888/15_RUNTIME/AUTONOMOUS_SCHEDULER/.self_heal_crontab.16131|f
RUNTIME_ENTRY=/data/data/com.termux/files/home/FREYA_ANDROID_888/15_RUNTIME/AUTONOMOUS_SCHEDULER/.self_heal_crontab.1632|f
RUNTIME_ENTRY=/data/data/com.termux/files/home/FREYA_ANDROID_888/15_RUNTIME/AUTONOMOUS_SCHEDULER/.self_heal_crontab.16367|f
RUNTIME_ENTRY=/data/data/com.termux/files/home/FREYA_ANDROID_888/15_RUNTIME/AUTONOMOUS_SCHEDULER/.self_heal_crontab.16530|f
RUNTIME_ENTRY=/data/data/com.termux/files/home/FREYA_ANDROID_888/15_RUNTIME/AUTONOMOUS_SCHEDULER/.self_heal_crontab.16575|f
RUNTIME_ENTRY=/data/data/com.termux/files/home/FREYA_ANDROID_888/15_RUNTIME/AUTONOMOUS_SCHEDULER/.self_heal_crontab.16642|f
RUNTIME_ENTRY=/data/data/com.termux/files/home/FREYA_ANDROID_888/15_RUNTIME/AUTONOMOUS_SCHEDULER/.self_heal_crontab.16710|f
RUNTIME_ENTRY=/data/data/com.termux/files/home/FREYA_ANDROID_888/15_RUNTIME/AUTONOMOUS_SCHEDULER/.self_heal_crontab.16861|f
RUNTIME_ENTRY=/data/data/com.termux/files/home/FREYA_ANDROID_888/15_RUNTIME/AUTONOMOUS_SCHEDULER/.self_heal_crontab.16973|f
RUNTIME_ENTRY=/data/data/com.termux/files/home/FREYA_ANDROID_888/15_RUNTIME/AUTONOMOUS_SCHEDULER/.self_heal_crontab.1720|f
RUNTIME_ENTRY=/data/data/com.termux/files/home/FREYA_ANDROID_888/15_RUNTIME/AUTONOMOUS_SCHEDULER/.self_heal_crontab.17672|f
RUNTIME_ENTRY=/data/data/com.termux/files/home/FREYA_ANDROID_888/15_RUNTIME/AUTONOMOUS_SCHEDULER/.self_heal_crontab.17686|f
RUNTIME_ENTRY=/data/data/com.termux/files/home/FREYA_ANDROID_888/15_RUNTIME/AUTONOMOUS_SCHEDULER/.self_heal_crontab.17717|f
RUNTIME_ENTRY=/data/data/com.termux/files/home/FREYA_ANDROID_888/15_RUNTIME/AUTONOMOUS_SCHEDULER/.self_heal_crontab.17718|f
RUNTIME_ENTRY=/data/data/com.termux/files/home/FREYA_ANDROID_888/15_RUNTIME/AUTONOMOUS_SCHEDULER/.self_heal_crontab.17934|f
RUNTIME_ENTRY=/data/data/com.termux/files/home/FREYA_ANDROID_888/15_RUNTIME/AUTONOMOUS_SCHEDULER/.self_heal_crontab.17982|f
RUNTIME_ENTRY=/data/data/com.termux/files/home/FREYA_ANDROID_888/15_RUNTIME/AUTONOMOUS_SCHEDULER/.self_heal_crontab.18417|f
RUNTIME_ENTRY=/data/data/com.termux/files/home/FREYA_ANDROID_888/15_RUNTIME/AUTONOMOUS_SCHEDULER/.self_heal_crontab.18496|f
RUNTIME_ENTRY=/data/data/com.termux/files/home/FREYA_ANDROID_888/15_RUNTIME/AUTONOMOUS_SCHEDULER/.self_heal_crontab.19347|f
RUNTIME_ENTRY=/data/data/com.termux/files/home/FREYA_ANDROID_888/15_RUNTIME/AUTONOMOUS_SCHEDULER/.self_heal_crontab.19387|f
RUNTIME_ENTRY=/data/data/com.termux/files/home/FREYA_ANDROID_888/15_RUNTIME/AUTONOMOUS_SCHEDULER/.self_heal_crontab.19402|f
RUNTIME_ENTRY=/data/data/com.termux/files/home/FREYA_ANDROID_888/15_RUNTIME/AUTONOMOUS_SCHEDULER/.self_heal_crontab.19433|f
RUNTIME_ENTRY=/data/data/com.termux/files/home/FREYA_ANDROID_888/15_RUNTIME/AUTONOMOUS_SCHEDULER/.self_heal_crontab.19814|f
RUNTIME_ENTRY=/data/data/com.termux/files/home/FREYA_ANDROID_888/15_RUNTIME/AUTONOMOUS_SCHEDULER/.self_heal_crontab.19881|f
RUNTIME_ENTRY=/data/data/com.termux/files/home/FREYA_ANDROID_888/15_RUNTIME/AUTONOMOUS_SCHEDULER/.self_heal_crontab.19933|f
RUNTIME_ENTRY=/data/data/com.termux/files/home/FREYA_ANDROID_888/15_RUNTIME/AUTONOMOUS_SCHEDULER/.self_heal_crontab.19973|f
RUNTIME_ENTRY=/data/data/com.termux/files/home/FREYA_ANDROID_888/15_RUNTIME/AUTONOMOUS_SCHEDULER/.self_heal_crontab.20121|f
RUNTIME_ENTRY=/data/data/com.termux/files/home/FREYA_ANDROID_888/15_RUNTIME/AUTONOMOUS_SCHEDULER/.self_heal_crontab.20167|f
RUNTIME_ENTRY=/data/data/com.termux/files/home/FREYA_ANDROID_888/15_RUNTIME/AUTONOMOUS_SCHEDULER/.self_heal_crontab.20171|f
RUNTIME_ENTRY=/data/data/com.termux/files/home/FREYA_ANDROID_888/15_RUNTIME/AUTONOMOUS_SCHEDULER/.self_heal_crontab.20218|f
RUNTIME_ENTRY=/data/data/com.termux/files/home/FREYA_ANDROID_888/15_RUNTIME/AUTONOMOUS_SCHEDULER/.self_heal_crontab.20427|f
RUNTIME_ENTRY=/data/data/com.termux/files/home/FREYA_ANDROID_888/15_RUNTIME/AUTONOMOUS_SCHEDULER/.self_heal_crontab.20471|f
RUNTIME_ENTRY=/data/data/com.termux/files/home/FREYA_ANDROID_888/15_RUNTIME/AUTONOMOUS_SCHEDULER/.self_heal_crontab.20853|f
RUNTIME_ENTRY=/data/data/com.termux/files/home/FREYA_ANDROID_888/15_RUNTIME/AUTONOMOUS_SCHEDULER/.self_heal_crontab.20895|f
RUNTIME_ENTRY=/data/data/com.termux/files/home/FREYA_ANDROID_888/15_RUNTIME/AUTONOMOUS_SCHEDULER/.self_heal_crontab.20965|f
RUNTIME_ENTRY=/data/data/com.termux/files/home/FREYA_ANDROID_888/15_RUNTIME/AUTONOMOUS_SCHEDULER/.self_heal_crontab.21008|f
RUNTIME_ENTRY=/data/data/com.termux/files/home/FREYA_ANDROID_888/15_RUNTIME/AUTONOMOUS_SCHEDULER/.self_heal_crontab.21272|f
RUNTIME_ENTRY=/data/data/com.termux/files/home/FREYA_ANDROID_888/15_RUNTIME/AUTONOMOUS_SCHEDULER/.self_heal_crontab.21313|f
RUNTIME_ENTRY=/data/data/com.termux/files/home/FREYA_ANDROID_888/15_RUNTIME/AUTONOMOUS_SCHEDULER/.self_heal_crontab.21354|f
RUNTIME_ENTRY=/data/data/com.termux/files/home/FREYA_ANDROID_888/15_RUNTIME/AUTONOMOUS_SCHEDULER/.self_heal_crontab.21406|f
RUNTIME_ENTRY=/data/data/com.termux/files/home/FREYA_ANDROID_888/15_RUNTIME/AUTONOMOUS_SCHEDULER/.self_heal_crontab.21803|f
RUNTIME_ENTRY=/data/data/com.termux/files/home/FREYA_ANDROID_888/15_RUNTIME/AUTONOMOUS_SCHEDULER/.self_heal_crontab.21809|f
RUNTIME_ENTRY=/data/data/com.termux/files/home/FREYA_ANDROID_888/15_RUNTIME/AUTONOMOUS_SCHEDULER/.self_heal_crontab.21848|f
RUNTIME_ENTRY=/data/data/com.termux/files/home/FREYA_ANDROID_888/15_RUNTIME/AUTONOMOUS_SCHEDULER/.self_heal_crontab.21867|f
RUNTIME_ENTRY=/data/data/com.termux/files/home/FREYA_ANDROID_888/15_RUNTIME/AUTONOMOUS_SCHEDULER/.self_heal_crontab.21886|f
RUNTIME_ENTRY=/data/data/com.termux/files/home/FREYA_ANDROID_888/15_RUNTIME/AUTONOMOUS_SCHEDULER/.self_heal_crontab.21907|f
RUNTIME_ENTRY=/data/data/com.termux/files/home/FREYA_ANDROID_888/15_RUNTIME/AUTONOMOUS_SCHEDULER/.self_heal_crontab.22335|f
RUNTIME_ENTRY=/data/data/com.termux/files/home/FREYA_ANDROID_888/15_RUNTIME/AUTONOMOUS_SCHEDULER/.self_heal_crontab.22338|f
RUNTIME_ENTRY=/data/data/com.termux/files/home/FREYA_ANDROID_888/15_RUNTIME/AUTONOMOUS_SCHEDULER/.self_heal_crontab.22378|f
RUNTIME_ENTRY=/data/data/com.termux/files/home/FREYA_ANDROID_888/15_RUNTIME/AUTONOMOUS_SCHEDULER/.self_heal_crontab.22406|f
RUNTIME_ENTRY=/data/data/com.termux/files/home/FREYA_ANDROID_888/15_RUNTIME/AUTONOMOUS_SCHEDULER/.self_heal_crontab.22882|f
RUNTIME_ENTRY=/data/data/com.termux/files/home/FREYA_ANDROID_888/15_RUNTIME/AUTONOMOUS_SCHEDULER/.self_heal_crontab.22927|f
RUNTIME_ENTRY=/data/data/com.termux/files/home/FREYA_ANDROID_888/15_RUNTIME/AUTONOMOUS_SCHEDULER/.self_heal_crontab.23136|f
RUNTIME_ENTRY=/data/data/com.termux/files/home/FREYA_ANDROID_888/15_RUNTIME/AUTONOMOUS_SCHEDULER/.self_heal_crontab.23181|f
RUNTIME_ENTRY=/data/data/com.termux/files/home/FREYA_ANDROID_888/15_RUNTIME/AUTONOMOUS_SCHEDULER/.self_heal_crontab.23211|f
RUNTIME_ENTRY=/data/data/com.termux/files/home/FREYA_ANDROID_888/15_RUNTIME/AUTONOMOUS_SCHEDULER/.self_heal_crontab.23275|f
RUNTIME_ENTRY=/data/data/com.termux/files/home/FREYA_ANDROID_888/15_RUNTIME/AUTONOMOUS_SCHEDULER/.self_heal_crontab.23360|f
RUNTIME_ENTRY=/data/data/com.termux/files/home/FREYA_ANDROID_888/15_RUNTIME/AUTONOMOUS_SCHEDULER/.self_heal_crontab.23410|f
RUNTIME_ENTRY=/data/data/com.termux/files/home/FREYA_ANDROID_888/15_RUNTIME/AUTONOMOUS_SCHEDULER/.self_heal_crontab.23517|f
RUNTIME_DIR=/data/data/com.termux/files/home/FREYA_ANDROID_888/05_AGENTS/FREYA_ANDROID_24H/runtime|EXISTS=YES|REAL=/data/data/com.termux/files/home/FREYA_ANDROID_888/05_AGENTS/FREYA_ANDROID_24H/runtime
RUNTIME_ENTRY=/data/data/com.termux/files/home/FREYA_ANDROID_888/05_AGENTS/FREYA_ANDROID_24H/runtime/AGENT_REGISTRY.json|f
RUNTIME_ENTRY=/data/data/com.termux/files/home/FREYA_ANDROID_888/05_AGENTS/FREYA_ANDROID_24H/runtime/CONTROLLED_LOCAL_DISPATCHER_V1_1.py|f
RUNTIME_ENTRY=/data/data/com.termux/files/home/FREYA_ANDROID_888/05_AGENTS/FREYA_ANDROID_24H/runtime/EXECUTION_ALLOWLIST.tsv|f
RUNTIME_ENTRY=/data/data/com.termux/files/home/FREYA_ANDROID_888/05_AGENTS/FREYA_ANDROID_24H/runtime/FREYA_ANDROID_V1_RUNTIME.py|f
RUNTIME_ENTRY=/data/data/com.termux/files/home/FREYA_ANDROID_888/05_AGENTS/FREYA_ANDROID_24H/runtime/QUEUE_STATE_MACHINE_V2.json|f
RUNTIME_ENTRY=/data/data/com.termux/files/home/FREYA_ANDROID_888/05_AGENTS/FREYA_ANDROID_24H/runtime/RECOVERY_QUEUE_V1_1/QUEUE_RECOVERY_STATE_MACHINE_V1_1.json|f
RUNTIME_ENTRY=/data/data/com.termux/files/home/FREYA_ANDROID_888/05_AGENTS/FREYA_ANDROID_24H/runtime/RECOVERY_QUEUE_V1_1/freya_queue_checkpoint_engine_v2_recovery.py|f
RUNTIME_ENTRY=/data/data/com.termux/files/home/FREYA_ANDROID_888/05_AGENTS/FREYA_ANDROID_24H/runtime/RECOVERY_QUEUE_V1_1|d
RUNTIME_ENTRY=/data/data/com.termux/files/home/FREYA_ANDROID_888/05_AGENTS/FREYA_ANDROID_24H/runtime/__pycache__/FREYA_ANDROID_V1_RUNTIME.cpython-314.pyc|f
RUNTIME_ENTRY=/data/data/com.termux/files/home/FREYA_ANDROID_888/05_AGENTS/FREYA_ANDROID_24H/runtime/__pycache__|d
RUNTIME_ENTRY=/data/data/com.termux/files/home/FREYA_ANDROID_888/05_AGENTS/FREYA_ANDROID_24H/runtime/freya_queue_checkpoint_engine_v2.py|f
RUNTIME_ENTRY=/data/data/com.termux/files/home/FREYA_ANDROID_888/05_AGENTS/FREYA_ANDROID_24H/runtime/runtime_config.json|f

--- CANONICAL_POINTER_AND_OWNER_MARKERS ---
POINTER_MARKER=/data/data/com.termux/files/home/FREYA_ANDROID_888/00_CONTROL/BATCHES/ANDROID_A01_NODE_IDENTITY_AND_RUNTIME_DISCOVERY/ANDROID_A01_NODE_IDENTITY_AND_RUNTIME_DISCOVERY_20260803T001517Z_PID22295/ACTIVE_PROCESSES.txt|TYPE=FILE|SIZE=538|HASH=293d429e52260900a9334f00204299429ccaafa301223bedddf281c654a0ed5d
POINTER_MARKER=/data/data/com.termux/files/home/FREYA_ANDROID_888/00_CONTROL/BATCHES/ANDROID_A02R1_ATOMIC_CHECKPOINT_REPAIR/20260805T143032Z_PID22384/ANDROID_FINAL_OFFLINE_CURRENT.before.env|TYPE=FILE|SIZE=778|HASH=938237bffba22fb7a9703be82ac6a39ecc8558c39f2b7d389acccf4d260bf096
POINTER_MARKER=/data/data/com.termux/files/home/FREYA_ANDROID_888/00_CONTROL/BATCHES/ANDROID_A02_SCRIPT_AND_AUTOSTART_FORENSIC_AUDIT/ANDROID_A02_SCRIPT_AND_AUTOSTART_FORENSIC_AUDIT_20260803T125032Z_PID3425/ACTIVE_PROCESSES.txt|TYPE=FILE|SIZE=2020|HASH=1fd4806e93b8dfe49ab24ec2d02a6faa236d9fb4b744e3946f6a9dbfd2ab08f9
POINTER_MARKER=/data/data/com.termux/files/home/FREYA_ANDROID_888/00_CONTROL/BATCHES/ANDROID_A02_SCRIPT_AND_AUTOSTART_FORENSIC_AUDIT/ANDROID_A02_SCRIPT_AND_AUTOSTART_FORENSIC_AUDIT_20260803T125500Z_PID8223/ACTIVE_PROCESSES.txt|TYPE=FILE|SIZE=1901|HASH=68441831259277b7e95d7774f89918e94ae7e7f8e21e3e486dcb2e9fb8ad0c50
POINTER_MARKER=/data/data/com.termux/files/home/FREYA_ANDROID_888/00_CONTROL/BATCHES/ANDROID_A04_CANONICAL_18_AGENT_REGISTRY_BUILD_AND_VALIDATION/20260804T112811Z_PID3599/AGENT_REGISTRY.CANONICAL_18.CANDIDATE.json|TYPE=FILE|SIZE=52561|HASH=ca15e70be2b7c07e60cf9524b463e61a8d245aa7e20c985925c6b6a88bc96e63
POINTER_MARKER=/data/data/com.termux/files/home/FREYA_ANDROID_888/00_CONTROL/BATCHES/ANDROID_A07_CANONICAL_RUNTIME_BUILD_PLAN/CANONICAL_RUNTIME_PLAN.txt|TYPE=FILE|SIZE=108910|HASH=d91090f7453ae2203fe6b09c2912ce5ecd88639a75a5a17276eb959dd5f4c36f
POINTER_MARKER=/data/data/com.termux/files/home/FREYA_ANDROID_888/00_CONTROL/BATCHES/ANDROID_A10R1_FORENSIC_CLOSURE_REVIEW/20260803T215119Z_PID27263/CANONICAL_HASH_VERIFICATION.json|TYPE=FILE|SIZE=2228|HASH=d13b555130a2019ae8de31d8fd94d988a8c57b0c9b2ae544df32278c0147c741
POINTER_MARKER=/data/data/com.termux/files/home/FREYA_ANDROID_888/00_CONTROL/BATCHES/ANDROID_A10R1_FORENSIC_CLOSURE_REVIEW/20260803T215119Z_PID27263/CANONICAL_JSON_VALIDATION.json|TYPE=FILE|SIZE=273|HASH=288aadf1dac92dc5fd61394780c1370afab15ed19daf1d806d42250b9505ca8f
POINTER_MARKER=/data/data/com.termux/files/home/FREYA_ANDROID_888/00_CONTROL/BATCHES/ANDROID_A10R2_CONTROLLED_CYCLE_REPAIR/20260803T215357Z_PID28247/CANONICAL_RUNTIME_REFERENCE_REVIEW.json|TYPE=FILE|SIZE=1233|HASH=26f59957ff1e6cc9dbcf6988b3209358c8d4c11e3b8d43ebdfffbe5ba102fd14
POINTER_MARKER=/data/data/com.termux/files/home/FREYA_ANDROID_888/00_CONTROL/BATCHES/ANDROID_A11_AGENT_REGISTRY_AND_STATE_MACHINE_VALIDATION/20260803T220153Z_PID31247/CANONICAL_HASHES.json|TYPE=FILE|SIZE=1391|HASH=c2e5a7c8d9c4af3b72ae3d3e610bf738e280d5fe5880d7ef1297aab7628dd664
POINTER_MARKER=/data/data/com.termux/files/home/FREYA_ANDROID_888/00_CONTROL/BATCHES/ANDROID_A13R2R1_EXISTING_AUTHORITY_IDEMPOTENCY_RECONCILIATION/20260804T124541Z_PID20564/CANONICAL_AUTHORITY_SEMANTIC.env|TYPE=FILE|SIZE=473|HASH=e84ce97f086595397f1a18375d4921bd8fb5bd5d64029003cf932fec4c25cf28
POINTER_MARKER=/data/data/com.termux/files/home/FREYA_ANDROID_888/00_CONTROL/BATCHES/ANDROID_A13R4_CURRENT_MSI_INCOMING_DIRECTORY_AUTHORITY_RESOLUTION/20260804T125712Z_PID22135/CURRENT_INCOMING_CANDIDATES.tsv|TYPE=FILE|SIZE=1882|HASH=6f1a316898b15c333c0a352f562ce8467ae66373bea7105f2cad1aced723564f
POINTER_MARKER=/data/data/com.termux/files/home/FREYA_ANDROID_888/00_CONTROL/BATCHES/ANDROID_A13R4_CURRENT_MSI_INCOMING_DIRECTORY_AUTHORITY_RESOLUTION/20260804T125712Z_PID22135/CURRENT_INCOMING_DISCOVERY.json|TYPE=FILE|SIZE=490|HASH=4783eef23e2a47d2ddd32cc7b4ac46932ca24b774d34452643dd29d29979d168
POINTER_MARKER=/data/data/com.termux/files/home/FREYA_ANDROID_888/00_CONTROL/BATCHES/ANDROID_A13R4_CURRENT_MSI_INCOMING_DIRECTORY_AUTHORITY_RESOLUTION/20260804T125712Z_PID22135/CURRENT_MSI_INCOMING_AUTHORITY_CANDIDATE.env|TYPE=FILE|SIZE=377|HASH=0c5f134b5cc9577a0d53d129ea0e9a789876069aeafda7e102f99bf5c3ddfc56
POINTER_MARKER=/data/data/com.termux/files/home/FREYA_ANDROID_888/00_CONTROL/BATCHES/ANDROID_A13R5_APPROVED_INCOMING_ROOT_BINDING_AND_FINAL_RELAY_REQUEST/20260804T130115Z_PID22581/MSI_CURRENT_INCOMING_ROOT.APPROVED.env|TYPE=FILE|SIZE=521|HASH=c94baee6277a7c58b242d792c5e09b4ed784177716b49f6e53b2cb81e56a77f7
POINTER_MARKER=/data/data/com.termux/files/home/FREYA_ANDROID_888/00_CONTROL/BATCHES/ANDROID_B01_CANONICAL_CLASSIFICATION/ANDROID_B01_CANONICAL_CLASSIFICATION_20260803T142848Z/CANONICAL_CLASSIFICATION.tsv|TYPE=FILE|SIZE=22677|HASH=4c4e69a324b2cbef5b30d1b05cff50afb4efbf6b995afee0f68d166bad6711a2
POINTER_MARKER=/data/data/com.termux/files/home/FREYA_ANDROID_888/00_CONTROL/BATCHES/ANDROID_B05_CANONICAL_CORE_SELECTION/ANDROID_B05_CANONICAL_CORE_SELECTION_20260803T143153Z/CANONICAL_CANDIDATES.tsv|TYPE=FILE|SIZE=5208|HASH=beb910b81835e0b6bf644cfc5d5ab1ac339e584b92439eee4c0447492993ea1e
POINTER_MARKER=/data/data/com.termux/files/home/FREYA_ANDROID_888/00_CONTROL/BATCHES/ANDROID_B07_CANONICAL_RUNTIME_DECISION/ANDROID_B07_CANONICAL_RUNTIME_DECISION_20260803T143450Z/CANONICAL_RUNTIME_COMPONENTS.txt|TYPE=FILE|SIZE=1299|HASH=802369324fa65a842154145494de195a4fc12e3bd22258b1a627d0353678fbe2
POINTER_MARKER=/data/data/com.termux/files/home/FREYA_ANDROID_888/00_CONTROL/BATCHES/ANDROID_B15_CANONICAL_RUNTIME_SELECTION/ANDROID_B15_CANONICAL_RUNTIME_SELECTION_20260803T145118Z/CANONICAL_RUNTIME_SELECTION.txt|TYPE=FILE|SIZE=1300|HASH=161a6992d35536c7830fb97845adc423ebbf7df1d73bc1a92904ab70c375b229
POINTER_MARKER=/data/data/com.termux/files/home/FREYA_ANDROID_888/00_CONTROL/BATCHES/ANDROID_B18_CANONICAL_RUNTIME_RELEASE/ANDROID_B18_CANONICAL_RUNTIME_RELEASE_20260803T145447Z/CANONICAL_RUNTIME_MANIFEST.tsv|TYPE=FILE|SIZE=1248|HASH=e58b69b59d69764328ffe053d7291582177545025b3da7e36e98e6819aab87d6
POINTER_MARKER=/data/data/com.termux/files/home/FREYA_ANDROID_888/00_CONTROL/BATCHES/ANDROID_B18_CANONICAL_RUNTIME_RELEASE/ANDROID_B18_CANONICAL_RUNTIME_RELEASE_20260803T145447Z/CANONICAL_RUNTIME_RELEASE.txt|TYPE=FILE|SIZE=1332|HASH=9d0492bf61b8cd718190bfcfb605265823bdda5c1208a6e84d91231e7390b64d
POINTER_MARKER=/data/data/com.termux/files/home/FREYA_ANDROID_888/00_CONTROL/BATCHES/ANDROID_B23_CANONICAL_REFERENCE_REVIEW/ANDROID_B23_CANONICAL_REFERENCE_REVIEW_20260803T152619Z/CANONICAL_REFERENCES.tsv|TYPE=FILE|SIZE=10597179|HASH=SKIPPED
POINTER_MARKER=/data/data/com.termux/files/home/FREYA_ANDROID_888/00_CONTROL/BATCHES/ANDROID_B25_REPAIR_PLANNING/ANDROID_B25_REPAIR_PLANNING_20260803T153022Z/CANONICAL_REFERENCES.tsv|TYPE=FILE|SIZE=10597179|HASH=SKIPPED
POINTER_MARKER=/data/data/com.termux/files/home/FREYA_ANDROID_888/00_CONTROL/BATCHES/ANDROID_B26_REPAIR_QUEUE_CLASSIFICATION/ANDROID_B26_REPAIR_QUEUE_CLASSIFICATION_20260803T153250Z/CANONICAL_USAGE.tsv|TYPE=FILE|SIZE=46358719|HASH=SKIPPED
POINTER_MARKER=/data/data/com.termux/files/home/FREYA_ANDROID_888/00_CONTROL/BATCHES/ANDROID_C03_CANONICAL_CLASSIFICATION/ANDROID_C03_CANONICAL_CLASSIFICATION_20260803T141131Z/CANONICAL_CLASSIFICATION.tsv|TYPE=FILE|SIZE=307536|HASH=SKIPPED
POINTER_MARKER=/data/data/com.termux/files/home/FREYA_ANDROID_888/00_CONTROL/BATCHES/ANDROID_C06_CANONICAL_AGENT_LOCATION_MAP/ANDROID_C06_CANONICAL_AGENT_LOCATION_MAP_20260803T141948Z/CANONICAL_LOCATION_MAP.txt|TYPE=FILE|SIZE=3994|HASH=c32c22b47583eb48910e33903170d194d8daed0f4c496b41d9cb99d7ff481a62
POINTER_MARKER=/data/data/com.termux/files/home/FREYA_ANDROID_888/00_CONTROL/BATCHES/ANDROID_C07_CANONICAL_SHA_COMPARE/ANDROID_C07_CANONICAL_SHA_COMPARE_20260803T142025Z/CANONICAL_SHA256.tsv|TYPE=FILE|SIZE=2856|HASH=09919f798d4b58c47e4826cb0af8b760264eb8c328d61b46d48945e264ea26bd
POINTER_MARKER=/data/data/com.termux/files/home/FREYA_ANDROID_888/00_CONTROL/BATCHES/ANDROID_R04_NEW_18_AGENT_REGISTRY_CANDIDATE_BUILD/20260803T233021Z_PID22239/R04_CANONICAL_ACTIVATION_APPROVAL_SCOPE.env|TYPE=FILE|SIZE=1318|HASH=79816f065f2006a4cd1950889bb940ec6738337965dc0f4da0de8838fe1b2862
POINTER_MARKER=/data/data/com.termux/files/home/FREYA_ANDROID_888/00_CONTROL/BATCHES/ANDROID_S01_STRATEGIC_CURRENT_STATE_SEAL/ANDROID_S01_STRATEGIC_CURRENT_STATE_SEAL_20260803T205010Z_PID15743/CURRENT_STATE.env|TYPE=FILE|SIZE=370|HASH=98dabef324c2f8f41a4021cb27a54a2517acdda4aba72bc74fa3599cd3d8c1a2
POINTER_MARKER=/data/data/com.termux/files/home/FREYA_ANDROID_888/00_CONTROL/BATCHES_ACTIVE/A15R1_20260805T150849Z_PID4445/ACTIVE_REGISTRY_CANDIDATES.tsv|TYPE=FILE|SIZE=828|HASH=faafc9ba8240acb47e7051eba43e7bbae44b3b9d08796c1cc4460785522e5243
POINTER_MARKER=/data/data/com.termux/files/home/FREYA_ANDROID_888/00_CONTROL/BATCHES_ACTIVE/A19R2_20260805T160636Z_PID16377/CANONICAL_PRIORITY_SOURCES.tsv|TYPE=FILE|SIZE=1901|HASH=ecd90fa92157dce3f55b1c352ae6f0129c533fc9cf09105fe3d1d0c0ed1b5083
POINTER_MARKER=/data/data/com.termux/files/home/FREYA_ANDROID_888/00_CONTROL/BATCHES_ACTIVE/A27_LITE_20260805T171244Z_PID778/CANARY_STATE/CURRENT.env|TYPE=FILE|SIZE=258|HASH=b64d6957b186e21e1f20047122bc2063511e60ef53a98953fc83ab2f41f55354
POINTER_MARKER=/data/data/com.termux/files/home/FREYA_ANDROID_888/00_CONTROL/BATCHES_ACTIVE/A27_LITE_20260805T171244Z_PID778/STALE_LOCK_TEST/CURRENT.env|TYPE=FILE|SIZE=258|HASH=c6133510dd6c00b15a2e6bac08227f4e44170169ad7dc3530c4b34d4f883145f
POINTER_MARKER=/data/data/com.termux/files/home/FREYA_ANDROID_888/00_CONTROL/BATCHES_ACTIVE/F01_20260807T161707Z_PID29789/CANONICAL_POINTERS.tsv|TYPE=FILE|SIZE=430|HASH=4a30e0dd065252e6f70051c6992b800697140ba631c43f8b8e8e9e371d2de5c2
POINTER_MARKER=/data/data/com.termux/files/home/FREYA_ANDROID_888/00_CONTROL/BATCHES_ACTIVE/F01_20260807T161707Z_PID29789/SSOT_AND_AGENT_REGISTRY_CANDIDATES.txt|TYPE=FILE|SIZE=5219|HASH=01cbc7e243c3cfe16daa572ec368226453ff7bf11f17d099a3cca7d7e4878f88
POINTER_MARKER=/data/data/com.termux/files/home/FREYA_ANDROID_888/00_CONTROL/BATCHES_ACTIVE/F02R1_20260807T162017Z_PID31053/ACTIVE_MANIFEST_VERIFY.txt|TYPE=FILE|SIZE=1199|HASH=6c804b8ced9741490afcc2b1fc8a93cb4d7f4817f29f98f38f34dd1b77b05bc4
POINTER_MARKER=/data/data/com.termux/files/home/FREYA_ANDROID_888/00_CONTROL/BATCHES_ACTIVE/F02_20260807T161840Z_PID30627/ACTIVE_MANIFEST_VERIFY.txt|TYPE=FILE|SIZE=1199|HASH=6c804b8ced9741490afcc2b1fc8a93cb4d7f4817f29f98f38f34dd1b77b05bc4
POINTER_MARKER=/data/data/com.termux/files/home/FREYA_ANDROID_888/00_CONTROL/BATCHES_ACTIVE/F03_20260807T162302Z_PID31637/PROTECTED_ACTIVE_TARGETS.txt|TYPE=FILE|SIZE=363|HASH=84e3c99941c9670319fc3ccb7cd20c80a9488fe991b1178f63147949e553f99d
POINTER_MARKER=/data/data/com.termux/files/home/FREYA_ANDROID_888/00_CONTROL/BATCH_RUNS/BATCH_004S_CANONICAL_SSH_TRANSFER_20260731T200802Z/canonical_ssh_config_prefix.sh|TYPE=FILE|SIZE=900|HASH=bc6a975910fef04b8f3e70f30e1e6d611de1148270e297b2ccaa707d611e55ed
POINTER_MARKER=/data/data/com.termux/files/home/FREYA_ANDROID_888/00_CONTROL/BATCH_RUNS/BATCH_005A_CORE_AGENTS_20260731T170827Z/core_agent_canonical_signal.json|TYPE=FILE|SIZE=851|HASH=e9cfeb1ec616988d24308f44104c02fed7437981002757b86c39a2a42fe2db27
POINTER_MARKER=/data/data/com.termux/files/home/FREYA_ANDROID_888/00_CONTROL/CANDIDATES/ANDROID_PIPELINE_SSOT/ANDROID_PIPELINE_SSOT_CANDIDATE_20260807T124246Z_PID28556.env|TYPE=FILE|SIZE=2009|HASH=996ff56b540ca4120f136bed7c14378a68f2adc76e2bfbaed53daeea5c5c11c8
POINTER_MARKER=/data/data/com.termux/files/home/FREYA_ANDROID_888/00_CONTROL/CHECKPOINTS/ANDROID_24H_RECOVERY_CURRENT.env|TYPE=FILE|SIZE=734|HASH=0ed69d139dc36d3933e58933b8a91d540f26f8d3bd963ef3bb198fe8d012e3b7
POINTER_MARKER=/data/data/com.termux/files/home/FREYA_ANDROID_888/00_CONTROL/CHECKPOINTS/ANDROID_FINAL_OFFLINE_CURRENT.env|TYPE=FILE|SIZE=974|HASH=a8b858495560432b6f7277e2708a84f4512a2ccdff7e7203e3be3033f1558002
POINTER_MARKER=/data/data/com.termux/files/home/FREYA_ANDROID_888/00_CONTROL/EVIDENCE/BATCH_02_CANONICAL_IDENTIFICATION_20260731_224223/CANONICAL_AGENT_REPORT.json|TYPE=FILE|SIZE=33390|HASH=a962396db8ee0492fd0d1fe8dd2cc6472d485239c4fa97c68115bc59798831ea
POINTER_MARKER=/data/data/com.termux/files/home/FREYA_ANDROID_888/00_CONTROL/EVIDENCE/BATCH_02_FREYA_ROOT_AND_FOLDER_ARCHITECTURE_MAP_20260808T122120Z_PID5788/CANONICAL_TARGET_ROLES.tsv|TYPE=FILE|SIZE=1922|HASH=63e4824dd45542966e42bc68271740214b77bf82a42525c7eecca3d360cd218f
POINTER_MARKER=/data/data/com.termux/files/home/FREYA_ANDROID_888/00_CONTROL/EVIDENCE/BATCH_02_FREYA_ROOT_AND_FOLDER_ARCHITECTURE_MAP_20260808T122120Z_PID5788/CANONICAL_TOP_LEVEL.tsv|TYPE=FILE|SIZE=708|HASH=a54fadac7ad0b02e43172dc5c35a4de1b9d1857dad44c20b2a6dd48dfceb26bf
POINTER_MARKER=/data/data/com.termux/files/home/FREYA_ANDROID_888/00_CONTROL/REGISTRY/ANDROID_APP_CONTROL/ANDROID_APP_CONTROL_CURRENT|TYPE=SYMLINK|TARGET=/data/data/com.termux/files/home/FREYA_ANDROID_888/00_CONTROL/REGISTRY/ANDROID_APP_CONTROL/RELEASES/APP_CONTROL_V1R1_20260807T135701Z_PID32187/ANDROID_APP_CONTROL_POLICY.env|REAL=/data/data/com.termux/files/home/FREYA_ANDROID_888/00_CONTROL/REGISTRY/ANDROID_APP_CONTROL/RELEASES/APP_CONTROL_V1R1_20260807T135701Z_PID32187/ANDROID_APP_CONTROL_POLICY.env
POINTER_MARKER=/data/data/com.termux/files/home/FREYA_ANDROID_888/00_CONTROL/REGISTRY/ANDROID_AUTONOMOUS_SCHEDULER/ANDROID_AUTONOMOUS_SCHEDULER_CURRENT|TYPE=SYMLINK|TARGET=/data/data/com.termux/files/home/FREYA_ANDROID_888/00_CONTROL/REGISTRY/ANDROID_AUTONOMOUS_SCHEDULER/RELEASES/SCHEDULER_V2_CROND_20260807T144306Z_PID11934/ANDROID_AUTONOMOUS_SCHEDULER.env|REAL=/data/data/com.termux/files/home/FREYA_ANDROID_888/00_CONTROL/REGISTRY/ANDROID_AUTONOMOUS_SCHEDULER/RELEASES/SCHEDULER_V2_CROND_20260807T144306Z_PID11934/ANDROID_AUTONOMOUS_SCHEDULER.env
POINTER_MARKER=/data/data/com.termux/files/home/FREYA_ANDROID_888/00_CONTROL/REGISTRY/ANDROID_AUTONOMY_CERTIFICATION/FREYA_ANDROID_AUTONOMY_CERTIFICATION_CURRENT|TYPE=SYMLINK|TARGET=/data/data/com.termux/files/home/FREYA_ANDROID_888/00_CONTROL/REGISTRY/ANDROID_AUTONOMY_CERTIFICATION/RELEASES/AUTONOMY_CERT_V1_20260807T151507Z_PID20290/FREYA_ANDROID_AUTONOMY_CERTIFICATION.env|REAL=/data/data/com.termux/files/home/FREYA_ANDROID_888/00_CONTROL/REGISTRY/ANDROID_AUTONOMY_CERTIFICATION/RELEASES/AUTONOMY_CERT_V1_20260807T151507Z_PID20290/FREYA_ANDROID_AUTONOMY_CERTIFICATION.env
POINTER_MARKER=/data/data/com.termux/files/home/FREYA_ANDROID_888/00_CONTROL/REGISTRY/ANDROID_AUX_PIPELINE/ANDROID_AUX_PIPELINE_CURRENT|TYPE=SYMLINK|TARGET=/data/data/com.termux/files/home/FREYA_ANDROID_888/00_CONTROL/REGISTRY/ANDROID_AUX_PIPELINE/RELEASES/AUX_R1_20260807T130514Z_PID5546/ANDROID_AUX_PIPELINE.env|REAL=/data/data/com.termux/files/home/FREYA_ANDROID_888/00_CONTROL/REGISTRY/ANDROID_AUX_PIPELINE/RELEASES/AUX_R1_20260807T130514Z_PID5546/ANDROID_AUX_PIPELINE.env
POINTER_MARKER=/data/data/com.termux/files/home/FREYA_ANDROID_888/00_CONTROL/REGISTRY/ANDROID_LOCAL_ACTION_ENGINE/ANDROID_LOCAL_ACTION_ENGINE_CURRENT|TYPE=SYMLINK|TARGET=/data/data/com.termux/files/home/FREYA_ANDROID_888/00_CONTROL/REGISTRY/ANDROID_LOCAL_ACTION_ENGINE/RELEASES/LOCAL_ACTION_ENGINE_V1_20260807T145015Z_PID13810/ANDROID_LOCAL_ACTION_ENGINE.env|REAL=/data/data/com.termux/files/home/FREYA_ANDROID_888/00_CONTROL/REGISTRY/ANDROID_LOCAL_ACTION_ENGINE/RELEASES/LOCAL_ACTION_ENGINE_V1_20260807T145015Z_PID13810/ANDROID_LOCAL_ACTION_ENGINE.env
POINTER_MARKER=/data/data/com.termux/files/home/FREYA_ANDROID_888/00_CONTROL/REGISTRY/ANDROID_MAC_RECONCILIATION/CURRENT.env|TYPE=FILE|SIZE=869|HASH=d74a1515101e62c2d125e85a81c1dd4b8b21c8375f6f31dd98146baac1d6ab94
POINTER_MARKER=/data/data/com.termux/files/home/FREYA_ANDROID_888/00_CONTROL/REGISTRY/ANDROID_MSI_RECONCILIATION/CURRENT.env|TYPE=FILE|SIZE=1089|HASH=2a233a501a9ce52050f753eb3282684dc19fed3926d0dacf6cc7b028d88e7b21
POINTER_MARKER=/data/data/com.termux/files/home/FREYA_ANDROID_888/00_CONTROL/REGISTRY/ANDROID_PIPELINE_SSOT/ANDROID_PIPELINE_SSOT_CURRENT|TYPE=SYMLINK|TARGET=/data/data/com.termux/files/home/FREYA_ANDROID_888/00_CONTROL/REGISTRY/ANDROID_PIPELINE_SSOT/RELEASES/SSOT_R3_20260807T125138Z_PID31993/ANDROID_PIPELINE_SSOT.env|REAL=/data/data/com.termux/files/home/FREYA_ANDROID_888/00_CONTROL/REGISTRY/ANDROID_PIPELINE_SSOT/RELEASES/SSOT_R3_20260807T125138Z_PID31993/ANDROID_PIPELINE_SSOT.env
POINTER_MARKER=/data/data/com.termux/files/home/FREYA_ANDROID_888/00_CONTROL/REGISTRY/ANDROID_SELF_HEALING/ANDROID_SELF_HEALING_CURRENT|TYPE=SYMLINK|TARGET=/data/data/com.termux/files/home/FREYA_ANDROID_888/00_CONTROL/REGISTRY/ANDROID_SELF_HEALING/RELEASES/SELF_HEALING_V1_20260807T145628Z_PID15460/ANDROID_SELF_HEALING.env|REAL=/data/data/com.termux/files/home/FREYA_ANDROID_888/00_CONTROL/REGISTRY/ANDROID_SELF_HEALING/RELEASES/SELF_HEALING_V1_20260807T145628Z_PID15460/ANDROID_SELF_HEALING.env
POINTER_MARKER=/data/data/com.termux/files/home/FREYA_ANDROID_888/00_CONTROL/REGISTRY/APPLICATIONS/CURRENT.env|TYPE=FILE|SIZE=895|HASH=403d2895b23b851613465825c32e63b943394b57a397336df9565b3d526cd18b
POINTER_MARKER=/data/data/com.termux/files/home/FREYA_ANDROID_888/00_CONTROL/REGISTRY/APPLICATION_CONTROL/CURRENT.env|TYPE=FILE|SIZE=1121|HASH=32ea2ad1352936fa160be4c8b7bd93baf241440f2f0832225d3e5bd8bbfa5970
POINTER_MARKER=/data/data/com.termux/files/home/FREYA_ANDROID_888/00_CONTROL/REGISTRY/CANONICAL_ROOT_ARCHITECTURE/CURRENT.env|TYPE=FILE|SIZE=1228|HASH=226a404238feaa2e3cafe840cb16229649acff5363f7363248283a81caa8e8d4
POINTER_MARKER=/data/data/com.termux/files/home/FREYA_ANDROID_888/00_CONTROL/REGISTRY/CONTROL_SCRIPTS/CURRENT.tsv|TYPE=FILE|SIZE=3771|HASH=9af7a5493774dbbe9082cf07cbb2fcc4c83b1f752baf91de2a05542a6e519b34
POINTER_MARKER=/data/data/com.termux/files/home/FREYA_ANDROID_888/00_CONTROL/REGISTRY/CONTROL_TOWER/FREYA_ANDROID_CONTROL_TOWER_CURRENT|TYPE=SYMLINK|TARGET=/data/data/com.termux/files/home/FREYA_ANDROID_888/00_CONTROL/REGISTRY/CONTROL_TOWER/RELEASES/ANDROID_CT_V4_20260807T150344Z_PID16711/FREYA_ANDROID_CONTROL_TOWER.env|REAL=/data/data/com.termux/files/home/FREYA_ANDROID_888/00_CONTROL/REGISTRY/CONTROL_TOWER/RELEASES/ANDROID_CT_V4_20260807T150344Z_PID16711/FREYA_ANDROID_CONTROL_TOWER.env
POINTER_MARKER=/data/data/com.termux/files/home/FREYA_ANDROID_888/00_CONTROL/REGISTRY/DAILY_OPERATIONS/CURRENT.env|TYPE=FILE|SIZE=733|HASH=374e5656e15f92104c1e446cef4d09dba9c27272d5a0bb1dda2138166429c3de
POINTER_MARKER=/data/data/com.termux/files/home/FREYA_ANDROID_888/00_CONTROL/REGISTRY/DASHBOARD_ENGINE/CURRENT.env|TYPE=FILE|SIZE=970|HASH=997dc6eec49dc8ce6ef9fc5843740b47f7a3305f353907c447418a60ac5140e0
POINTER_MARKER=/data/data/com.termux/files/home/FREYA_ANDROID_888/00_CONTROL/REGISTRY/DOCUMENT_CONTROL/CURRENT.env|TYPE=FILE|SIZE=1061|HASH=b54a986938787e864693f89ed8479ff35b192e9cd8281a7cbba1505db68691b3
POINTER_MARKER=/data/data/com.termux/files/home/FREYA_ANDROID_888/00_CONTROL/REGISTRY/END_TO_END_VALIDATION/CURRENT.env|TYPE=FILE|SIZE=1068|HASH=40659ee7d3964f1aede4dbf5aea7dc96af765a1c0dac155f5a6d371072a9eba9
POINTER_MARKER=/data/data/com.termux/files/home/FREYA_ANDROID_888/00_CONTROL/REGISTRY/FINAL_ACCEPTANCE/FREYA_ANDROID_FINAL_ACCEPTANCE_CURRENT|TYPE=SYMLINK|TARGET=/data/data/com.termux/files/home/FREYA_ANDROID_888/00_CONTROL/REGISTRY/FINAL_ACCEPTANCE/RELEASES/ANDROID_FINAL_V4_AUTONOMY_20260807T151507Z_PID20290/FREYA_ANDROID_NODE_888_FINAL_ACCEPTANCE.env|REAL=/data/data/com.termux/files/home/FREYA_ANDROID_888/00_CONTROL/REGISTRY/FINAL_ACCEPTANCE/RELEASES/ANDROID_FINAL_V4_AUTONOMY_20260807T151507Z_PID20290/FREYA_ANDROID_NODE_888_FINAL_ACCEPTANCE.env
POINTER_MARKER=/data/data/com.termux/files/home/FREYA_ANDROID_888/00_CONTROL/REGISTRY/FINAL_PRODUCTION_SEAL/CURRENT.env|TYPE=FILE|SIZE=1099|HASH=6eecf601dff310ab4d70e028b3c3e5c3fa9a29cdaaadb53b13274f78ac4d5322
POINTER_MARKER=/data/data/com.termux/files/home/FREYA_ANDROID_888/00_CONTROL/REGISTRY/HOME_SCREEN/CURRENT.env|TYPE=FILE|SIZE=1045|HASH=4176441d7e3335499ce303afadf3368082dcb0210cc84bb38bfdf0d88110bdd5
POINTER_MARKER=/data/data/com.termux/files/home/FREYA_ANDROID_888/00_CONTROL/REGISTRY/HUMAN_GATE_COMMAND_CENTER/CURRENT.env|TYPE=FILE|SIZE=964|HASH=70fd5b1e08a0af040828c02a4b02a335be897741bc92ce1e90d7c5f4f984946f
POINTER_MARKER=/data/data/com.termux/files/home/FREYA_ANDROID_888/00_CONTROL/REGISTRY/IMAGE_CONTROLLER/CURRENT.env|TYPE=FILE|SIZE=981|HASH=e929c80b4413093d51fed7eeac8ee32f6fffb80954eef0b38cf5d85896ab27eb
POINTER_MARKER=/data/data/com.termux/files/home/FREYA_ANDROID_888/00_CONTROL/REGISTRY/INTEGRATED_CONTROL/CURRENT.env|TYPE=FILE|SIZE=940|HASH=af1cf2d02d84d7f961f2b596eb6c24d5c42b8d5a76ef7fc33809c6d349ee097e
POINTER_MARKER=/data/data/com.termux/files/home/FREYA_ANDROID_888/00_CONTROL/REGISTRY/MEDIA_CONTROL/CURRENT.env|TYPE=FILE|SIZE=1553|HASH=90c99c9d1e0d5828b6047bf39a4c3c61e86e04e16e85a471d6e5bb69a14c9c6d
POINTER_MARKER=/data/data/com.termux/files/home/FREYA_ANDROID_888/00_CONTROL/REGISTRY/OBSIDIAN_AUTHORITY/FREYA_ANDROID_OBSIDIAN_AUTHORITY_CURRENT|TYPE=SYMLINK|TARGET=/data/data/com.termux/files/home/FREYA_ANDROID_888/00_CONTROL/REGISTRY/OBSIDIAN_AUTHORITY/RELEASES/AUTHORITY_V1_20260807T134336Z_PID19695/FREYA_ANDROID_OBSIDIAN_AUTHORITY.env|REAL=/data/data/com.termux/files/home/FREYA_ANDROID_888/00_CONTROL/REGISTRY/OBSIDIAN_AUTHORITY/RELEASES/AUTHORITY_V1_20260807T134336Z_PID19695/FREYA_ANDROID_OBSIDIAN_AUTHORITY.env
POINTER_MARKER=/data/data/com.termux/files/home/FREYA_ANDROID_888/00_CONTROL/REGISTRY/STORAGE_PROTECTION/CURRENT.env|TYPE=FILE|SIZE=675|HASH=78d2ca40180e3d958c1864ca33937b2a28b1acd2d30f9d4a2dee641f7a669926
POINTER_MARKER=/data/data/com.termux/files/home/FREYA_ANDROID_888/00_CONTROL/REGISTRY/TERMUX_RUNTIME/CURRENT.env|TYPE=FILE|SIZE=1293|HASH=5c0cfe976b10fb9dd5229d244f9af5c1744e4f64d292819178c48e2228ec7e81
POINTER_MARKER=/data/data/com.termux/files/home/FREYA_ANDROID_888/00_CONTROL/TRANSPORT/AUTHORITIES/MSI_CURRENT_INCOMING_ROOT.env|TYPE=FILE|SIZE=521|HASH=c94baee6277a7c58b242d792c5e09b4ed784177716b49f6e53b2cb81e56a77f7
POINTER_MARKER=/data/data/com.termux/files/home/FREYA_ANDROID_888/02_INVENTORY/34_ACTIVE_PROCESSES.tsv|TYPE=FILE|SIZE=454|HASH=ebbf3aa3f9151056bc415de9405696c712948c787e7846ddedf15808879b3750
POINTER_MARKER=/data/data/com.termux/files/home/FREYA_ANDROID_888/05_AGENTS/FREYA_ANDROID_24H/A28_FOREGROUND_STATE/A28R1_COMPLETED_LOCK_20260806T171844Z_PID13729/OWNER_PID|TYPE=FILE|SIZE=6|HASH=0c564110742caba99fe7ce2a73173918ed9a56aa12841a6aa7ab4139942e6750
POINTER_MARKER=/data/data/com.termux/files/home/FREYA_ANDROID_888/05_AGENTS/FREYA_ANDROID_24H/A28_FOREGROUND_STATE/A28R1_PAUSED_LOCK_20260805T183947Z_PID12775/OWNER_PID|TYPE=FILE|SIZE=6|HASH=a40a07580184b1d54b7753a821dcdfa8208cabed006d81c32cd66eab60ff230b
POINTER_MARKER=/data/data/com.termux/files/home/FREYA_ANDROID_888/05_AGENTS/FREYA_ANDROID_24H/A28_FOREGROUND_STATE/A28_PAUSED_LOCK_20260805T173331Z_PID3489/OWNER_PID|TYPE=FILE|SIZE=5|HASH=ddd95b061ecb29f0634394d47c00e643356e69563551de956c9c55c4793fd61f
POINTER_MARKER=/data/data/com.termux/files/home/FREYA_ANDROID_888/05_AGENTS/FREYA_ANDROID_24H/A28_FOREGROUND_STATE/A28_PAUSED_LOCK_20260805T182338Z_PID6546/OWNER_PID|TYPE=FILE|SIZE=5|HASH=ce8448d9b0c9a594d87697de60c7e4b706c9406fbbd8bfda883cae579de99a8a
POINTER_MARKER=/data/data/com.termux/files/home/FREYA_ANDROID_888/05_AGENTS/FREYA_ANDROID_24H/A28_FOREGROUND_STATE/CURRENT.env|TYPE=FILE|SIZE=259|HASH=d93d50bd5c556011ada06264021684b68e95da98140587e2bf443be08387ee97
POINTER_MARKER=/data/data/com.termux/files/home/FREYA_ANDROID_888/05_AGENTS/FREYA_ANDROID_24H/A28_FOREGROUND_STATE/CURRENT_A28R1.env|TYPE=FILE|SIZE=302|HASH=fa0270ecff7a53654bdc03370a6f969934ae3ac8b78f29fba3e8ecfd09bcc43e
POINTER_MARKER=/data/data/com.termux/files/home/FREYA_ANDROID_888/05_AGENTS/FREYA_ANDROID_24H/A28_FOREGROUND_STATE/LOCK_RELEASED_20260805T171654Z_PID3515/OWNER_PID|TYPE=FILE|SIZE=5|HASH=db36cc147fc8cb931032f270340a392d31f7e3f7239b7695d26b2eb8148a2d07
POINTER_MARKER=/data/data/com.termux/files/home/FREYA_ANDROID_888/05_AGENTS/FREYA_ANDROID_24H/A28_FOREGROUND_STATE/LOCK_RELEASED_20260805T172154Z_PID3660/OWNER_PID|TYPE=FILE|SIZE=5|HASH=a9a382be99d01d072a3c4e9ffb17deb0738bc3b1a670424888cd88ea42eb1042
POINTER_MARKER=/data/data/com.termux/files/home/FREYA_ANDROID_888/05_AGENTS/FREYA_ANDROID_24H/A28_FOREGROUND_STATE/LOCK_RELEASED_20260805T172655Z_PID4993/OWNER_PID|TYPE=FILE|SIZE=5|HASH=98105dcb90a137236f40d2321ad5cb9e631b600ccd47e57292415b507c84d588
POINTER_MARKER=/data/data/com.termux/files/home/FREYA_ANDROID_888/05_AGENTS/FREYA_ANDROID_24H/A28_FOREGROUND_STATE/LOCK_RELEASED_20260805T173155Z_PID5362/OWNER_PID|TYPE=FILE|SIZE=5|HASH=ca84454028280b333aa022283c5ecce806c4537729f2948dfc4fbe758d170fa3
POINTER_MARKER=/data/data/com.termux/files/home/FREYA_ANDROID_888/05_AGENTS/FREYA_ANDROID_24H/A28_FOREGROUND_STATE/LOCK_RELEASED_20260805T173434Z_PID6572/OWNER_PID|TYPE=FILE|SIZE=5|HASH=3342c790b3576d8f811fe5bfbdf4d3044614dbc5b49a4324acabea0f50f2894d
POINTER_MARKER=/data/data/com.termux/files/home/FREYA_ANDROID_888/05_AGENTS/FREYA_ANDROID_24H/A28_FOREGROUND_STATE/LOCK_RELEASED_20260805T173934Z_PID6727/OWNER_PID|TYPE=FILE|SIZE=5|HASH=e83a363ca497fd5c82ab66e0a23300f4c4104e6fa182cd08d833dc00f258990f
POINTER_MARKER=/data/data/com.termux/files/home/FREYA_ANDROID_888/05_AGENTS/FREYA_ANDROID_24H/A28_FOREGROUND_STATE/LOCK_RELEASED_20260805T174434Z_PID6891/OWNER_PID|TYPE=FILE|SIZE=5|HASH=2dc636a7b511d40500434c2e1feaffbe43f99f28ba1a58a644f09172c75c4a5d
POINTER_MARKER=/data/data/com.termux/files/home/FREYA_ANDROID_888/05_AGENTS/FREYA_ANDROID_24H/A28_FOREGROUND_STATE/LOCK_RELEASED_20260805T174935Z_PID7903/OWNER_PID|TYPE=FILE|SIZE=5|HASH=4ce8902e7314c5e36b84236241b97fbfd14ef62dabcd2b22dbbad1ee6fc64ad0
POINTER_MARKER=/data/data/com.termux/files/home/FREYA_ANDROID_888/05_AGENTS/FREYA_ANDROID_24H/A28_FOREGROUND_STATE/LOCK_RELEASED_20260805T175435Z_PID8318/OWNER_PID|TYPE=FILE|SIZE=5|HASH=4e85c2727dd72ffc7c0e3546393edf87a1552050a84c920663fcb0851274bae9
POINTER_MARKER=/data/data/com.termux/files/home/FREYA_ANDROID_888/05_AGENTS/FREYA_ANDROID_24H/A28_FOREGROUND_STATE/LOCK_RELEASED_20260805T175935Z_PID8524/OWNER_PID|TYPE=FILE|SIZE=5|HASH=5d42616d809220aaf35505ad53890d2efc174d153feeae370afcd585cee951e3
POINTER_MARKER=/data/data/com.termux/files/home/FREYA_ANDROID_888/05_AGENTS/FREYA_ANDROID_24H/A28_FOREGROUND_STATE/LOCK_RELEASED_20260805T180435Z_PID8780/OWNER_PID|TYPE=FILE|SIZE=5|HASH=80c36198dd1eb31c4f614570d1de9eba7e78a0adaf2a635f7a2773998a18bef7
POINTER_MARKER=/data/data/com.termux/files/home/FREYA_ANDROID_888/05_AGENTS/FREYA_ANDROID_24H/A28_FOREGROUND_STATE/LOCK_RELEASED_20260805T180936Z_PID9238/OWNER_PID|TYPE=FILE|SIZE=5|HASH=be231006e2fb6b1e79e3446b2233f66013ae442ade54275b43a50aeda9effcaa
POINTER_MARKER=/data/data/com.termux/files/home/FREYA_ANDROID_888/05_AGENTS/FREYA_ANDROID_24H/A28_FOREGROUND_STATE/LOCK_RELEASED_20260805T181436Z_PID9661/OWNER_PID|TYPE=FILE|SIZE=5|HASH=a72e86b44b382e90a37b98e43ded5374320371818772bb698ad65d7a2aba295f
POINTER_MARKER=/data/data/com.termux/files/home/FREYA_ANDROID_888/05_AGENTS/FREYA_ANDROID_24H/A28_FOREGROUND_STATE/LOCK_RELEASED_20260805T181936Z_PID9845/OWNER_PID|TYPE=FILE|SIZE=5|HASH=49a1d56a022a27ca4d1adc601e77fdac30ee7e13c8693edd756a91c7a004a46d
POINTER_MARKER=/data/data/com.termux/files/home/FREYA_ANDROID_888/06_DAILY_PACKAGES/.A23R4_A26_DERIVED_PACKAGE_ACCEPTANCE_STAGE_20260805T165057Z_PID25522/CONTROL/CANONICAL_PRIORITY_SOURCES.tsv|TYPE=FILE|SIZE=1901|HASH=ecd90fa92157dce3f55b1c352ae6f0129c533fc9cf09105fe3d1d0c0ed1b5083
POINTER_MARKER=/data/data/com.termux/files/home/FREYA_ANDROID_888/06_DAILY_PACKAGES/ANDROID_ARS_RECOVERY_20260805T160922Z/CONTROL/CANONICAL_PRIORITY_SOURCES.tsv|TYPE=FILE|SIZE=1901|HASH=ecd90fa92157dce3f55b1c352ae6f0129c533fc9cf09105fe3d1d0c0ed1b5083
POINTER_MARKER=/data/data/com.termux/files/home/FREYA_ANDROID_888/06_DAILY_PACKAGES/ANDROID_ARS_RECOVERY_DERIVED_20260805T170007Z_A23R4/CONTROL/CANONICAL_PRIORITY_SOURCES.tsv|TYPE=FILE|SIZE=1901|HASH=ecd90fa92157dce3f55b1c352ae6f0129c533fc9cf09105fe3d1d0c0ed1b5083
POINTER_MARKER=/data/data/com.termux/files/home/FREYA_ANDROID_888/07_RELAY/SECURE_SIGNAL_BRIDGE_888/outbox/000000000002_CANONICAL_DELIVERY_TEST.json|TYPE=FILE|SIZE=847|HASH=70bd9e4f8f96c89e91f82398b40db8c2cf857279fdd8e4333e2d93756803e532
POINTER_MARKER=/data/data/com.termux/files/home/FREYA_ANDROID_888/07_RELAY/SECURE_SIGNAL_BRIDGE_888/outbox/000000000002_CANONICAL_DELIVERY_TEST.json.sha256|TYPE=FILE|SIZE=115|HASH=3caa513a2d2b2923be87ad538df17814d070f8230b106666a689fe48a471ee04
POINTER_MARKER=/data/data/com.termux/files/home/FREYA_ANDROID_888/07_RELAY/SECURE_SIGNAL_BRIDGE_888/receipts/BATCH_002C_CANONICAL_VALIDATOR_20260731T165345Z.txt|TYPE=FILE|SIZE=300|HASH=1fdb4a30d325b244ef2ffa14c210332f85d635274d4a29e74b8cd4fa0db3b1ca
POINTER_MARKER=/data/data/com.termux/files/home/FREYA_ANDROID_888/07_RELAY/SECURE_SIGNAL_BRIDGE_888/state/CANONICAL_VALIDATOR.env|TYPE=FILE|SIZE=168|HASH=448b428e9b5cf3ef6ff7d476d19349fd02cd5004c3a6ce7e80ce3339bdc0bd90
POINTER_MARKER=/data/data/com.termux/files/home/FREYA_ANDROID_888/09_EVIDENCE/ANDROID_001_CLI_CANONICAL_RUNTIME_AND_MASTER_REGISTRY_DISCOVERY_20260808T171054Z.log|TYPE=FILE|SIZE=44595|HASH=614133cd8ff18df8397c443505544480e284b8a4f8dfe198ceeeeafaf876901f
POINTER_MARKER=/data/data/com.termux/files/home/FREYA_ANDROID_888/09_EVIDENCE/ANDROID_002_SSOT_AND_DUPLICATE_RUNTIME_DETERMINATION_20260808T171259Z.log|TYPE=FILE|SIZE=51182|HASH=a0cc6b91f097624f6b84341dd54fda7338693fd14741b2d2805577edb8266693
POINTER_MARKER=/data/data/com.termux/files/home/FREYA_ANDROID_888/10_AUDIT/001_R5_CANONICAL_METADATA_V3_BASELINE_RECEIPT.txt|TYPE=FILE|SIZE=1365|HASH=4ec388aabceebfd5501956577d8d6c7dba94aee698e75490ab5382264dc4082a
POINTER_MARKER=/data/data/com.termux/files/home/FREYA_ANDROID_888/10_AUDIT/001_R5_CANONICAL_METADATA_V3_BASELINE_RECEIPT.txt.sha256|TYPE=FILE|SIZE=116|HASH=eabc4c61acf3c42992012cd08115c0b893675844bc7adfcb52b6c7b307a8369e
POINTER_MARKER=/data/data/com.termux/files/home/FREYA_ANDROID_888/10_LOGS/image-controller/runit/current|TYPE=FILE|SIZE=2077|HASH=e3f5020247abbab14982e55fd61d79328a488f69bc43bb503beaf628c1303aea
POINTER_MARKER=/data/data/com.termux/files/home/FREYA_ANDROID_888/11_MAC_PACKAGE_SENDER/10_OUTBOX/FREYA_ANDROID_24H_TO_MAC_20260731T171153Z/config/CANONICAL_VALIDATOR.env|TYPE=FILE|SIZE=168|HASH=448b428e9b5cf3ef6ff7d476d19349fd02cd5004c3a6ce7e80ce3339bdc0bd90
POINTER_MARKER=/data/data/com.termux/files/home/FREYA_ANDROID_888/12_ANDROID_MAC_24H/LOGS/runit/current|TYPE=FILE|SIZE=0|HASH=e3b0c44298fc1c149afbf4c8996fb92427ae41e4649b934ca495991b7852b855
POINTER_MARKER=/data/data/com.termux/files/home/FREYA_ANDROID_888/15_RUNTIME/ANDROID_CONTROL_TOWER/CONTROL_TOWER_CURRENT.env|TYPE=FILE|SIZE=1155|HASH=1fcb3e71b561ee4415aba0fb1ff88ac38ffbd345d12976423f312623703387ed
POINTER_MARKER=/data/data/com.termux/files/home/FREYA_ANDROID_888/15_RUNTIME/ANDROID_FINAL_PRODUCTION_CURRENT|TYPE=SYMLINK|TARGET=/data/data/com.termux/files/home/FREYA_ANDROID_888/15_RUNTIME/ANDROID_FINAL_PRODUCTION_RELEASES/A20_20260807T154804Z_PID22703|REAL=/data/data/com.termux/files/home/FREYA_ANDROID_888/15_RUNTIME/ANDROID_FINAL_PRODUCTION_RELEASES/A20_20260807T154804Z_PID22703
POINTER_MARKER=/data/data/com.termux/files/home/FREYA_ANDROID_888/15_RUNTIME/APP_CONTROL_CURRENT|TYPE=SYMLINK|TARGET=/data/data/com.termux/files/home/FREYA_ANDROID_888/15_RUNTIME/APP_CONTROL_RELEASES/A18R2_20260807T154512Z_PID17337|REAL=/data/data/com.termux/files/home/FREYA_ANDROID_888/15_RUNTIME/APP_CONTROL_RELEASES/A18R2_20260807T154512Z_PID17337
POINTER_MARKER=/data/data/com.termux/files/home/FREYA_ANDROID_888/16_DOCUMENTS/INDEXES/CURRENT_DUPLICATE_CANDIDATES.tsv|TYPE=FILE|SIZE=2057|HASH=acaa7b1702f8164d9d81343e62afe3bae625d3a115df3d9b610c625619abefad
POINTER_MARKER=/data/data/com.termux/files/home/FREYA_ANDROID_888/16_DOCUMENTS/INDEXES/CURRENT_INVENTORY.tsv|TYPE=FILE|SIZE=37322|HASH=5b7fe09a3e5e214a90191c99728cd3a54b5331e5cc90d47d48f20939833e03ee
POINTER_MARKER=/data/data/com.termux/files/home/FREYA_ANDROID_888/16_DOCUMENTS/INDEXES/CURRENT_PRIORITY.tsv|TYPE=FILE|SIZE=3544|HASH=21c7f88f6ed428d4772fb5a20a2a9c406acba9a9f5645e86adef1b50560da185
POINTER_MARKER=/data/data/com.termux/files/home/FREYA_ANDROID_888/16_DOCUMENTS/INDEXES/CURRENT_SCAN_ERRORS.tsv|TYPE=FILE|SIZE=24|HASH=33a7ef80df7ef715216a1d95d1a082bd875010735d6fb45574664112be2177bd
POINTER_MARKER=/data/data/com.termux/files/home/FREYA_ANDROID_888/16_DOCUMENTS/INDEXES/CURRENT_SUMMARY.env|TYPE=FILE|SIZE=436|HASH=e5a4b795b5051202548fc7b926d6f5a8a0fbcd2921880e39b3f62f2c5d4ba1e5
POINTER_MARKER=/data/data/com.termux/files/home/FREYA_ANDROID_888/16_DOCUMENTS/QUICK_ACCESS_CURRENT|TYPE=SYMLINK|TARGET=/data/data/com.termux/files/home/FREYA_ANDROID_888/16_DOCUMENTS/QUICK_ACCESS/RELEASES/20260808T131445Z_PID31034|REAL=/data/data/com.termux/files/home/FREYA_ANDROID_888/16_DOCUMENTS/QUICK_ACCESS/RELEASES/20260808T131445Z_PID31034
POINTER_MARKER=/data/data/com.termux/files/home/FREYA_ANDROID_888/17_MEDIA/INDEXES/CURRENT_PROCESSED_SCREENSHOTS.tsv|TYPE=FILE|SIZE=22075|HASH=ab58b1ccd63b239676a95558c34d2d82fc2010a23d72fdc5b762f9ba7af0e0ea
POINTER_MARKER=/data/data/com.termux/files/home/FREYA_ANDROID_888/17_MEDIA/INDEXES/CURRENT_RECENT_SCREENSHOTS.tsv|TYPE=FILE|SIZE=4608|HASH=701a5c5e7bd8c4b01bf99b11561b0a8a8f3c66b439bf8e91d0647fa6df8365a9
POINTER_MARKER=/data/data/com.termux/files/home/FREYA_ANDROID_888/17_MEDIA/INDEXES/CURRENT_SCAN_ERRORS.tsv|TYPE=FILE|SIZE=24|HASH=33a7ef80df7ef715216a1d95d1a082bd875010735d6fb45574664112be2177bd
POINTER_MARKER=/data/data/com.termux/files/home/FREYA_ANDROID_888/17_MEDIA/INDEXES/CURRENT_SCREENSHOT_COVERAGE.tsv|TYPE=FILE|SIZE=22990|HASH=551509f59e90c7ed95fb39d59ea3c3e69d90e294b700e0184c242c13235c7fd3
POINTER_MARKER=/data/data/com.termux/files/home/FREYA_ANDROID_888/17_MEDIA/INDEXES/CURRENT_SOURCE_SCREENSHOTS.tsv|TYPE=FILE|SIZE=12350|HASH=c28b8be13aa3d4cf6768e3ec7a95a076e067888a89a4cb4afbb939955a5fe18a
POINTER_MARKER=/data/data/com.termux/files/home/FREYA_ANDROID_888/17_MEDIA/INDEXES/CURRENT_SUMMARY.env|TYPE=FILE|SIZE=486|HASH=c10247b0e6d177f143283d97631f322d4158a3139444e02e117bde06d44f19a5
POINTER_MARKER=/data/data/com.termux/files/home/FREYA_ANDROID_888/17_MEDIA/QUICK_ACCESS_CURRENT|TYPE=SYMLINK|TARGET=/data/data/com.termux/files/home/FREYA_ANDROID_888/17_MEDIA/QUICK_ACCESS/RELEASES/20260808T131756Z_PID32084|REAL=/data/data/com.termux/files/home/FREYA_ANDROID_888/17_MEDIA/QUICK_ACCESS/RELEASES/20260808T131756Z_PID32084
POINTER_MARKER=/data/data/com.termux/files/home/FREYA_ANDROID_888/24_FINAL/CURRENT|TYPE=SYMLINK|TARGET=/data/data/com.termux/files/home/FREYA_ANDROID_888/24_FINAL/SEALS/20260808T134258Z_PID17923|REAL=/data/data/com.termux/files/home/FREYA_ANDROID_888/24_FINAL/SEALS/20260808T134258Z_PID17923
POINTER_MARKER=/data/data/com.termux/files/home/FREYA_ANDROID_888/90_EVIDENCE/AUTONOMY/A01_ANDROID_APP_CONTROL_AUTHORITY_DISCOVERY_20260807T134911Z_PID20858/ACTIVE_DEVICE_ADMINS.txt|TYPE=FILE|SIZE=0|HASH=e3b0c44298fc1c149afbf4c8996fb92427ae41e4649b934ca495991b7852b855
POINTER_MARKER=/data/data/com.termux/files/home/FREYA_ANDROID_888/90_EVIDENCE/AUTONOMY/A03R1_APP_CONTROL_RECOVERY_20260807T135701Z_PID32187/ACTIVE_APP_CONTROL_POLICY.snapshot.env|TYPE=FILE|SIZE=1392|HASH=74c5482cfc0735cbeab2ba369977008f42d4fe74a5fa6ce93be1eb7850f87a73
POINTER_MARKER=/data/data/com.termux/files/home/FREYA_ANDROID_888/90_EVIDENCE/AUTONOMY/A03R1_APP_CONTROL_RECOVERY_20260807T135701Z_PID32187/ACTIVE_APP_CONTROL_POLICY_MATRIX.snapshot.tsv|TYPE=FILE|SIZE=11822|HASH=4d419ec345db9410c51c93315bb6ba271229f08cb119c4f8cc0ee62c863e8a0a
POINTER_MARKER=/data/data/com.termux/files/home/FREYA_ANDROID_888/90_EVIDENCE/AUTONOMY/A03R1_APP_CONTROL_RECOVERY_20260807T135701Z_PID32187/ACTIVE_CRITICAL_ACTION_POLICY.snapshot.tsv|TYPE=FILE|SIZE=754|HASH=92666b903d99bfaf6b19ff3a75df8513f65be18eec360eb5d38c4f37b4ee0a5d
POINTER_MARKER=/data/data/com.termux/files/home/FREYA_ANDROID_888/90_EVIDENCE/AUTONOMY/A06R2_LOCAL_CRON_RECOVERY_20260807T144306Z_PID11934/ACTIVE_CRONTAB.snapshot.txt|TYPE=FILE|SIZE=1687|HASH=f14fb7eb650df8c7ee358345f2799232badc4c9dbd1057c246f646a5e2fa6381
POINTER_MARKER=/data/data/com.termux/files/home/FREYA_ANDROID_888/90_EVIDENCE/AUTONOMY/A06R2_LOCAL_CRON_RECOVERY_20260807T144306Z_PID11934/ACTIVE_SCHEDULER_CONTRACT.snapshot.env|TYPE=FILE|SIZE=1223|HASH=3f4ce89ad9e4095863b45677cc05ad00a3c2feebea91faef1abf25ed937395e4
POINTER_MARKER=/data/data/com.termux/files/home/FREYA_ANDROID_888/90_EVIDENCE/AUTONOMY/A09_LOCAL_ACTION_ENGINE_ACTIVATION_20260807T145015Z_PID13810/ACTIVE_ENGINE_CHECKPOINT.snapshot.env|TYPE=FILE|SIZE=64|HASH=8e273583dadf74c5cbba74898af8e37bf0bbf1e127f00841b20c52af908d8923
POINTER_MARKER=/data/data/com.termux/files/home/FREYA_ANDROID_888/90_EVIDENCE/AUTONOMY/A09_LOCAL_ACTION_ENGINE_ACTIVATION_20260807T145015Z_PID13810/ACTIVE_LOCAL_ACTION_ENGINE.snapshot.env|TYPE=FILE|SIZE=1514|HASH=989cd50c7c02ae56b538771a1f443dbfefdf316fbe4277f30396eac2f27b7f93
POINTER_MARKER=/data/data/com.termux/files/home/FREYA_ANDROID_888/90_EVIDENCE/AUTONOMY/A09_LOCAL_ACTION_ENGINE_ACTIVATION_20260807T145015Z_PID13810/ACTIVE_LOCAL_ACTION_ENGINE.snapshot.sh|TYPE=FILE|SIZE=3726|HASH=ee005f5079e80cfb844c5508aad4de6774bd20c8a282bbfff6446a92a852c852
POINTER_MARKER=/data/data/com.termux/files/home/FREYA_ANDROID_888/90_EVIDENCE/AUTONOMY/A10_SELF_HEALING_DISCOVERY_20260807T145329Z_PID14518/ACTIVE_CRONTAB.txt|TYPE=FILE|SIZE=1687|HASH=f14fb7eb650df8c7ee358345f2799232badc4c9dbd1057c246f646a5e2fa6381
POINTER_MARKER=/data/data/com.termux/files/home/FREYA_ANDROID_888/90_EVIDENCE/AUTONOMY/A11_SELF_HEALING_20260807T145628Z_PID15460/ACTIVE_CRONTAB.snapshot.txt|TYPE=FILE|SIZE=2018|HASH=dce60e21f327d1fda8c845e2e6665a72e9018a722d288a8caf0d86fdbf26dff3
POINTER_MARKER=/data/data/com.termux/files/home/FREYA_ANDROID_888/90_EVIDENCE/AUTONOMY/A11_SELF_HEALING_20260807T145628Z_PID15460/ACTIVE_SELF_HEALING.snapshot.env|TYPE=FILE|SIZE=1677|HASH=26c3375422f0f5cceb834166823c6382f0c1e3dcec80f1e3066259c5f3538cea
POINTER_MARKER=/data/data/com.termux/files/home/FREYA_ANDROID_888/90_EVIDENCE/AUTONOMY/A11_SELF_HEALING_20260807T145628Z_PID15460/ACTIVE_SELF_HEALING.snapshot.sh|TYPE=FILE|SIZE=4598|HASH=7dfb8b064f369a226d8ff2ee278d0cb2961b4317a44b6bc1e91e7db4047ffc7b
POINTER_MARKER=/data/data/com.termux/files/home/FREYA_ANDROID_888/90_EVIDENCE/AUTONOMY/A12_OBSIDIAN_CONTROL_TOWER_20260807T145832Z_PID15919/ACTIVE_CONTROL_TOWER.snapshot.env|TYPE=FILE|SIZE=1681|HASH=001b5031cbd21bb630d0f16d047e56222505fc9915e14758d695a0e65317c4b1
POINTER_MARKER=/data/data/com.termux/files/home/FREYA_ANDROID_888/90_EVIDENCE/AUTONOMY/A12_OBSIDIAN_CONTROL_TOWER_20260807T145832Z_PID15919/ACTIVE_CRONTAB.txt|TYPE=FILE|SIZE=2018|HASH=dce60e21f327d1fda8c845e2e6665a72e9018a722d288a8caf0d86fdbf26dff3
POINTER_MARKER=/data/data/com.termux/files/home/FREYA_ANDROID_888/90_EVIDENCE/AUTONOMY/A13_CONTROL_TOWER_ACTIVATION_20260807T150344Z_PID16711/ACTIVE_CONTROL_TOWER.snapshot.env|TYPE=FILE|SIZE=3474|HASH=6981090ebc5704aee1b5823be5c595670de879ad824b2477679c09bee23d5531
POINTER_MARKER=/data/data/com.termux/files/home/FREYA_ANDROID_888/90_EVIDENCE/AUTONOMY/A13_CONTROL_TOWER_ACTIVATION_20260807T150344Z_PID16711/ACTIVE_CONTROL_TOWER.snapshot.sh|TYPE=FILE|SIZE=4068|HASH=c05417a53919028aaaec67b3cfdb11707a974504ede26c86258b10271e22eb2b
POINTER_MARKER=/data/data/com.termux/files/home/FREYA_ANDROID_888/90_EVIDENCE/AUTONOMY/A13_CONTROL_TOWER_ACTIVATION_20260807T150344Z_PID16711/ACTIVE_CRONTAB.snapshot.txt|TYPE=FILE|SIZE=2344|HASH=c9a142ac9e99c0b441f27652f4440d454b21003e788210c503f36e8b58d35c79
POINTER_MARKER=/data/data/com.termux/files/home/FREYA_ANDROID_888/90_EVIDENCE/AUTONOMY/A14R3_ACCEPTANCE_SERIALIZATION_RECOVERY_20260807T151232Z_PID19647/ACTIVE_CRONTAB.snapshot.txt|TYPE=FILE|SIZE=2344|HASH=c9a142ac9e99c0b441f27652f4440d454b21003e788210c503f36e8b58d35c79
POINTER_MARKER=/data/data/com.termux/files/home/FREYA_ANDROID_888/90_EVIDENCE/AUTONOMY/A14R3_ACCEPTANCE_SERIALIZATION_RECOVERY_20260807T151232Z_PID19647/ACTIVE_CRONTAB.txt|TYPE=FILE|SIZE=2344|HASH=c9a142ac9e99c0b441f27652f4440d454b21003e788210c503f36e8b58d35c79
POINTER_MARKER=/data/data/com.termux/files/home/FREYA_ANDROID_888/90_EVIDENCE/AUTONOMY/A14_END_TO_END_ACCEPTANCE_20260807T150525Z_PID17412/ACTIVE_CRONTAB.txt|TYPE=FILE|SIZE=2344|HASH=c9a142ac9e99c0b441f27652f4440d454b21003e788210c503f36e8b58d35c79
POINTER_MARKER=/data/data/com.termux/files/home/FREYA_ANDROID_888/90_EVIDENCE/AUTONOMY/A15_FINAL_SEAL_20260807T151507Z_PID20290/ACTIVE_CRONTAB.snapshot.txt|TYPE=FILE|SIZE=2344|HASH=c9a142ac9e99c0b441f27652f4440d454b21003e788210c503f36e8b58d35c79
POINTER_MARKER=/data/data/com.termux/files/home/FREYA_ANDROID_888/90_EVIDENCE/PIPELINE_RECONCILIATION/B03_ANDROID_PIPELINE_DISCOVERY_20260807T123709Z_PID25282/ACTIVE_PROCESSES.txt|TYPE=FILE|SIZE=478|HASH=cfff13f3056201b721339ab7467a15e4bf1a42b3633a513b93a9b8e3112426ac
POINTER_MARKER=/data/data/com.termux/files/home/FREYA_ANDROID_888/90_EVIDENCE/PIPELINE_RECONCILIATION/B03_ANDROID_PIPELINE_DISCOVERY_20260807T123709Z_PID25282/ACTIVE_RUNTIME_CONTRACT.txt|TYPE=FILE|SIZE=1326|HASH=9863a31b8ec135d148c685647ed990514150309d9b5545dac89bcdce428d38fb
POINTER_MARKER=/data/data/com.termux/files/home/FREYA_ANDROID_888/90_EVIDENCE/PIPELINE_RECONCILIATION/B03_ANDROID_PIPELINE_DISCOVERY_20260807T123709Z_PID25282/SSOT_CANDIDATES.txt|TYPE=FILE|SIZE=87343|HASH=1a21568c18544d4f488024d09e7787abdc448df87b4dca0d072a2ee3785fe6dc
POINTER_MARKER=/data/data/com.termux/files/home/FREYA_ANDROID_888/90_EVIDENCE/PIPELINE_RECONCILIATION/B03_ANDROID_PIPELINE_DISCOVERY_20260807T123709Z_PID25282/SSOT_POINTER_CANDIDATES.txt|TYPE=FILE|SIZE=14731|HASH=0738fe8b3a8b227e2fd1048014ee19331f9057ac1b45946c9a611b4007863af2
POINTER_MARKER=/data/data/com.termux/files/home/FREYA_ANDROID_888/90_EVIDENCE/PIPELINE_RECONCILIATION/B06R3_SIGNAL_CANARY_RECOVERY_20260807T125138Z_PID31993/ACTIVE_SSOT.snapshot.env|TYPE=FILE|SIZE=2009|HASH=996ff56b540ca4120f136bed7c14378a68f2adc76e2bfbaed53daeea5c5c11c8
POINTER_MARKER=/data/data/com.termux/files/home/FREYA_ANDROID_888/90_EVIDENCE/PIPELINE_RECONCILIATION/B08R1_ANDROID_AUX_E2E_20260807T130514Z_PID5546/ACTIVE_AUX_PIPELINE.snapshot.env|TYPE=FILE|SIZE=1590|HASH=8476fa54aa696c19dc678300fb1d08cefbade66a0f8a589b49b254a1b831cdb9
POINTER_MARKER=/data/data/com.termux/files/home/FREYA_ANDROID_888/90_EVIDENCE/PIPELINE_RECONCILIATION/B11R1_CRASH_RECOVERY_20260807T131412Z_PID8720/ISOLATED_STATE/CURRENT.env|TYPE=FILE|SIZE=258|HASH=82896296e585984ed28664e2a828c624b20e4571a640976b3aac65b3bb51c07c
POINTER_MARKER=/data/data/com.termux/files/home/FREYA_ANDROID_888/90_EVIDENCE/POST_ACCEPTANCE/A31R1_ANDROID_STANDBY_STATE_RECOVERY_20260806T194957Z_PID30278/ACTIVE_RUNTIME_PROCESSES.tsv|TYPE=FILE|SIZE=0|HASH=e3b0c44298fc1c149afbf4c8996fb92427ae41e4649b934ca495991b7852b855
POINTER_MARKER=/data/data/com.termux/files/home/FREYA_ANDROID_888/90_EVIDENCE/POST_ACCEPTANCE/A31R1_ANDROID_STANDBY_STATE_RECOVERY_20260806T194957Z_PID30278/SSOT_CANDIDATES.tsv|TYPE=FILE|SIZE=712|HASH=11fc4a4f9ea45afaccf43abb701f9da05eee3cbc54b9e560efaea15ee3e36559
POINTER_MARKER=/data/data/com.termux/files/home/FREYA_ANDROID_888/90_EVIDENCE/POST_ACCEPTANCE/A31_ANDROID_STANDBY_STATE_VALIDATION_20260806T194610Z_PID28478/ACTIVE_RUNTIME_PROCESSES.tsv|TYPE=FILE|SIZE=0|HASH=e3b0c44298fc1c149afbf4c8996fb92427ae41e4649b934ca495991b7852b855
POINTER_MARKER=/data/data/com.termux/files/home/FREYA_ANDROID_888/90_EVIDENCE/POST_ACCEPTANCE/A31_ANDROID_STANDBY_STATE_VALIDATION_20260806T194610Z_PID28478/SSOT_CANDIDATES.tsv|TYPE=FILE|SIZE=333|HASH=6a8e1a60c6fffe0c09cc6303ac80dc3967a8050e355eb94309c60090f77a51d4
POINTER_MARKER=/data/data/com.termux/files/home/FREYA_ANDROID_888/90_EVIDENCE/POST_ACCEPTANCE/B02_A32R1_ISOLATED_RUNTIME_CANARY_20260807T123542Z_PID23072/ISOLATED_STATE/CURRENT.env|TYPE=FILE|SIZE=258|HASH=8077e150264c2716c84853dc514ef4ce59cc3d3478c0214ab4a5e55fb2c5d33f

--- CONFIG_REFERENCES_TO_RUNTIME_AND_SSOT ---
CONFIG_FILE=/data/data/com.termux/files/home/.bashrc|HASH=6bf847c9d27011bd8cf63a0cee3ef0644929feaa0388337b488bd8c0e91bf160
CONFIG_REF=/data/data/com.termux/files/home/.bashrc:2:# FREYA ANDROID — CANONICAL TERMUX STARTUP
CONFIG_REF=/data/data/com.termux/files/home/.bashrc:22:    printf '%s\n' 'SAFE_COMMANDS=freya status | freya help'
CONFIG_REF=/data/data/com.termux/files/home/.bashrc:27:[ -x "$HOME/bin/freya888-sync" ] && "$HOME/bin/freya888-sync" >/dev/null 2>&1 || true
CONFIG_REF=/data/data/com.termux/files/home/.bashrc:35:            "$HOME/bin/freya" "$@"
CONFIG_REF=/data/data/com.termux/files/home/.bashrc:40:            printf 'Za razgovor koristi: freya <poruka>\n' >&2
CONFIG_REF=/data/data/com.termux/files/home/.bashrc:49:        [ -x "$HOME/bin/freya-morning" ] &&
CONFIG_REF=/data/data/com.termux/files/home/.bashrc:50:        "$HOME/bin/freya-morning" --auto
CONFIG_FILE=/data/data/com.termux/files/home/.profile|HASH=b821478d9d10075a122aee3e040483b33990674478e33db7af54af3a90e9806b
CONFIG_REF=/data/data/com.termux/files/home/.profile:5:        [ -x "$HOME/bin/freya-morning" ] &&
CONFIG_REF=/data/data/com.termux/files/home/.profile:6:        "$HOME/bin/freya-morning" --auto
CONFIG_FILE=/data/data/com.termux/files/home/.termux/boot/FREYA_ANDROID_888_BOOTSTRAP.sh|HASH=3b250d72b414a995d82515014ab2b2f1a4842700554b6c8ff82eecae1310201e
CONFIG_FILE=/data/data/com.termux/files/home/.termux/boot/FREYA_ANDROID_24H_START.sh|HASH=70260630663e097dd2c67467273b334f01b76a11a5d2d9ac89272b10544f58b2
CONFIG_REF=/data/data/com.termux/files/home/.termux/boot/FREYA_ANDROID_24H_START.sh:3:RUNTIME="$HOME/FREYA_ANDROID_888/12_ANDROID_MAC_24H"
CONFIG_REF=/data/data/com.termux/files/home/.termux/boot/FREYA_ANDROID_24H_START.sh:4:SUPERVISOR="$RUNTIME/freya_android_mac_24h.sh"
CONFIG_FILE=/data/data/com.termux/files/home/.termux/boot/freya_android_24h_boot.sh|HASH=c96612185f5948bb49c61bdbf15db47b94e363f051bc44da573c2d04697c64b0
CONFIG_REF=/data/data/com.termux/files/home/.termux/boot/freya_android_24h_boot.sh:12:sv up "freya-android-mac-24h" >/dev/null 2>&1 || true

--- ACTIVE_PROCESS_OWNERSHIP ---
ACTIVE_PROCESS=PID:31416|EXE:/data/data/com.termux/files/usr/bin/bash|CWD:/data/data/com.termux/files/home|CMD:bash /data/data/com.termux/files/home/storage/downloads/FREYA_ANDROID_002_SSOT_AND_DUPLICATE_RUNTIME_DETERMINATION.sh 
ACTIVE_PROCESS=PID:31423|EXE:/data/data/com.termux/files/usr/bin/coreutils|CWD:/data/data/com.termux/files/home|CMD:tee /data/data/com.termux/files/home/FREYA_ANDROID_888/09_EVIDENCE/ANDROID_002_SSOT_AND_DUPLICATE_RUNTIME_DETERMINATION_20260808T171259Z.log 
ACTIVE_PROCESS=PID:8143|EXE:/data/data/com.termux/files/usr/bin/runsv|CWD:/data/data/com.termux/files/usr/var/service/freya-image-controller|CMD:runsv freya-image-controller 
ACTIVE_PROCESS=PID:8145|EXE:/data/data/com.termux/files/usr/bin/runsv|CWD:/data/data/com.termux/files/usr/var/service/freya-android-mac-24h|CMD:runsv freya-android-mac-24h 
ACTIVE_PROCESS=PID:8157|EXE:/data/data/com.termux/files/usr/bin/svlogd|CWD:/data/data/com.termux/files/usr/var/service/freya-image-controller/log|CMD:svlogd -tt /data/data/com.termux/files/home/HUMAN_GATE_TABLET_CONTROL/07_ANDROID_FREYA/17_MARKETING/04_LOGS/runit_freya_image_controller 
ACTIVE_PROCESS=PID:8162|EXE:/data/data/com.termux/files/usr/bin/svlogd|CWD:/data/data/com.termux/files/usr/var/service/freya-android-mac-24h/log|CMD:svlogd -tt /data/data/com.termux/files/home/FREYA_ANDROID_888/12_ANDROID_MAC_24H/LOGS/runit 
ACTIVE_PROCESS=PID:8163|EXE:/data/data/com.termux/files/usr/bin/bash|CWD:/data/data/com.termux/files/usr/var/service/freya-android-mac-24h|CMD:/data/data/com.termux/files/usr/bin/bash /data/data/com.termux/files/home/FREYA_ANDROID_888/12_ANDROID_MAC_24H/freya_android_mac_24h.sh 

--- RUNIT_SERVICE_OWNERSHIP ---
FREYA_SERVICE=/data/data/com.termux/files/usr/var/service/freya-android-mac-24h|REAL=/data/data/com.termux/files/usr/var/service/freya-android-mac-24h|STATUS=run: /data/data/com.termux/files/usr/var/service/freya-android-mac-24h: (pid 8163) 361s; run: log: (pid 8162) 361s 
FREYA_SERVICE_RUN=/data/data/com.termux/files/usr/var/service/freya-android-mac-24h/run|HASH=9f2737535d1a6c4aa0a95947894861a32f67be4f915e83828da0025373a809ee
SERVICE_RUN_REF=/data/data/com.termux/files/usr/var/service/freya-android-mac-24h/run:1:#!/data/data/com.termux/files/usr/bin/bash
SERVICE_RUN_REF=/data/data/com.termux/files/usr/var/service/freya-android-mac-24h/run:3:PIDFILE="$HOME/FREYA_ANDROID_888/12_ANDROID_MAC_24H/STATE/supervisor.pid"
SERVICE_RUN_REF=/data/data/com.termux/files/usr/var/service/freya-android-mac-24h/run:4:SCRIPT="$HOME/FREYA_ANDROID_888/12_ANDROID_MAC_24H/freya_android_mac_24h.sh"
SERVICE_RUN_REF=/data/data/com.termux/files/usr/var/service/freya-android-mac-24h/run:11:exec "$SCRIPT"
FREYA_SERVICE=/data/data/com.termux/files/usr/var/service/freya-image-controller|REAL=/data/data/com.termux/files/usr/var/service/freya-image-controller|STATUS=down: /data/data/com.termux/files/usr/var/service/freya-image-controller: 1s, normally up, want up; run: log: (pid 8157) 361s 
FREYA_SERVICE_RUN=/data/data/com.termux/files/usr/var/service/freya-image-controller/run|HASH=9d86a3724f500715ca413b18a9690924e1245de8ea6083493b4fc2d86a99cb73
SERVICE_RUN_REF=/data/data/com.termux/files/usr/var/service/freya-image-controller/run:1:#!/data/data/com.termux/files/usr/bin/bash
SERVICE_RUN_REF=/data/data/com.termux/files/usr/var/service/freya-image-controller/run:11:ROOT="$HOME/FREYA_ANDROID_888/03_CANONICAL/LEGACY_BINDINGS/HUMAN_GATE_TABLET_CONTROL__07_ANDROID_FREYA"
ACTIVE_FREYA_SERVICE_COUNT=1

--- AGENT_REGISTRY_ACTIVE_IDENTITY ---
ACTIVE_AGENT_REGISTRY=/data/data/com.termux/files/home/FREYA_ANDROID_888/05_AGENTS/FREYA_ANDROID_24H/runtime/AGENT_REGISTRY.json
ACTIVE_AGENT_REGISTRY_SHA256=ca15e70be2b7c07e60cf9524b463e61a8d245aa7e20c985925c6b6a88bc96e63
ACTIVE_AGENT_REGISTRY_SIZE=52561
AGENT_REGISTRY_REFERENCE=/data/data/com.termux/files/home/FREYA_ANDROID_888/27_AGENT_REGISTRY/CANDIDATES/ANDROID_AGENT_REGISTRY_18_ca15e70be2b7c07e.json|HASH=ca15e70be2b7c07e60cf9524b463e61a8d245aa7e20c985925c6b6a88bc96e63|SIZE=52561
AGENT_REGISTRY_REFERENCE=/data/data/com.termux/files/home/FREYA_ANDROID_888/00_CONTROL/BATCHES/ANDROID_A04_CANONICAL_18_AGENT_REGISTRY_BUILD_AND_VALIDATION/20260804T112811Z_PID3599/AGENT_REGISTRY.CANONICAL_18.CANDIDATE.json|HASH=ca15e70be2b7c07e60cf9524b463e61a8d245aa7e20c985925c6b6a88bc96e63|SIZE=52561
AGENT_REGISTRY_REFERENCE=/data/data/com.termux/files/home/FREYA_ANDROID_888/00_CONTROL/BATCHES/ANDROID_A04R3_APPROVED_ATOMIC_CANONICAL_REGISTRY_ACTIVATION/20260804T113311Z_PID5783/AGENT_REGISTRY.rollback.10_AGENT.json|HASH=09d46dadd5a9100c441b24526ebb02d25b92c14d4e7ced1a2ad799e1d7a2289d|SIZE=2563

--- WRITER_PATH_DISCOVERY ---
OWNERSHIP_FILE=/data/data/com.termux/files/home/FREYA_ANDROID_888/00_CONTROL/EVIDENCE/F01_F02_F03_F04_F05_F06_F09_F10_R1_20260808T105147Z_PID12569/RESULT_RECEIPT.env|HASH=bb3419e8c1bfed9f00f11ac10c19abf1d2e5288567d4e539be483acb5e784843
OWNERSHIP_DECL=CANONICAL_ROOT_STATUS=PASS
OWNERSHIP_FILE=/data/data/com.termux/files/home/FREYA_ANDROID_888/00_CONTROL/EVIDENCE/F03_FINAL_LOCAL_PASS_F11R2_EXTERNAL_BLOCKER_CERTIFICATION_20260808T105931Z_PID27930/RESULT_RECEIPT.env|HASH=1c0d453211af6ed53fb3e6c59092657aee2b375086cfde4db68edca7b47a96e1
OWNERSHIP_DECL=CANONICAL_ROOT=PASS
OWNERSHIP_FILE=/data/data/com.termux/files/home/FREYA_ANDROID_888/00_CONTROL/EVIDENCE/BATCH_02_FREYA_ROOT_AND_FOLDER_ARCHITECTURE_MAP_20260808T122120Z_PID5788/REPORT.txt|HASH=aac977938c7a54b392100d4df61d590d5f244e25117d312c9e0e205b00b0008a
OWNERSHIP_DECL=CANONICAL_ROOT=/data/data/com.termux/files/home/FREYA_ANDROID_888
OWNERSHIP_DECL=CANONICAL_ROOT_EXISTS=YES
OWNERSHIP_FILE=/data/data/com.termux/files/home/FREYA_ANDROID_888/00_CONTROL/BATCHES/ANDROID_ACK_RETURN_ENDPOINT_READ_ONLY_DISCOVERY_20260803T142503Z_PID5216/RESULT_RECEIPT.env|HASH=ff4714bf40af627afcd23b43037c0b4cbb5ee1f50519ac3227bfa87ad452a5d8
OWNERSHIP_DECL=CANONICAL_RUNTIME_ACTIVATION_EXECUTED=NO
OWNERSHIP_FILE=/data/data/com.termux/files/home/FREYA_ANDROID_888/00_CONTROL/BATCHES/ANDROID_B20_FINAL_FORENSIC_SUMMARY/ANDROID_B20_FINAL_FORENSIC_SUMMARY_20260803T145641Z/FINAL_FORENSIC_SUMMARY.txt|HASH=e7ae49f411c25fcbfbbcbf03b6f9c18b72ce47641fc9ee1a791b72e308b6d666
OWNERSHIP_DECL=CANONICAL_RUNTIME_IDENTIFIED=YES
OWNERSHIP_FILE=/data/data/com.termux/files/home/FREYA_ANDROID_888/00_CONTROL/CHECKPOINTS/A27_LITE_20260805T171244Z_PID778.env|HASH=5a17826e122248fab5e63841eacdb6e7ceb814af76e28433c66b994f46c977a0
OWNERSHIP_DECL=SSOT_MODIFIED=NO
OWNERSHIP_FILE=/data/data/com.termux/files/home/FREYA_ANDROID_888/00_CONTROL/CHECKPOINTS/ANDROID_24H_RECOVERY_CURRENT.env|HASH=0ed69d139dc36d3933e58933b8a91d540f26f8d3bd963ef3bb198fe8d012e3b7
OWNERSHIP_DECL=SSOT_MODIFIED=NO
OWNERSHIP_FILE=/data/data/com.termux/files/home/FREYA_ANDROID_888/00_CONTROL/BATCHES_ACTIVE/A14_20260805T145929Z_PID27336/SUMMARY.env|HASH=faf06c1aaed519b5b2c77603521d3d8b888fd6e53e887b5065804ab5765581c9
OWNERSHIP_DECL=SSOT_MODIFIED=NO
OWNERSHIP_FILE=/data/data/com.termux/files/home/FREYA_ANDROID_888/00_CONTROL/BATCHES_ACTIVE/A14_20260805T145929Z_PID27336/FINAL_RECEIPT.env|HASH=faf06c1aaed519b5b2c77603521d3d8b888fd6e53e887b5065804ab5765581c9
OWNERSHIP_DECL=SSOT_MODIFIED=NO
OWNERSHIP_FILE=/data/data/com.termux/files/home/FREYA_ANDROID_888/00_CONTROL/BATCHES_ACTIVE/A14_20260805T150109Z_PID30823/SUMMARY.env|HASH=f624e2a5bbd169206bfae031ef7811aa1f0dcd6bd946fa945f30184af426330c
OWNERSHIP_DECL=SSOT_MODIFIED=NO
OWNERSHIP_FILE=/data/data/com.termux/files/home/FREYA_ANDROID_888/00_CONTROL/BATCHES_ACTIVE/A14_20260805T150109Z_PID30823/FINAL_RECEIPT.env|HASH=f624e2a5bbd169206bfae031ef7811aa1f0dcd6bd946fa945f30184af426330c
OWNERSHIP_DECL=SSOT_MODIFIED=NO
OWNERSHIP_FILE=/data/data/com.termux/files/home/FREYA_ANDROID_888/00_CONTROL/BATCHES_ACTIVE/A15R0_20260805T150617Z_PID3066/SUMMARY.env|HASH=0cf54745c2630998953cd975573e47c5cdc97237111ba0edbd7714dc577dad68
OWNERSHIP_DECL=SSOT_MODIFIED=NO
OWNERSHIP_FILE=/data/data/com.termux/files/home/FREYA_ANDROID_888/00_CONTROL/BATCHES_ACTIVE/A15R0_20260805T150617Z_PID3066/FINAL_RECEIPT.env|HASH=0cf54745c2630998953cd975573e47c5cdc97237111ba0edbd7714dc577dad68
OWNERSHIP_DECL=SSOT_MODIFIED=NO
OWNERSHIP_FILE=/data/data/com.termux/files/home/FREYA_ANDROID_888/00_CONTROL/BATCHES_ACTIVE/A15R1_20260805T150849Z_PID4445/SUMMARY.env|HASH=c5f69f4ba9099111d708de49951dd9177635114aa262c4a80b627ca19f7e6694
OWNERSHIP_DECL=SSOT_MODIFIED=NO
OWNERSHIP_FILE=/data/data/com.termux/files/home/FREYA_ANDROID_888/00_CONTROL/BATCHES_ACTIVE/A15R1_20260805T150849Z_PID4445/FINAL_RECEIPT.env|HASH=c5f69f4ba9099111d708de49951dd9177635114aa262c4a80b627ca19f7e6694
OWNERSHIP_DECL=SSOT_MODIFIED=NO
OWNERSHIP_FILE=/data/data/com.termux/files/home/FREYA_ANDROID_888/00_CONTROL/BATCHES_ACTIVE/A15R2_20260805T151037Z_PID4914/SUMMARY.env|HASH=4f7f5b33b533c4f451353706da18cb47fb3a9de0c93799e864da78b974fae965
OWNERSHIP_DECL=SSOT_MODIFIED=NO
OWNERSHIP_FILE=/data/data/com.termux/files/home/FREYA_ANDROID_888/00_CONTROL/BATCHES_ACTIVE/A15R2_20260805T151037Z_PID4914/FINAL_RECEIPT.env|HASH=4f7f5b33b533c4f451353706da18cb47fb3a9de0c93799e864da78b974fae965
OWNERSHIP_DECL=SSOT_MODIFIED=NO
OWNERSHIP_FILE=/data/data/com.termux/files/home/FREYA_ANDROID_888/00_CONTROL/BATCHES_ACTIVE/A15R3_20260805T151239Z_PID6107/SUMMARY.env|HASH=2e55828f7bead410eb4479a1be1213eee22fa445ec5ca221e3bd63b0d1cf1fa4
OWNERSHIP_DECL=SSOT_MODIFIED=NO
OWNERSHIP_FILE=/data/data/com.termux/files/home/FREYA_ANDROID_888/00_CONTROL/BATCHES_ACTIVE/A15R3_20260805T151239Z_PID6107/FINAL_RECEIPT.env|HASH=2e55828f7bead410eb4479a1be1213eee22fa445ec5ca221e3bd63b0d1cf1fa4
OWNERSHIP_DECL=SSOT_MODIFIED=NO
OWNERSHIP_FILE=/data/data/com.termux/files/home/FREYA_ANDROID_888/00_CONTROL/BATCHES_ACTIVE/A15R4_20260805T151633Z_PID7302/SUMMARY.env|HASH=71be2a8c138807972258a4badbf4045446bd738db2db06950438907392dca6d1
OWNERSHIP_DECL=SSOT_MODIFIED=NO
OWNERSHIP_FILE=/data/data/com.termux/files/home/FREYA_ANDROID_888/00_CONTROL/BATCHES_ACTIVE/A15R4_20260805T151633Z_PID7302/FINAL_RECEIPT.env|HASH=71be2a8c138807972258a4badbf4045446bd738db2db06950438907392dca6d1
OWNERSHIP_DECL=SSOT_MODIFIED=NO
OWNERSHIP_FILE=/data/data/com.termux/files/home/FREYA_ANDROID_888/00_CONTROL/BATCHES_ACTIVE/A15R5_20260805T151848Z_PID7977/SUMMARY.env|HASH=0f8599708fb6988ac40ffafb08e49ed91beb79f8aa3a648d7a9bfef832407363
OWNERSHIP_DECL=SSOT_MODIFIED=NO
OWNERSHIP_FILE=/data/data/com.termux/files/home/FREYA_ANDROID_888/00_CONTROL/BATCHES_ACTIVE/A15R5_20260805T151848Z_PID7977/FINAL_RECEIPT.env|HASH=0f8599708fb6988ac40ffafb08e49ed91beb79f8aa3a648d7a9bfef832407363
OWNERSHIP_DECL=SSOT_MODIFIED=NO
OWNERSHIP_FILE=/data/data/com.termux/files/home/FREYA_ANDROID_888/00_CONTROL/BATCHES_ACTIVE/A15R5R1_20260805T152032Z_PID8411/SUMMARY.env|HASH=4f62a387dd4b8e20c632c98baf4288e6530543890401f0f86d99f65a9d71c872
OWNERSHIP_DECL=SSOT_MODIFIED=NO
OWNERSHIP_FILE=/data/data/com.termux/files/home/FREYA_ANDROID_888/00_CONTROL/BATCHES_ACTIVE/A15R5R1_20260805T152032Z_PID8411/FINAL_RECEIPT.env|HASH=4f62a387dd4b8e20c632c98baf4288e6530543890401f0f86d99f65a9d71c872
OWNERSHIP_DECL=SSOT_MODIFIED=NO
OWNERSHIP_FILE=/data/data/com.termux/files/home/FREYA_ANDROID_888/00_CONTROL/BATCHES_ACTIVE/A15R5R2_20260805T152220Z_PID8884/SUMMARY.env|HASH=77e6858e7c18cae86bc369d796c20ca84e097e6e0c61b643030ef17ffbb159ab
OWNERSHIP_DECL=SSOT_MODIFIED=NO
OWNERSHIP_FILE=/data/data/com.termux/files/home/FREYA_ANDROID_888/00_CONTROL/BATCHES_ACTIVE/A15R5R2_20260805T152220Z_PID8884/FINAL_RECEIPT.env|HASH=77e6858e7c18cae86bc369d796c20ca84e097e6e0c61b643030ef17ffbb159ab
OWNERSHIP_DECL=SSOT_MODIFIED=NO
OWNERSHIP_FILE=/data/data/com.termux/files/home/FREYA_ANDROID_888/00_CONTROL/BATCHES_ACTIVE/A15R6_20260805T152604Z_PID9332/SUMMARY.env|HASH=4c6fbd758ea2a7491834e6a04e7a199766d2865eb226bf48f87370c8c3b196af
OWNERSHIP_DECL=SSOT_MODIFIED=NO
OWNERSHIP_FILE=/data/data/com.termux/files/home/FREYA_ANDROID_888/00_CONTROL/BATCHES_ACTIVE/A15R6_20260805T152604Z_PID9332/FINAL_RECEIPT.env|HASH=4c6fbd758ea2a7491834e6a04e7a199766d2865eb226bf48f87370c8c3b196af
OWNERSHIP_DECL=SSOT_MODIFIED=NO
OWNERSHIP_FILE=/data/data/com.termux/files/home/FREYA_ANDROID_888/00_CONTROL/BATCHES_ACTIVE/A15R6R1_20260805T152859Z_PID9650/SUMMARY.env|HASH=8564de71df8a7567d06d11de9a3255276c2e62cab2e0c67925c470a9c1e3c8f5
OWNERSHIP_DECL=SSOT_MODIFIED=NO
OWNERSHIP_FILE=/data/data/com.termux/files/home/FREYA_ANDROID_888/00_CONTROL/BATCHES_ACTIVE/A15R6R1_20260805T152859Z_PID9650/FINAL_RECEIPT.env|HASH=8564de71df8a7567d06d11de9a3255276c2e62cab2e0c67925c470a9c1e3c8f5
OWNERSHIP_DECL=SSOT_MODIFIED=NO
OWNERSHIP_FILE=/data/data/com.termux/files/home/FREYA_ANDROID_888/00_CONTROL/BATCHES_ACTIVE/A15R7_20260805T153108Z_PID10172/SUMMARY.env|HASH=96c590f20760cf38a52e83668eca33113e5f3695cd06c50ed794746896fc83dc
OWNERSHIP_DECL=SSOT_MODIFIED=NO
OWNERSHIP_FILE=/data/data/com.termux/files/home/FREYA_ANDROID_888/00_CONTROL/BATCHES_ACTIVE/A15R7_20260805T153108Z_PID10172/FINAL_RECEIPT.env|HASH=96c590f20760cf38a52e83668eca33113e5f3695cd06c50ed794746896fc83dc
OWNERSHIP_DECL=SSOT_MODIFIED=NO
OWNERSHIP_FILE=/data/data/com.termux/files/home/FREYA_ANDROID_888/00_CONTROL/BATCHES_ACTIVE/A16_20260805T153331Z_PID10763/SUMMARY.env|HASH=852232dc65f4e6f60ef82ad4f1a4f4b47ef32f12ff807600c697a09afd8a4f0b
OWNERSHIP_DECL=SSOT_MODIFIED=NO
OWNERSHIP_FILE=/data/data/com.termux/files/home/FREYA_ANDROID_888/00_CONTROL/BATCHES_ACTIVE/A16_20260805T153331Z_PID10763/FINAL_RECEIPT.env|HASH=852232dc65f4e6f60ef82ad4f1a4f4b47ef32f12ff807600c697a09afd8a4f0b
OWNERSHIP_DECL=SSOT_MODIFIED=NO
OWNERSHIP_FILE=/data/data/com.termux/files/home/FREYA_ANDROID_888/00_CONTROL/BATCHES_ACTIVE/A17_20260805T153554Z_PID11090/SUMMARY.env|HASH=ca8af524414e3e7d3980b9a69759ec465c55fcf96bcb5d9cc0f4cfeb231e51e5
OWNERSHIP_DECL=SSOT_MODIFIED=NO
OWNERSHIP_FILE=/data/data/com.termux/files/home/FREYA_ANDROID_888/00_CONTROL/BATCHES_ACTIVE/A17_20260805T153554Z_PID11090/FINAL_RECEIPT.env|HASH=ca8af524414e3e7d3980b9a69759ec465c55fcf96bcb5d9cc0f4cfeb231e51e5
OWNERSHIP_DECL=SSOT_MODIFIED=NO
OWNERSHIP_FILE=/data/data/com.termux/files/home/FREYA_ANDROID_888/00_CONTROL/BATCHES_ACTIVE/A18R0_20260805T153732Z_PID11402/SUMMARY.env|HASH=4d096d381bd8702fbc44c54c0dc9c8fdf1bcffc070fbe310cebb21c41dfe52fb
OWNERSHIP_DECL=SSOT_MODIFIED=NO
OWNERSHIP_FILE=/data/data/com.termux/files/home/FREYA_ANDROID_888/00_CONTROL/BATCHES_ACTIVE/A18R0_20260805T153732Z_PID11402/FINAL_RECEIPT.env|HASH=4d096d381bd8702fbc44c54c0dc9c8fdf1bcffc070fbe310cebb21c41dfe52fb
OWNERSHIP_DECL=SSOT_MODIFIED=NO
OWNERSHIP_FILE=/data/data/com.termux/files/home/FREYA_ANDROID_888/00_CONTROL/BATCHES_ACTIVE/A18R1_20260805T153942Z_PID12216/SUMMARY.env|HASH=fe27307c9537b3c1f8596ca78fd34fb8e8226948dd8d4371b7be9a5d0463bd4a
OWNERSHIP_DECL=SSOT_MODIFIED=NO
OWNERSHIP_FILE=/data/data/com.termux/files/home/FREYA_ANDROID_888/00_CONTROL/BATCHES_ACTIVE/A18R1_20260805T153942Z_PID12216/FINAL_RECEIPT.env|HASH=fe27307c9537b3c1f8596ca78fd34fb8e8226948dd8d4371b7be9a5d0463bd4a
OWNERSHIP_DECL=SSOT_MODIFIED=NO
OWNERSHIP_FILE=/data/data/com.termux/files/home/FREYA_ANDROID_888/00_CONTROL/BATCHES_ACTIVE/A18R2_20260805T154146Z_PID12516/SUMMARY.env|HASH=c99128baa7dcad72f09c0cd8eb8c8c3ffd552351d651ddd9542a44504d0d6685
OWNERSHIP_DECL=SSOT_MODIFIED=NO
OWNERSHIP_FILE=/data/data/com.termux/files/home/FREYA_ANDROID_888/00_CONTROL/BATCHES_ACTIVE/A18R2_20260805T154146Z_PID12516/FINAL_RECEIPT.env|HASH=c99128baa7dcad72f09c0cd8eb8c8c3ffd552351d651ddd9542a44504d0d6685
OWNERSHIP_DECL=SSOT_MODIFIED=NO
OWNERSHIP_FILE=/data/data/com.termux/files/home/FREYA_ANDROID_888/00_CONTROL/BATCHES_ACTIVE/A18R3_20260805T154415Z_PID12797/SUMMARY.env|HASH=0c53469cbd4d14c24b7448fe09bf4a7d750b28e8a54d5ae1d1da28e812f9da55
OWNERSHIP_DECL=SSOT_MODIFIED=NO
OWNERSHIP_FILE=/data/data/com.termux/files/home/FREYA_ANDROID_888/00_CONTROL/BATCHES_ACTIVE/A18R3_20260805T154415Z_PID12797/FINAL_RECEIPT.env|HASH=0c53469cbd4d14c24b7448fe09bf4a7d750b28e8a54d5ae1d1da28e812f9da55
OWNERSHIP_DECL=SSOT_MODIFIED=NO
OWNERSHIP_FILE=/data/data/com.termux/files/home/FREYA_ANDROID_888/00_CONTROL/BATCHES_ACTIVE/A18R3R1_20260805T154812Z_PID13362/SUMMARY.env|HASH=30eaf947986b43cac679d5f55e49575bfad47d16c8d0f43f40c364bb89e20cda
OWNERSHIP_DECL=SSOT_MODIFIED=NO
OWNERSHIP_FILE=/data/data/com.termux/files/home/FREYA_ANDROID_888/00_CONTROL/BATCHES_ACTIVE/A18R3R1_20260805T154812Z_PID13362/FINAL_RECEIPT.env|HASH=30eaf947986b43cac679d5f55e49575bfad47d16c8d0f43f40c364bb89e20cda
OWNERSHIP_DECL=SSOT_MODIFIED=NO
OWNERSHIP_FILE=/data/data/com.termux/files/home/FREYA_ANDROID_888/00_CONTROL/BATCHES_ACTIVE/A18R3R2_20260805T155044Z_PID13723/SUMMARY.env|HASH=7559ff43da27b96a27e544a7237e7c47ab9c5443d6daf3e77fc0553ab653263a
OWNERSHIP_DECL=SSOT_MODIFIED=NO
OWNERSHIP_FILE=/data/data/com.termux/files/home/FREYA_ANDROID_888/00_CONTROL/BATCHES_ACTIVE/A18R3R2_20260805T155044Z_PID13723/FINAL_RECEIPT.env|HASH=7559ff43da27b96a27e544a7237e7c47ab9c5443d6daf3e77fc0553ab653263a
OWNERSHIP_DECL=SSOT_MODIFIED=NO
OWNERSHIP_FILE=/data/data/com.termux/files/home/FREYA_ANDROID_888/00_CONTROL/BATCHES_ACTIVE/A18R3R3_20260805T155403Z_PID14126/SUMMARY.env|HASH=638357b9e058c067c1eba2b579798e09fad3480f22ee656ad1008ab9da8db8f8
OWNERSHIP_DECL=SSOT_MODIFIED=NO
OWNERSHIP_FILE=/data/data/com.termux/files/home/FREYA_ANDROID_888/00_CONTROL/BATCHES_ACTIVE/A18R3R3_20260805T155403Z_PID14126/FINAL_RECEIPT.env|HASH=638357b9e058c067c1eba2b579798e09fad3480f22ee656ad1008ab9da8db8f8
OWNERSHIP_DECL=SSOT_MODIFIED=NO
OWNERSHIP_FILE=/data/data/com.termux/files/home/FREYA_ANDROID_888/00_CONTROL/BATCHES_ACTIVE/A18R4_20260805T155606Z_PID14480/SUMMARY.env|HASH=69dd00011e0145324ea5b2d95332371517f9fbd06472f6fa21c98c1137a1b56c
OWNERSHIP_DECL=SSOT_MODIFIED=NO
OWNERSHIP_FILE=/data/data/com.termux/files/home/FREYA_ANDROID_888/00_CONTROL/BATCHES_ACTIVE/A18R4_20260805T155606Z_PID14480/FINAL_RECEIPT.env|HASH=69dd00011e0145324ea5b2d95332371517f9fbd06472f6fa21c98c1137a1b56c
OWNERSHIP_DECL=SSOT_MODIFIED=NO
OWNERSHIP_FILE=/data/data/com.termux/files/home/FREYA_ANDROID_888/00_CONTROL/BATCHES_ACTIVE/A19_20260805T155932Z_PID15479/SUMMARY.env|HASH=1644655fb10fdfbee6d8bfd19f48c28522e8e1fc5c635906f5b794eaab133b94
OWNERSHIP_DECL=SSOT_MODIFIED=NO
OWNERSHIP_FILE=/data/data/com.termux/files/home/FREYA_ANDROID_888/00_CONTROL/BATCHES_ACTIVE/A19_20260805T155932Z_PID15479/FINAL_RECEIPT.env|HASH=1644655fb10fdfbee6d8bfd19f48c28522e8e1fc5c635906f5b794eaab133b94
OWNERSHIP_DECL=SSOT_MODIFIED=NO
OWNERSHIP_FILE=/data/data/com.termux/files/home/FREYA_ANDROID_888/00_CONTROL/BATCHES_ACTIVE/A19R1_20260805T160407Z_PID15886/SUMMARY.env|HASH=0ba3c404e428bc38557f6f73313c61f89c16bbfc15066fba31e06ea9566e45d0
OWNERSHIP_DECL=SSOT_MODIFIED=NO
OWNERSHIP_FILE=/data/data/com.termux/files/home/FREYA_ANDROID_888/00_CONTROL/BATCHES_ACTIVE/A19R1_20260805T160407Z_PID15886/FINAL_RECEIPT.env|HASH=0ba3c404e428bc38557f6f73313c61f89c16bbfc15066fba31e06ea9566e45d0
OWNERSHIP_DECL=SSOT_MODIFIED=NO
OWNERSHIP_FILE=/data/data/com.termux/files/home/FREYA_ANDROID_888/00_CONTROL/BATCHES_ACTIVE/A19R2_20260805T160636Z_PID16377/SUMMARY.env|HASH=cd5d55068ee20910107eb5f78e4e0a3aadac1e5dae4460412021628152ab5f8a
OWNERSHIP_DECL=SSOT_MODIFIED=NO
OWNERSHIP_FILE=/data/data/com.termux/files/home/FREYA_ANDROID_888/00_CONTROL/BATCHES_ACTIVE/A19R2_20260805T160636Z_PID16377/FINAL_RECEIPT.env|HASH=cd5d55068ee20910107eb5f78e4e0a3aadac1e5dae4460412021628152ab5f8a
OWNERSHIP_DECL=SSOT_MODIFIED=NO
OWNERSHIP_FILE=/data/data/com.termux/files/home/FREYA_ANDROID_888/00_CONTROL/BATCHES_ACTIVE/A20R1_20260805T161245Z_PID17216/SUMMARY.env|HASH=5626ff4eb5b65493352cc37166a8af2f7245f1a89d1e71d20d236e5cdec31b6e
OWNERSHIP_DECL=SSOT_MODIFIED=NO
OWNERSHIP_FILE=/data/data/com.termux/files/home/FREYA_ANDROID_888/00_CONTROL/BATCHES_ACTIVE/A20R1_20260805T161245Z_PID17216/FINAL_RECEIPT.env|HASH=5626ff4eb5b65493352cc37166a8af2f7245f1a89d1e71d20d236e5cdec31b6e
OWNERSHIP_DECL=SSOT_MODIFIED=NO
OWNERSHIP_FILE=/data/data/com.termux/files/home/FREYA_ANDROID_888/00_CONTROL/BATCHES_ACTIVE/A21_20260805T161715Z_PID17617/SUMMARY.env|HASH=e7d937b4ed1f487592590b571115d769fd63d89946ed77afa924561d658fd008
OWNERSHIP_DECL=SSOT_MODIFIED=NO
OWNERSHIP_FILE=/data/data/com.termux/files/home/FREYA_ANDROID_888/00_CONTROL/BATCHES_ACTIVE/A21_20260805T161715Z_PID17617/FINAL_RECEIPT.env|HASH=e7d937b4ed1f487592590b571115d769fd63d89946ed77afa924561d658fd008
OWNERSHIP_DECL=SSOT_MODIFIED=NO
OWNERSHIP_FILE=/data/data/com.termux/files/home/FREYA_ANDROID_888/00_CONTROL/BATCHES_ACTIVE/A22_20260805T162044Z_PID18126/SUMMARY.env|HASH=baff734a6ab4f318fc8170da527337be95acbe616c8235e453effb5c74059086
OWNERSHIP_DECL=SSOT_MODIFIED=NO
OWNERSHIP_FILE=/data/data/com.termux/files/home/FREYA_ANDROID_888/00_CONTROL/BATCHES_ACTIVE/A22_20260805T162044Z_PID18126/FINAL_RECEIPT.env|HASH=baff734a6ab4f318fc8170da527337be95acbe616c8235e453effb5c74059086
OWNERSHIP_DECL=SSOT_MODIFIED=NO
OWNERSHIP_FILE=/data/data/com.termux/files/home/FREYA_ANDROID_888/00_CONTROL/BATCHES_ACTIVE/A23_20260805T162408Z_PID19496/SUMMARY.env|HASH=4a2185e98794053a327c8d73afe0ed81438841ea23530d3813ccb99b8e82b729
OWNERSHIP_DECL=SSOT_MODIFIED=NO
OWNERSHIP_FILE=/data/data/com.termux/files/home/FREYA_ANDROID_888/00_CONTROL/BATCHES_ACTIVE/A23_20260805T162408Z_PID19496/FINAL_RECEIPT.env|HASH=4a2185e98794053a327c8d73afe0ed81438841ea23530d3813ccb99b8e82b729
OWNERSHIP_DECL=SSOT_MODIFIED=NO
OWNERSHIP_FILE=/data/data/com.termux/files/home/FREYA_ANDROID_888/00_CONTROL/BATCHES_ACTIVE/A23R1_20260805T162556Z_PID20461/SUMMARY.env|HASH=03ac4bf0b52ec9dec2a1a56078637f2d0da117034394a1f8845c9dc720ac111f
OWNERSHIP_DECL=SSOT_MODIFIED=NO
OWNERSHIP_FILE=/data/data/com.termux/files/home/FREYA_ANDROID_888/00_CONTROL/BATCHES_ACTIVE/A23R1_20260805T162556Z_PID20461/FINAL_RECEIPT.env|HASH=03ac4bf0b52ec9dec2a1a56078637f2d0da117034394a1f8845c9dc720ac111f
OWNERSHIP_DECL=SSOT_MODIFIED=NO
OWNERSHIP_FILE=/data/data/com.termux/files/home/FREYA_ANDROID_888/00_CONTROL/BATCHES_ACTIVE/A23R2_20260805T162750Z_PID20769/SUMMARY.env|HASH=f776a74c307fc65fafd54fb11ee9fb5c94549741de962568ad16398aa712308b
OWNERSHIP_DECL=SSOT_MODIFIED=NO
OWNERSHIP_FILE=/data/data/com.termux/files/home/FREYA_ANDROID_888/00_CONTROL/BATCHES_ACTIVE/A23R2_20260805T162750Z_PID20769/FINAL_RECEIPT.env|HASH=f776a74c307fc65fafd54fb11ee9fb5c94549741de962568ad16398aa712308b
OWNERSHIP_DECL=SSOT_MODIFIED=NO
OWNERSHIP_FILE=/data/data/com.termux/files/home/FREYA_ANDROID_888/00_CONTROL/BATCHES_ACTIVE/A23R3_20260805T163202Z_PID21554/SUMMARY.env|HASH=f556671c0fff4179dff34a6bd060a91c61820f7f4e402c9617f4d991bd20b002
OWNERSHIP_DECL=SSOT_MODIFIED=NO
OWNERSHIP_FILE=/data/data/com.termux/files/home/FREYA_ANDROID_888/00_CONTROL/BATCHES_ACTIVE/A23R3_20260805T163202Z_PID21554/FINAL_RECEIPT.env|HASH=f556671c0fff4179dff34a6bd060a91c61820f7f4e402c9617f4d991bd20b002
OWNERSHIP_DECL=SSOT_MODIFIED=NO
OWNERSHIP_FILE=/data/data/com.termux/files/home/FREYA_ANDROID_888/00_CONTROL/BATCHES_ACTIVE/A23R4_A26_DERIVED_PACKAGE_ACCEPTANCE_20260805T165057Z_PID25522/SUMMARY.env|HASH=166535cc6051ae03ef6ea47c234ea42e3fc9f42ac8895af656b85b6feb81042c
OWNERSHIP_DECL=SSOT_MODIFIED=NO
OWNERSHIP_FILE=/data/data/com.termux/files/home/FREYA_ANDROID_888/00_CONTROL/BATCHES_ACTIVE/A23R4_A26_DERIVED_PACKAGE_ACCEPTANCE_20260805T165057Z_PID25522/FINAL_RECEIPT.env|HASH=166535cc6051ae03ef6ea47c234ea42e3fc9f42ac8895af656b85b6feb81042c
OWNERSHIP_DECL=SSOT_MODIFIED=NO
OWNERSHIP_FILE=/data/data/com.termux/files/home/FREYA_ANDROID_888/00_CONTROL/BATCHES_ACTIVE/A23R4R2_A26_DERIVED_PACKAGE_COPY_SAFE_RECOVERY_20260805T170007Z_PID29698/CHECKPOINT_SNAPSHOT.env|HASH=0ed69d139dc36d3933e58933b8a91d540f26f8d3bd963ef3bb198fe8d012e3b7
OWNERSHIP_DECL=SSOT_MODIFIED=NO
OWNERSHIP_FILE=/data/data/com.termux/files/home/FREYA_ANDROID_888/00_CONTROL/BATCHES_ACTIVE/A23R4R2_A26_DERIVED_PACKAGE_COPY_SAFE_RECOVERY_20260805T170007Z_PID29698/SUMMARY.env|HASH=e838bc99b04211b977d7cad4f609616f379decc09039170d8088d8b2884f9f20
OWNERSHIP_DECL=SSOT_MODIFIED=NO
OWNERSHIP_FILE=/data/data/com.termux/files/home/FREYA_ANDROID_888/00_CONTROL/BATCHES_ACTIVE/A23R4R2_A26_DERIVED_PACKAGE_COPY_SAFE_RECOVERY_20260805T170007Z_PID29698/FINAL_RECEIPT.env|HASH=e838bc99b04211b977d7cad4f609616f379decc09039170d8088d8b2884f9f20
OWNERSHIP_DECL=SSOT_MODIFIED=NO
OWNERSHIP_FILE=/data/data/com.termux/files/home/FREYA_ANDROID_888/00_CONTROL/BATCHES_ACTIVE/A27_LITE_20260805T171244Z_PID778/CANARY_STATE/CURRENT.env|HASH=b64d6957b186e21e1f20047122bc2063511e60ef53a98953fc83ab2f41f55354
OWNERSHIP_DECL=SSOT_MODIFIED=NO
OWNERSHIP_FILE=/data/data/com.termux/files/home/FREYA_ANDROID_888/00_CONTROL/BATCHES_ACTIVE/A27_LITE_20260805T171244Z_PID778/STALE_LOCK_TEST/CURRENT.env|HASH=c6133510dd6c00b15a2e6bac08227f4e44170169ad7dc3530c4b34d4f883145f
OWNERSHIP_DECL=SSOT_MODIFIED=NO
OWNERSHIP_FILE=/data/data/com.termux/files/home/FREYA_ANDROID_888/00_CONTROL/BATCHES_ACTIVE/A27_LITE_20260805T171244Z_PID778/SUMMARY.env|HASH=5a17826e122248fab5e63841eacdb6e7ceb814af76e28433c66b994f46c977a0
OWNERSHIP_DECL=SSOT_MODIFIED=NO
OWNERSHIP_FILE=/data/data/com.termux/files/home/FREYA_ANDROID_888/00_CONTROL/BATCHES_ACTIVE/A27_LITE_20260805T171244Z_PID778/FINAL_RECEIPT.env|HASH=5a17826e122248fab5e63841eacdb6e7ceb814af76e28433c66b994f46c977a0
OWNERSHIP_DECL=SSOT_MODIFIED=NO
OWNERSHIP_FILE=/data/data/com.termux/files/home/FREYA_ANDROID_888/00_CONTROL/BATCHES_ACTIVE/A28_LIGHTWEIGHT_FOREGROUND_24H_ACTIVE/PAUSE_RECEIPT_20260805T173331Z.env|HASH=1ada38fc8ae1a2daf9eb875658a44068e7ea527cc3c7b6d99ec54ae342424763
OWNERSHIP_DECL=SSOT_MODIFIED=NO
OWNERSHIP_FILE=/data/data/com.termux/files/home/FREYA_ANDROID_888/00_CONTROL/BATCHES_ACTIVE/A28_LIGHTWEIGHT_FOREGROUND_24H_ACTIVE/PAUSE_RECEIPT_20260805T182338Z.env|HASH=b8c17ff15d1b25d0c8e0f69811373d36f62f4b28628d02b5c87f28fdc3053a06
OWNERSHIP_DECL=SSOT_MODIFIED=NO
OWNERSHIP_FILE=/data/data/com.termux/files/home/FREYA_ANDROID_888/00_CONTROL/BATCHES_ACTIVE/A28R1_AGGRESSIVE_24H_ACTIVE/PAUSE_RECEIPT_20260805T183947Z.env|HASH=61b870ae04f480939cf9752c58b387fa614232746aac9d86fc02ecda206a5f73
OWNERSHIP_DECL=SSOT_MODIFIED=NO
OWNERSHIP_FILE=/data/data/com.termux/files/home/FREYA_ANDROID_888/00_CONTROL/BATCHES_ACTIVE/A28R1_AGGRESSIVE_24H_ACTIVE/SUMMARY.env|HASH=22e2f942b61df08c7e465346271595a9df51d9b5f83cd214dc721cd996dc711d
OWNERSHIP_DECL=SSOT_MODIFIED=NO
OWNERSHIP_FILE=/data/data/com.termux/files/home/FREYA_ANDROID_888/00_CONTROL/BATCHES_ACTIVE/A28R1_AGGRESSIVE_24H_ACTIVE/FINAL_RECEIPT.env|HASH=22e2f942b61df08c7e465346271595a9df51d9b5f83cd214dc721cd996dc711d
OWNERSHIP_DECL=SSOT_MODIFIED=NO
OWNERSHIP_FILE=/data/data/com.termux/files/home/FREYA_ANDROID_888/00_CONTROL/BATCHES_ACTIVE/A29_ANDROID_NODE_OPERATIONAL_CLOSURE_20260806T191428Z_PID23043/A27_LITE_SUMMARY.snapshot.env|HASH=5a17826e122248fab5e63841eacdb6e7ceb814af76e28433c66b994f46c977a0
OWNERSHIP_DECL=SSOT_MODIFIED=NO
OWNERSHIP_FILE=/data/data/com.termux/files/home/FREYA_ANDROID_888/00_CONTROL/BATCHES_ACTIVE/A29_ANDROID_NODE_OPERATIONAL_CLOSURE_20260806T191428Z_PID23043/A28R1_FINAL_RECEIPT.snapshot.env|HASH=22e2f942b61df08c7e465346271595a9df51d9b5f83cd214dc721cd996dc711d
OWNERSHIP_DECL=SSOT_MODIFIED=NO
OWNERSHIP_FILE=/data/data/com.termux/files/home/FREYA_ANDROID_888/00_CONTROL/BATCHES_ACTIVE/A29_ANDROID_NODE_OPERATIONAL_CLOSURE_20260806T191428Z_PID23043/FINAL_RECEIPT.env|HASH=443db9ee941dbf052deef34c2ac26e7992fba742ae7ca7d05de66f2ba1c6b8d9
OWNERSHIP_DECL=SSOT_MODIFIED=NO
OWNERSHIP_FILE=/data/data/com.termux/files/home/FREYA_ANDROID_888/00_CONTROL/BATCHES_ACTIVE/A30_ANDROID_CONTROL_TOWER_REGISTRATION_20260806T191545Z_PID24303/A29_FINAL_RECEIPT.snapshot.env|HASH=443db9ee941dbf052deef34c2ac26e7992fba742ae7ca7d05de66f2ba1c6b8d9
OWNERSHIP_DECL=SSOT_MODIFIED=NO
OWNERSHIP_FILE=/data/data/com.termux/files/home/FREYA_ANDROID_888/00_CONTROL/BATCHES_ACTIVE/A30_ANDROID_CONTROL_TOWER_REGISTRATION_20260806T191545Z_PID24303/ANDROID_NODE_REGISTRATION.snapshot.env|HASH=a334c6c9697a9952523c4e78133facc94c178222cc709bf76298f53a135f3bd4
OWNERSHIP_DECL=SSOT_MODIFIED=NO
OWNERSHIP_FILE=/data/data/com.termux/files/home/FREYA_ANDROID_888/00_CONTROL/BATCHES_ACTIVE/A30_ANDROID_CONTROL_TOWER_REGISTRATION_20260806T191545Z_PID24303/FINAL_RECEIPT.env|HASH=e3101ce3a267f1ff8baa38fc35ec3df345aa2586711e76abbd57006a8ddf68f2
OWNERSHIP_DECL=SSOT_MODIFIED=NO
OWNERSHIP_FILE=/data/data/com.termux/files/home/FREYA_ANDROID_888/00_CONTROL/BATCHES_ACTIVE/F01_20260807T161707Z_PID29789/FINAL_RECEIPT.env|HASH=2b462861ec32a871446d4e4bcb2588380f226f3ceca4a8053201629f085a4455
OWNERSHIP_DECL=SSOT_DISCOVERY=PASS
OWNERSHIP_DECL=SSOT_CANDIDATE_COUNT=15
OWNERSHIP_FILE=/data/data/com.termux/files/home/FREYA_ANDROID_888/00_CONTROL/BATCHES_ACTIVE/F02_20260807T161840Z_PID30627/F01_SOURCE_RECEIPT.env|HASH=2b462861ec32a871446d4e4bcb2588380f226f3ceca4a8053201629f085a4455
OWNERSHIP_DECL=SSOT_DISCOVERY=PASS
OWNERSHIP_DECL=SSOT_CANDIDATE_COUNT=15
OWNERSHIP_FILE=/data/data/com.termux/files/home/FREYA_ANDROID_888/00_CONTROL/BATCHES_ACTIVE/F02_20260807T161840Z_PID30627/FINAL_STATUS.env|HASH=a3ed6680b74cabac4928591d418dcbce881be591279dfaf2f87de94fae3e3011
OWNERSHIP_DECL=SSOT=PASS
OWNERSHIP_FILE=/data/data/com.termux/files/home/FREYA_ANDROID_888/00_CONTROL/BATCHES_ACTIVE/F02R1_20260807T162017Z_PID31053/FINAL_STATUS.env|HASH=c3adb03bd483354fa4e20381a8325d74417149d853168541d026132dcfb8ad9a
OWNERSHIP_DECL=SSOT=PASS
OWNERSHIP_FILE=/data/data/com.termux/files/home/FREYA_ANDROID_888/00_CONTROL/REGISTRY/NODE_STATUS/FREYA_ANDROID_NODE_888_OPERATIONAL_20260806T191545Z_PID24303.env|HASH=a334c6c9697a9952523c4e78133facc94c178222cc709bf76298f53a135f3bd4
OWNERSHIP_DECL=SSOT_MODIFIED=NO
OWNERSHIP_FILE=/data/data/com.termux/files/home/FREYA_ANDROID_888/00_CONTROL/REGISTRY/ANDROID_AUX_PIPELINE/RELEASES/AUX_20260807T130133Z_PID4971/ANDROID_AUX_PIPELINE.env|HASH=8476fa54aa696c19dc678300fb1d08cefbade66a0f8a589b49b254a1b831cdb9
OWNERSHIP_DECL=ACTIVE_SSOT=/data/data/com.termux/files/home/FREYA_ANDROID_888/00_CONTROL/REGISTRY/ANDROID_PIPELINE_SSOT/RELEASES/SSOT_R3_20260807T125138Z_PID31993/ANDROID_PIPELINE_SSOT.env
OWNERSHIP_FILE=/data/data/com.termux/files/home/FREYA_ANDROID_888/00_CONTROL/REGISTRY/ANDROID_AUX_PIPELINE/RELEASES/AUX_R1_20260807T130514Z_PID5546/ANDROID_AUX_PIPELINE.env|HASH=8476fa54aa696c19dc678300fb1d08cefbade66a0f8a589b49b254a1b831cdb9
OWNERSHIP_DECL=ACTIVE_SSOT=/data/data/com.termux/files/home/FREYA_ANDROID_888/00_CONTROL/REGISTRY/ANDROID_PIPELINE_SSOT/RELEASES/SSOT_R3_20260807T125138Z_PID31993/ANDROID_PIPELINE_SSOT.env
OWNERSHIP_FILE=/data/data/com.termux/files/home/FREYA_ANDROID_888/00_CONTROL/REGISTRY/CONTROL_TOWER/RELEASES/ANDROID_CT_20260807T132623Z_PID13766/FREYA_ANDROID_CONTROL_TOWER.env|HASH=610e6c74dfca5cbdf4c2d1d547e0a7845d675f336db459ebbfd30c284b70d96d
OWNERSHIP_DECL=ACTIVE_SSOT=/data/data/com.termux/files/home/FREYA_ANDROID_888/00_CONTROL/REGISTRY/ANDROID_PIPELINE_SSOT/RELEASES/SSOT_R3_20260807T125138Z_PID31993/ANDROID_PIPELINE_SSOT.env
OWNERSHIP_FILE=/data/data/com.termux/files/home/FREYA_ANDROID_888/00_CONTROL/REGISTRY/CONTROL_TOWER/RELEASES/ANDROID_CT_R1_20260807T132936Z_PID14484/FREYA_ANDROID_CONTROL_TOWER.env|HASH=5a78fa09fd703fbcd4c26add70da2bf0f42ed710b8207e34fa9116e7a4b53c08
OWNERSHIP_DECL=ACTIVE_SSOT=/data/data/com.termux/files/home/FREYA_ANDROID_888/00_CONTROL/REGISTRY/ANDROID_PIPELINE_SSOT/RELEASES/SSOT_R3_20260807T125138Z_PID31993/ANDROID_PIPELINE_SSOT.env
OWNERSHIP_FILE=/data/data/com.termux/files/home/FREYA_ANDROID_888/00_CONTROL/REGISTRY/CONTROL_TOWER/RELEASES/ANDROID_CT_V3_20260807T134336Z_PID19695/FREYA_ANDROID_CONTROL_TOWER.env|HASH=001b5031cbd21bb630d0f16d047e56222505fc9915e14758d695a0e65317c4b1
OWNERSHIP_DECL=ACTIVE_SSOT=/data/data/com.termux/files/home/FREYA_ANDROID_888/00_CONTROL/REGISTRY/ANDROID_PIPELINE_SSOT/RELEASES/SSOT_R3_20260807T125138Z_PID31993/ANDROID_PIPELINE_SSOT.env
OWNERSHIP_FILE=/data/data/com.termux/files/home/FREYA_ANDROID_888/00_CONTROL/REGISTRY/CONTROL_TOWER/RELEASES/ANDROID_CT_V4_20260807T150344Z_PID16711/bin/freya_android_control_tower.sh|HASH=c05417a53919028aaaec67b3cfdb11707a974504ede26c86258b10271e22eb2b
OWNERSHIP_DECL=SSOT_PTR="/data/data/com.termux/files/home/FREYA_ANDROID_888/00_CONTROL/REGISTRY/ANDROID_PIPELINE_SSOT/ANDROID_PIPELINE_SSOT_CURRENT"
OWNERSHIP_FILE=/data/data/com.termux/files/home/FREYA_ANDROID_888/00_CONTROL/REGISTRY/CONTROL_TOWER/RELEASES/ANDROID_CT_V4_20260807T150344Z_PID16711/FREYA_ANDROID_CONTROL_TOWER.env|HASH=6981090ebc5704aee1b5823be5c595670de879ad824b2477679c09bee23d5531
OWNERSHIP_DECL=PIPELINE_SSOT=/data/data/com.termux/files/home/FREYA_ANDROID_888/00_CONTROL/REGISTRY/ANDROID_PIPELINE_SSOT/RELEASES/SSOT_R3_20260807T125138Z_PID31993/ANDROID_PIPELINE_SSOT.env
OWNERSHIP_FILE=/data/data/com.termux/files/home/FREYA_ANDROID_888/00_CONTROL/REGISTRY/FINAL_ACCEPTANCE/RELEASES/ANDROID_FINAL_20260807T133220Z_PID15191/FREYA_ANDROID_NODE_888_FINAL_ACCEPTANCE.env|HASH=d5617843e17f344a9a2dd6f49367a53f82f7afc5d590fe4d93be29fd437491dd
OWNERSHIP_DECL=ACTIVE_SSOT=/data/data/com.termux/files/home/FREYA_ANDROID_888/00_CONTROL/REGISTRY/ANDROID_PIPELINE_SSOT/RELEASES/SSOT_R3_20260807T125138Z_PID31993/ANDROID_PIPELINE_SSOT.env
OWNERSHIP_FILE=/data/data/com.termux/files/home/FREYA_ANDROID_888/00_CONTROL/REGISTRY/FINAL_ACCEPTANCE/RELEASES/ANDROID_FINAL_V3_20260807T134336Z_PID19695/FREYA_ANDROID_NODE_888_FINAL_ACCEPTANCE.env|HASH=024a261346130c748b26aa1af0ea617e6d72bd9f33232e7004afed6fddf75402
OWNERSHIP_DECL=ACTIVE_SSOT=/data/data/com.termux/files/home/FREYA_ANDROID_888/00_CONTROL/REGISTRY/ANDROID_PIPELINE_SSOT/RELEASES/SSOT_R3_20260807T125138Z_PID31993/ANDROID_PIPELINE_SSOT.env
OWNERSHIP_FILE=/data/data/com.termux/files/home/FREYA_ANDROID_888/00_CONTROL/REGISTRY/FINAL_ACCEPTANCE/RELEASES/ANDROID_FINAL_V4_AUTONOMY_20260807T151507Z_PID20290/FREYA_ANDROID_NODE_888_FINAL_ACCEPTANCE.env|HASH=c441996a9e41781e7aae8b4db06562f4717ae332c8f27b65fcc7cd25f0cf28f3
OWNERSHIP_DECL=PIPELINE_SSOT=/data/data/com.termux/files/home/FREYA_ANDROID_888/00_CONTROL/REGISTRY/ANDROID_PIPELINE_SSOT/RELEASES/SSOT_R3_20260807T125138Z_PID31993/ANDROID_PIPELINE_SSOT.env
OWNERSHIP_FILE=/data/data/com.termux/files/home/FREYA_ANDROID_888/00_CONTROL/REGISTRY/CANONICAL_ROOT_ARCHITECTURE/RELEASES/BATCH_03_CANONICAL_CONTROL_ROOT_RECONSTRUCTION_20260808T122230Z_PID6473/REPORT.env|HASH=2d2e2d941e1847aa7fc9cd2db78cddbff4d2ac98e4e6f0ecf24c2547d3266021
OWNERSHIP_DECL=CANONICAL_ROOT=/data/data/com.termux/files/home/FREYA_ANDROID_888
OWNERSHIP_FILE=/data/data/com.termux/files/home/FREYA_ANDROID_888/00_CONTROL/REGISTRY/CANONICAL_ROOT_ARCHITECTURE/CURRENT.env|HASH=226a404238feaa2e3cafe840cb16229649acff5363f7363248283a81caa8e8d4
OWNERSHIP_DECL=CANONICAL_ROOT=/data/data/com.termux/files/home/FREYA_ANDROID_888
OWNERSHIP_FILE=/data/data/com.termux/files/home/FREYA_ANDROID_888/00_CONTROL/REGISTRY/TERMUX_RUNTIME/RELEASES/BATCH_19R2_TERMUX_RUNTIME_REGISTRY_REPAIR_20260808T133841Z_PID15718/CURRENT.env|HASH=5c0cfe976b10fb9dd5229d244f9af5c1744e4f64d292819178c48e2228ec7e81
OWNERSHIP_DECL=CANONICAL_ROOT=/data/data/com.termux/files/home/FREYA_ANDROID_888
OWNERSHIP_FILE=/data/data/com.termux/files/home/FREYA_ANDROID_888/00_CONTROL/REGISTRY/TERMUX_RUNTIME/CURRENT.env|HASH=5c0cfe976b10fb9dd5229d244f9af5c1744e4f64d292819178c48e2228ec7e81
OWNERSHIP_DECL=CANONICAL_ROOT=/data/data/com.termux/files/home/FREYA_ANDROID_888
OWNERSHIP_FILE=/data/data/com.termux/files/home/FREYA_ANDROID_888/00_CONTROL/REGISTRY/IMAGE_CONTROLLER/CURRENT.env|HASH=e929c80b4413093d51fed7eeac8ee32f6fffb80954eef0b38cf5d85896ab27eb
OWNERSHIP_DECL=CANONICAL_ROOT=/data/data/com.termux/files/home/FREYA_ANDROID_888
OWNERSHIP_FILE=/data/data/com.termux/files/home/FREYA_ANDROID_888/00_CONTROL/REGISTRY/STORAGE_PROTECTION/RELEASES/BATCH_07_STORAGE_PROTECTION_20260808T125329Z_PID18243/STORAGE_PRE_STATE.env|HASH=577fc551402e75e36228f6e875c4c89725912133b2dc6fe8ae5bf47387f5d800
OWNERSHIP_DECL=CANONICAL_ROOT_KB=1159622
OWNERSHIP_FILE=/data/data/com.termux/files/home/FREYA_ANDROID_888/00_CONTROL/REGISTRY/STORAGE_PROTECTION/RELEASES/BATCH_07_STORAGE_PROTECTION_20260808T125329Z_PID18243/STORAGE_POST_STATE.env|HASH=bc4bdc0858477edea1fc4e19c62c8e77f857b56212113cc1cfbd8d614cadbc44
OWNERSHIP_DECL=CANONICAL_ROOT_KB=1159622
OWNERSHIP_FILE=/data/data/com.termux/files/home/FREYA_ANDROID_888/00_CONTROL/REGISTRY/STORAGE_PROTECTION/POLICY.env|HASH=d9ec586147fb0b7c8957a1bd6b9360b593b383da4da7c2478423bdc48bf06030
OWNERSHIP_DECL=CANONICAL_ROOT_DELETE=DENIED_EXCEPT_OWNED_TEMP_CACHE
OWNERSHIP_FILE=/data/data/com.termux/files/home/FREYA_ANDROID_888/00_CONTROL/CANDIDATES/ANDROID_AUX_PIPELINE/ANDROID_AUX_PIPELINE_CANDIDATE_R2_20260807T125909Z_PID4328.env|HASH=8476fa54aa696c19dc678300fb1d08cefbade66a0f8a589b49b254a1b831cdb9
OWNERSHIP_DECL=ACTIVE_SSOT=/data/data/com.termux/files/home/FREYA_ANDROID_888/00_CONTROL/REGISTRY/ANDROID_PIPELINE_SSOT/RELEASES/SSOT_R3_20260807T125138Z_PID31993/ANDROID_PIPELINE_SSOT.env
OWNERSHIP_FILE=/data/data/com.termux/files/home/FREYA_ANDROID_888/00_CONTROL/CANDIDATES/ANDROID_AGENT_RESPONSIBILITY/ANDROID_18_AGENT_RESPONSIBILITY_ACCEPTANCE_20260807T131113Z_PID7728.env|HASH=ea9611c23cde4650ec0e10c4676c157635147a44fd9f725a861e230a517226d4
OWNERSHIP_DECL=ACTIVE_SSOT=/data/data/com.termux/files/home/FREYA_ANDROID_888/00_CONTROL/REGISTRY/ANDROID_PIPELINE_SSOT/RELEASES/SSOT_R3_20260807T125138Z_PID31993/ANDROID_PIPELINE_SSOT.env
OWNERSHIP_FILE=/data/data/com.termux/files/home/FREYA_ANDROID_888/00_CONTROL/CANDIDATES/ANDROID_PRODUCTION_READINESS/ANDROID_PRODUCTION_READINESS_20260807T132416Z_PID12605.env|HASH=bbcf4f5d43ec2dbcbcf25cc47500d69ca565d25164a8a81cd1034393048e1593
OWNERSHIP_DECL=ACTIVE_SSOT=/data/data/com.termux/files/home/FREYA_ANDROID_888/00_CONTROL/REGISTRY/ANDROID_PIPELINE_SSOT/RELEASES/SSOT_R3_20260807T125138Z_PID31993/ANDROID_PIPELINE_SSOT.env
OWNERSHIP_FILE=/data/data/com.termux/files/home/FREYA_ANDROID_888/00_CONTROL/CANDIDATES/ANDROID_OBSIDIAN_CONTROL_TOWER/ANDROID_OBSIDIAN_CONTROL_TOWER_PRODUCTION_V1_20260807T145832Z_PID15919.env|HASH=b0850fa7fd5af7b49de5109d82bb025bb41bcc278f278757ca41717eae439c54
OWNERSHIP_DECL=PIPELINE_SSOT=/data/data/com.termux/files/home/FREYA_ANDROID_888/00_CONTROL/REGISTRY/ANDROID_PIPELINE_SSOT/RELEASES/SSOT_R3_20260807T125138Z_PID31993/ANDROID_PIPELINE_SSOT.env
OWNERSHIP_FILE=/data/data/com.termux/files/home/FREYA_ANDROID_888/00_CONTROL/A01_ARCHITECTURE_PREFLIGHT/20260808T111332Z/ANDROID_IPHONE_MSI_NAMESPACE_CONTRACT_CANDIDATE.env|HASH=b189904cbfb311ac2079eb9ad234caec29e2e5417033258df8e374658d5981d5
OWNERSHIP_DECL=DIRECT_ANDROID_WRITE_TO_MSI_SSOT=DENIED
OWNERSHIP_DECL=GLOBAL_SSOT_OWNER=MSI
OWNERSHIP_FILE=/data/data/com.termux/files/home/FREYA_ANDROID_888/13_RUNTIME/TERMUX/runtime.env|HASH=f71b5966c30ca4db2750c9e4f66be3e7fdfb93490a64605d1622b41831d98b70
OWNERSHIP_DECL=CANONICAL_ROOT=/data/data/com.termux/files/home/FREYA_ANDROID_888
OWNERSHIP_FILE=/data/data/com.termux/files/home/FREYA_ANDROID_888/15_RUNTIME/ANDROID_COMPLETION_RELEASES/F02_20260807T161840Z_PID30627/FINAL_STATUS.env|HASH=a3ed6680b74cabac4928591d418dcbce881be591279dfaf2f87de94fae3e3011
OWNERSHIP_DECL=SSOT=PASS
OWNERSHIP_FILE=/data/data/com.termux/files/home/FREYA_ANDROID_888/15_RUNTIME/ANDROID_COMPLETION_RELEASES/F02R1_20260807T162017Z_PID31053/FINAL_STATUS.env|HASH=c3adb03bd483354fa4e20381a8325d74417149d853168541d026132dcfb8ad9a
OWNERSHIP_DECL=SSOT=PASS
OWNERSHIP_FILE=/data/data/com.termux/files/home/FREYA_ANDROID_888/05_AGENTS/FREYA_ANDROID_24H/A27_LITE_20260805T171244Z_PID778/foreground_24h_lite.sh|HASH=5c218b99bf5b3ee800d0357945ea6449cbcb2593a688bbab736f580c6e467cf8
OWNERSHIP_DECL=    printf 'SSOT_MODIFIED=NO\n'
OWNERSHIP_FILE=/data/data/com.termux/files/home/FREYA_ANDROID_888/05_AGENTS/FREYA_ANDROID_24H/A28_FOREGROUND_STATE/CURRENT.env|HASH=d93d50bd5c556011ada06264021684b68e95da98140587e2bf443be08387ee97
OWNERSHIP_DECL=SSOT_MODIFIED=NO
OWNERSHIP_FILE=/data/data/com.termux/files/home/FREYA_ANDROID_888/05_AGENTS/FREYA_ANDROID_24H/OBSIDIAN_EXPORT_RELEASES/V1_20260807T123925Z_PID27437/bin/freya_android_obsidian_export.sh|HASH=abdabf566e0cc075a29ad11230c35cf76159b0b44feea489a7d117dac987d252
OWNERSHIP_DECL=echo "SSOT_MODIFIED=NO"
OWNERSHIP_FILE=/data/data/com.termux/files/home/FREYA_ANDROID_888/05_AGENTS/FREYA_ANDROID_24H/OBSIDIAN_EXPORT_RELEASES/V1_20260807T123925Z_PID27437/state/CANARY.stdout.txt|HASH=eb6e86ffadfdf2cd0f605d59790fc85431240cdd54046d4604af21cb44f16b17
OWNERSHIP_DECL=SSOT_MODIFIED=NO

--- ANDROID_002_SUMMARY ---
CANONICAL_ROOT=/data/data/com.termux/files/home/FREYA_ANDROID_888
CANONICAL_ROOT_STATE=PASS
CLI_RUNTIME_BINDING_STATE=PASS
ACTIVE_CLI_REAL=/data/data/com.termux/files/home/FREYA_ANDROID_888/13_RUNTIME/HUMAN_GATE_COMMAND_CENTER/bin/freya
ACTIVE_FREYA_SERVICE_COUNT=1
HISTORICAL_FREYA_DIRECTORIES_ARE_SSOT_PROOF=NO
PRE_STATE=ANDROID_001_PASS_WITH_FINDINGS
ACTION=ACTIVE_POINTER_PROCESS_SERVICE_AND_WRITER_OWNERSHIP_DISCOVERY
POST_STATE=SSOT_AND_RUNTIME_OWNERSHIP_EVIDENCE_COLLECTED
ROLLBACK=NOT_REQUIRED_READ_ONLY_DISCOVERY
FINAL_STATUS=PASS_WITH_FINDINGS
NEXT=ANDROID_003_CANONICAL_REGISTRY_VALIDATION_OR_ANDROID_002R1_CONFLICT_RESOLUTION_AS_EVIDENCE_REQUIRES
