AGENT	FILE	JSON	63739	1785941415	NONE	/data/data/com.termux/files/home/FREYA_ANDROID_888/00_CONTROL/BATCHES/ANDROID_A02B1_LOGICAL_ENTRYPOINT_MAPPING_REVIEW/20260805T145015Z_PID26143/AGENT_ENTRYPOINT_FIELDS.json
AGENT	DIR	NONE	3452	1785940880	NONE	/data/data/com.termux/files/home/FREYA_ANDROID_888/00_CONTROL/BATCHES/ANDROID_A02B_18_AGENT_ENTRYPOINT_STATIC_VALIDATION
AGENT	DIR	NONE	3452	1785940880	NONE	/data/data/com.termux/files/home/FREYA_ANDROID_888/00_CONTROL/BATCHES/ANDROID_A02B_18_AGENT_ENTRYPOINT_STATIC_VALIDATION/20260805T144120Z_PID24657
AGENT	FILE	TSV	1621	1785940880	NONE	/data/data/com.termux/files/home/FREYA_ANDROID_888/00_CONTROL/BATCHES/ANDROID_A02B_18_AGENT_ENTRYPOINT_STATIC_VALIDATION/20260805T144120Z_PID24657/AGENT_ENTRYPOINT_VALIDATION.tsv
AGENT	FILE	ENV	1016	1785940880	NONE	/data/data/com.termux/files/home/FREYA_ANDROID_888/00_CONTROL/BATCHES/ANDROID_A02B_18_AGENT_ENTRYPOINT_STATIC_VALIDATION/20260805T144120Z_PID24657/CHECKPOINT_BEFORE.env
AGENT	FILE	ENV	983	1785940880	NONE	/data/data/com.termux/files/home/FREYA_ANDROID_888/00_CONTROL/BATCHES/ANDROID_A02B_18_AGENT_ENTRYPOINT_STATIC_VALIDATION/20260805T144120Z_PID24657/CLOSURE.env
AGENT	FILE	SHA256	361	1785940880	NONE	/data/data/com.termux/files/home/FREYA_ANDROID_888/00_CONTROL/BATCHES/ANDROID_A02B_18_AGENT_ENTRYPOINT_STATIC_VALIDATION/20260805T144120Z_PID24657/EVIDENCE_MANIFEST.sha256
AGENT	FILE	ENV	440	1785940880	NONE	/data/data/com.termux/files/home/FREYA_ANDROID_888/00_CONTROL/BATCHES/ANDROID_A02B_18_AGENT_ENTRYPOINT_STATIC_VALIDATION/20260805T144120Z_PID24657/STATIC_VALIDATION_DECISION.env
AGENT	DIR	NONE	3452	1785940146	NONE	/data/data/com.termux/files/home/FREYA_ANDROID_888/00_CONTROL/BATCHES/ANDROID_A02_AGENT_REGISTRY_DISCOVERY_AND_18_AGENT_VALIDATION
AGENT	DIR	NONE	3452	1785940147	NONE	/data/data/com.termux/files/home/FREYA_ANDROID_888/00_CONTROL/BATCHES/ANDROID_A02_AGENT_REGISTRY_DISCOVERY_AND_18_AGENT_VALIDATION/20260805T142906Z_PID22124
AGENT	FILE	TSV	2851	1785940147	NONE	/data/data/com.termux/files/home/FREYA_ANDROID_888/00_CONTROL/BATCHES/ANDROID_A02_AGENT_REGISTRY_DISCOVERY_AND_18_AGENT_VALIDATION/20260805T142906Z_PID22124/AGENT_REGISTRY_ANALYSIS.tsv
AGENT	FILE	ENV	680	1785940147	NONE	/data/data/com.termux/files/home/FREYA_ANDROID_888/00_CONTROL/BATCHES/ANDROID_A02_AGENT_REGISTRY_DISCOVERY_AND_18_AGENT_VALIDATION/20260805T142906Z_PID22124/CLOSURE.env
AGENT	FILE	SHA256	358	1785940147	NONE	/data/data/com.termux/files/home/FREYA_ANDROID_888/00_CONTROL/BATCHES/ANDROID_A02_AGENT_REGISTRY_DISCOVERY_AND_18_AGENT_VALIDATION/20260805T142906Z_PID22124/EVIDENCE_MANIFEST.sha256
AGENT	FILE	ENV	712	1785940147	NONE	/data/data/com.termux/files/home/FREYA_ANDROID_888/00_CONTROL/BATCHES/ANDROID_A02_AGENT_REGISTRY_DISCOVERY_AND_18_AGENT_VALIDATION/20260805T142906Z_PID22124/REGISTRY_DECISION.env
AGENT	FILE	TSV	200	1785940147	NONE	/data/data/com.termux/files/home/FREYA_ANDROID_888/00_CONTROL/BATCHES/ANDROID_A02_AGENT_REGISTRY_DISCOVERY_AND_18_AGENT_VALIDATION/20260805T142906Z_PID22124/RUNTIME_REGISTRY_REFERENCES.tsv
AGENT	FILE	JSON	2563	1785792662	NONE	/data/data/com.termux/files/home/FREYA_ANDROID_888/00_CONTROL/BATCHES/ANDROID_A04R3_APPROVED_ATOMIC_CANONICAL_REGISTRY_ACTIVATION/20260804T113311Z_PID5783/AGENT_REGISTRY.rollback.10_AGENT.json
AGENT	DIR	NONE	3452	1785842892	NONE	/data/data/com.termux/files/home/FREYA_ANDROID_888/00_CONTROL/BATCHES/ANDROID_A04_CANONICAL_18_AGENT_REGISTRY_BUILD_AND_VALIDATION
AGENT	DIR	NONE	3452	1785842892	NONE	/data/data/com.termux/files/home/FREYA_ANDROID_888/00_CONTROL/BATCHES/ANDROID_A04_CANONICAL_18_AGENT_REGISTRY_BUILD_AND_VALIDATION/20260804T112811Z_PID3599
AGENT	FILE	JSON	52561	1785842892	NONE	/data/data/com.termux/files/home/FREYA_ANDROID_888/00_CONTROL/BATCHES/ANDROID_A04_CANONICAL_18_AGENT_REGISTRY_BUILD_AND_VALIDATION/20260804T112811Z_PID3599/AGENT_REGISTRY.CANONICAL_18.CANDIDATE.json
AGENT	FILE	SHA256	465	1785842892	NONE	/data/data/com.termux/files/home/FREYA_ANDROID_888/00_CONTROL/BATCHES/ANDROID_A04_CANONICAL_18_AGENT_REGISTRY_BUILD_AND_VALIDATION/20260804T112811Z_PID3599/ARTIFACT_MANIFEST.sha256
AGENT	FILE	ENV	713	1785842892	NONE	/data/data/com.termux/files/home/FREYA_ANDROID_888/00_CONTROL/BATCHES/ANDROID_A04_CANONICAL_18_AGENT_REGISTRY_BUILD_AND_VALIDATION/20260804T112811Z_PID3599/BUILD_RECEIPT.env
AGENT	FILE	ENV	2224	1785842892	NONE	/data/data/com.termux/files/home/FREYA_ANDROID_888/00_CONTROL/BATCHES/ANDROID_A04_CANONICAL_18_AGENT_REGISTRY_BUILD_AND_VALIDATION/20260804T112811Z_PID3599/CLOSURE.env
AGENT	FILE	SHA256	634	1785842892	NONE	/data/data/com.termux/files/home/FREYA_ANDROID_888/00_CONTROL/BATCHES/ANDROID_A04_CANONICAL_18_AGENT_REGISTRY_BUILD_AND_VALIDATION/20260804T112811Z_PID3599/EVIDENCE_MANIFEST.sha256
AGENT	FILE	JSON	6607	1785842892	NONE	/data/data/com.termux/files/home/FREYA_ANDROID_888/00_CONTROL/BATCHES/ANDROID_A04_CANONICAL_18_AGENT_REGISTRY_BUILD_AND_VALIDATION/20260804T112811Z_PID3599/INDEPENDENT_VALIDATION.json
AGENT	FILE	TSV	1006	1785842892	NONE	/data/data/com.termux/files/home/FREYA_ANDROID_888/00_CONTROL/BATCHES/ANDROID_A04_CANONICAL_18_AGENT_REGISTRY_BUILD_AND_VALIDATION/20260804T112811Z_PID3599/STATIC_TEST_LEDGER.tsv
AGENT	FILE	TSV	5641	1785792448	NONE	/data/data/com.termux/files/home/FREYA_ANDROID_888/00_CONTROL/BATCHES/ANDROID_A10R0_READ_ONLY_RUNTIME_DISCOVERY/20260803T212727Z/AGENT_CANDIDATES.tsv
AGENT	DIR	NONE	3452	1785792662	NONE	/data/data/com.termux/files/home/FREYA_ANDROID_888/00_CONTROL/BATCHES/ANDROID_A10R1_CANONICAL_RUNNER_BUILD_AND_READY_AGENT_CONSOLIDATION
AGENT	DIR	NONE	3452	1785792662	NONE	/data/data/com.termux/files/home/FREYA_ANDROID_888/00_CONTROL/BATCHES/ANDROID_A10R1_CANONICAL_RUNNER_BUILD_AND_READY_AGENT_CONSOLIDATION/20260803T213102Z
AGENT	FILE	TSV	740	1785792662	NONE	/data/data/com.termux/files/home/FREYA_ANDROID_888/00_CONTROL/BATCHES/ANDROID_A10R1_CANONICAL_RUNNER_BUILD_AND_READY_AGENT_CONSOLIDATION/20260803T213102Z/AGENT_CONSOLIDATION.tsv
AGENT	FILE	ENV	540	1785792662	NONE	/data/data/com.termux/files/home/FREYA_ANDROID_888/00_CONTROL/BATCHES/ANDROID_A10R1_CANONICAL_RUNNER_BUILD_AND_READY_AGENT_CONSOLIDATION/20260803T213102Z/CLOSURE.env
AGENT	FILE	SHA256	681	1785792662	NONE	/data/data/com.termux/files/home/FREYA_ANDROID_888/00_CONTROL/BATCHES/ANDROID_A10R1_CANONICAL_RUNNER_BUILD_AND_READY_AGENT_CONSOLIDATION/20260803T213102Z/EVIDENCE_MANIFEST.sha256
AGENT	FILE	ENV	1036	1785792662	NONE	/data/data/com.termux/files/home/FREYA_ANDROID_888/00_CONTROL/BATCHES/ANDROID_A10R1_CANONICAL_RUNNER_BUILD_AND_READY_AGENT_CONSOLIDATION/20260803T213102Z/INSTALLATION.env
AGENT	FILE	JSON	3	1785792662	NONE	/data/data/com.termux/files/home/FREYA_ANDROID_888/00_CONTROL/BATCHES/ANDROID_A10R1_CANONICAL_RUNNER_BUILD_AND_READY_AGENT_CONSOLIDATION/20260803T213102Z/INSTALL_CONFLICTS.json
AGENT	FILE	JSON	11816	1785792662	NONE	/data/data/com.termux/files/home/FREYA_ANDROID_888/00_CONTROL/BATCHES/ANDROID_A10R1_CANONICAL_RUNNER_BUILD_AND_READY_AGENT_CONSOLIDATION/20260803T213102Z/RUNTIME_SELF_TEST.json
AGENT	FILE	TXT	0	1785792662	NONE	/data/data/com.termux/files/home/FREYA_ANDROID_888/00_CONTROL/BATCHES/ANDROID_A10R1_CANONICAL_RUNNER_BUILD_AND_READY_AGENT_CONSOLIDATION/20260803T213102Z/SELF_TEST_STDERR.txt
AGENT	FILE	TXT	10274	1785792662	NONE	/data/data/com.termux/files/home/FREYA_ANDROID_888/00_CONTROL/BATCHES/ANDROID_A10R1_CANONICAL_RUNNER_BUILD_AND_READY_AGENT_CONSOLIDATION/20260803T213102Z/SELF_TEST_STDOUT.txt
AGENT	FILE	ENV	469	1785792662	NONE	/data/data/com.termux/files/home/FREYA_ANDROID_888/00_CONTROL/BATCHES/ANDROID_A10R1_CANONICAL_RUNNER_BUILD_AND_READY_AGENT_CONSOLIDATION/20260803T213102Z/SUMMARY.env
AGENT	FILE	JSON	281	1785793879	NONE	/data/data/com.termux/files/home/FREYA_ANDROID_888/00_CONTROL/BATCHES/ANDROID_A10R1_FORENSIC_CLOSURE_REVIEW/20260803T215119Z_PID27263/AGENT_CONSOLIDATION_REVIEW.json
AGENT	DIR	NONE	3452	1785794647	NONE	/data/data/com.termux/files/home/FREYA_ANDROID_888/00_CONTROL/BATCHES/ANDROID_A11R2_SCHEMA_AWARE_AGENT_REGISTRY_VALIDATION
AGENT	DIR	NONE	3452	1785794647	NONE	/data/data/com.termux/files/home/FREYA_ANDROID_888/00_CONTROL/BATCHES/ANDROID_A11R2_SCHEMA_AWARE_AGENT_REGISTRY_VALIDATION/20260803T220407Z_PID31853
AGENT	FILE	ENV	950	1785794647	NONE	/data/data/com.termux/files/home/FREYA_ANDROID_888/00_CONTROL/BATCHES/ANDROID_A11R2_SCHEMA_AWARE_AGENT_REGISTRY_VALIDATION/20260803T220407Z_PID31853/CLOSURE.env
AGENT	FILE	SHA256	255	1785794647	NONE	/data/data/com.termux/files/home/FREYA_ANDROID_888/00_CONTROL/BATCHES/ANDROID_A11R2_SCHEMA_AWARE_AGENT_REGISTRY_VALIDATION/20260803T220407Z_PID31853/EVIDENCE_MANIFEST.sha256
AGENT	FILE	JSON	170	1785794647	NONE	/data/data/com.termux/files/home/FREYA_ANDROID_888/00_CONTROL/BATCHES/ANDROID_A11R2_SCHEMA_AWARE_AGENT_REGISTRY_VALIDATION/20260803T220407Z_PID31853/FINDINGS.json
AGENT	FILE	ENV	256	1785794647	NONE	/data/data/com.termux/files/home/FREYA_ANDROID_888/00_CONTROL/BATCHES/ANDROID_A11R2_SCHEMA_AWARE_AGENT_REGISTRY_VALIDATION/20260803T220407Z_PID31853/PREFLIGHT.env
AGENT	FILE	JSON	9504	1785794647	NONE	/data/data/com.termux/files/home/FREYA_ANDROID_888/00_CONTROL/BATCHES/ANDROID_A11R2_SCHEMA_AWARE_AGENT_REGISTRY_VALIDATION/20260803T220407Z_PID31853/SCHEMA_AWARE_VALIDATION.json
AGENT	DIR	NONE	3452	1785794828	NONE	/data/data/com.termux/files/home/FREYA_ANDROID_888/00_CONTROL/BATCHES/ANDROID_A11R3_TARGET_AGENT_REGISTRY_BUILD_PLAN
AGENT	DIR	NONE	3452	1785794828	NONE	/data/data/com.termux/files/home/FREYA_ANDROID_888/00_CONTROL/BATCHES/ANDROID_A11R3_TARGET_AGENT_REGISTRY_BUILD_PLAN/20260803T220708Z_PID32297
AGENT	FILE	JSON	442	1785794828	NONE	/data/data/com.termux/files/home/FREYA_ANDROID_888/00_CONTROL/BATCHES/ANDROID_A11R3_TARGET_AGENT_REGISTRY_BUILD_PLAN/20260803T220708Z_PID32297/CANDIDATE_VALIDATION.json
AGENT	FILE	ENV	1079	1785794828	NONE	/data/data/com.termux/files/home/FREYA_ANDROID_888/00_CONTROL/BATCHES/ANDROID_A11R3_TARGET_AGENT_REGISTRY_BUILD_PLAN/20260803T220708Z_PID32297/CLOSURE.env
AGENT	FILE	SHA256	456	1785794828	NONE	/data/data/com.termux/files/home/FREYA_ANDROID_888/00_CONTROL/BATCHES/ANDROID_A11R3_TARGET_AGENT_REGISTRY_BUILD_PLAN/20260803T220708Z_PID32297/EVIDENCE_MANIFEST.sha256
AGENT	FILE	JSON	90	1785794828	NONE	/data/data/com.termux/files/home/FREYA_ANDROID_888/00_CONTROL/BATCHES/ANDROID_A11R3_TARGET_AGENT_REGISTRY_BUILD_PLAN/20260803T220708Z_PID32297/FINDINGS.json
AGENT	FILE	TSV	913	1785794828	NONE	/data/data/com.termux/files/home/FREYA_ANDROID_888/00_CONTROL/BATCHES/ANDROID_A11R3_TARGET_AGENT_REGISTRY_BUILD_PLAN/20260803T220708Z_PID32297/LEGACY_TO_TARGET_AGENT_MAPPING.tsv
AGENT	FILE	ENV	261	1785794828	NONE	/data/data/com.termux/files/home/FREYA_ANDROID_888/00_CONTROL/BATCHES/ANDROID_A11R3_TARGET_AGENT_REGISTRY_BUILD_PLAN/20260803T220708Z_PID32297/PREFLIGHT.env
AGENT	FILE	JSON	24830	1785794828	NONE	/data/data/com.termux/files/home/FREYA_ANDROID_888/00_CONTROL/BATCHES/ANDROID_A11R3_TARGET_AGENT_REGISTRY_BUILD_PLAN/20260803T220708Z_PID32297/TARGET_AGENT_REGISTRY_CANDIDATE.json
AGENT	DIR	NONE	3452	1785794513	NONE	/data/data/com.termux/files/home/FREYA_ANDROID_888/00_CONTROL/BATCHES/ANDROID_A11_AGENT_REGISTRY_AND_STATE_MACHINE_VALIDATION
AGENT	DIR	NONE	3452	1785794513	NONE	/data/data/com.termux/files/home/FREYA_ANDROID_888/00_CONTROL/BATCHES/ANDROID_A11_AGENT_REGISTRY_AND_STATE_MACHINE_VALIDATION/20260803T220153Z_PID31247
AGENT	FILE	JSON	212	1785794513	NONE	/data/data/com.termux/files/home/FREYA_ANDROID_888/00_CONTROL/BATCHES/ANDROID_A11_AGENT_REGISTRY_AND_STATE_MACHINE_VALIDATION/20260803T220153Z_PID31247/A10R2_CHAIN.json
AGENT	FILE	JSON	1090	1785794513	NONE	/data/data/com.termux/files/home/FREYA_ANDROID_888/00_CONTROL/BATCHES/ANDROID_A11_AGENT_REGISTRY_AND_STATE_MACHINE_VALIDATION/20260803T220153Z_PID31247/A11_LIGHTWEIGHT_VALIDATION.json
AGENT	FILE	JSON	1391	1785794513	NONE	/data/data/com.termux/files/home/FREYA_ANDROID_888/00_CONTROL/BATCHES/ANDROID_A11_AGENT_REGISTRY_AND_STATE_MACHINE_VALIDATION/20260803T220153Z_PID31247/CANONICAL_HASHES.json
AGENT	FILE	ENV	951	1785794513	NONE	/data/data/com.termux/files/home/FREYA_ANDROID_888/00_CONTROL/BATCHES/ANDROID_A11_AGENT_REGISTRY_AND_STATE_MACHINE_VALIDATION/20260803T220153Z_PID31247/CLOSURE.env
AGENT	FILE	SHA256	429	1785794513	NONE	/data/data/com.termux/files/home/FREYA_ANDROID_888/00_CONTROL/BATCHES/ANDROID_A11_AGENT_REGISTRY_AND_STATE_MACHINE_VALIDATION/20260803T220153Z_PID31247/EVIDENCE_MANIFEST.sha256
AGENT	FILE	JSON	140	1785794513	NONE	/data/data/com.termux/files/home/FREYA_ANDROID_888/00_CONTROL/BATCHES/ANDROID_A11_AGENT_REGISTRY_AND_STATE_MACHINE_VALIDATION/20260803T220153Z_PID31247/FINDINGS.json
AGENT	FILE	ENV	322	1785794513	NONE	/data/data/com.termux/files/home/FREYA_ANDROID_888/00_CONTROL/BATCHES/ANDROID_A11_AGENT_REGISTRY_AND_STATE_MACHINE_VALIDATION/20260803T220153Z_PID31247/PREFLIGHT.env
AGENT	FILE	JSON	2563	1785792662	NONE	/data/data/com.termux/files/home/FREYA_ANDROID_888/00_CONTROL/BATCHES/ANDROID_ACT04_ATOMIC_CANONICAL_REGISTRY_ACTIVATION/20260803T222836Z_PID31006/AGENT_REGISTRY.rollback.json
AGENT	FILE	TSV	3404845	1785770780	NONE	/data/data/com.termux/files/home/FREYA_ANDROID_888/00_CONTROL/BATCHES/ANDROID_B23_CANONICAL_REFERENCE_REVIEW/ANDROID_B23_CANONICAL_REFERENCE_REVIEW_20260803T152619Z/AGENT_REFERENCES.tsv
AGENT	FILE	TSV	16141146	1785771172	NONE	/data/data/com.termux/files/home/FREYA_ANDROID_888/00_CONTROL/BATCHES/ANDROID_B26_REPAIR_QUEUE_CLASSIFICATION/ANDROID_B26_REPAIR_QUEUE_CLASSIFICATION_20260803T153250Z/AGENT_USAGE.tsv
AGENT	DIR	NONE	3452	1785769285	NONE	/data/data/com.termux/files/home/FREYA_ANDROID_888/00_CONTROL/BATCHES/ANDROID_C02_AI_AGENT_INVENTORY
AGENT	DIR	NONE	3452	1785769292	NONE	/data/data/com.termux/files/home/FREYA_ANDROID_888/00_CONTROL/BATCHES/ANDROID_C02_AI_AGENT_INVENTORY/ANDROID_C02_AI_AGENT_INVENTORY_20260803T150125Z
AGENT	FILE	TXT	131402	1785769292	NONE	/data/data/com.termux/files/home/FREYA_ANDROID_888/00_CONTROL/BATCHES/ANDROID_C02_AI_AGENT_INVENTORY/ANDROID_C02_AI_AGENT_INVENTORY_20260803T150125Z/AI_AGENT_FORENSIC_REVIEW.txt
AGENT	FILE	TXT	16465	1785769285	NONE	/data/data/com.termux/files/home/FREYA_ANDROID_888/00_CONTROL/BATCHES/ANDROID_C02_AI_AGENT_INVENTORY/ANDROID_C02_AI_AGENT_INVENTORY_20260803T150125Z/EXECUTABLES.txt
AGENT	FILE	TXT	128	1785769292	NONE	/data/data/com.termux/files/home/FREYA_ANDROID_888/00_CONTROL/BATCHES/ANDROID_C02_AI_AGENT_INVENTORY/ANDROID_C02_AI_AGENT_INVENTORY_20260803T150125Z/REPORT.txt
AGENT	DIR	NONE	3452	1785769413	NONE	/data/data/com.termux/files/home/FREYA_ANDROID_888/00_CONTROL/BATCHES/ANDROID_C03_AGENT_CLASSIFICATION
AGENT	DIR	NONE	3452	1785769413	NONE	/data/data/com.termux/files/home/FREYA_ANDROID_888/00_CONTROL/BATCHES/ANDROID_C03_AGENT_CLASSIFICATION/ANDROID_C03_AGENT_CLASSIFICATION_20260803T150333Z
AGENT	FILE	TXT	26701	1785769413	NONE	/data/data/com.termux/files/home/FREYA_ANDROID_888/00_CONTROL/BATCHES/ANDROID_C03_AGENT_CLASSIFICATION/ANDROID_C03_AGENT_CLASSIFICATION_20260803T150333Z/CLASSIFICATION.txt
AGENT	FILE	TXT	74	1785769413	NONE	/data/data/com.termux/files/home/FREYA_ANDROID_888/00_CONTROL/BATCHES/ANDROID_C03_AGENT_CLASSIFICATION/ANDROID_C03_AGENT_CLASSIFICATION_20260803T150333Z/REPORT.txt
AGENT	DIR	NONE	3452	1785766673	NONE	/data/data/com.termux/files/home/FREYA_ANDROID_888/00_CONTROL/BATCHES/ANDROID_C05_AI_AGENT_DISCOVERY
AGENT	DIR	NONE	3452	1785766673	NONE	/data/data/com.termux/files/home/FREYA_ANDROID_888/00_CONTROL/BATCHES/ANDROID_C05_AI_AGENT_DISCOVERY/ANDROID_C05_AI_AGENT_DISCOVERY_20260803T141753Z
AGENT	FILE	TXT	55591	1785766674	NONE	/data/data/com.termux/files/home/FREYA_ANDROID_888/00_CONTROL/BATCHES/ANDROID_C05_AI_AGENT_DISCOVERY/ANDROID_C05_AI_AGENT_DISCOVERY_20260803T141753Z/AI_DISCOVERY_REPORT.txt
AGENT	FILE	TXT	10123	1785766673	NONE	/data/data/com.termux/files/home/FREYA_ANDROID_888/00_CONTROL/BATCHES/ANDROID_C05_AI_AGENT_DISCOVERY/ANDROID_C05_AI_AGENT_DISCOVERY_20260803T141753Z/PYTHON_FILES.txt
AGENT	DIR	NONE	3452	1785766788	NONE	/data/data/com.termux/files/home/FREYA_ANDROID_888/00_CONTROL/BATCHES/ANDROID_C06_CANONICAL_AGENT_LOCATION_MAP
AGENT	DIR	NONE	3452	1785766788	NONE	/data/data/com.termux/files/home/FREYA_ANDROID_888/00_CONTROL/BATCHES/ANDROID_C06_CANONICAL_AGENT_LOCATION_MAP/ANDROID_C06_CANONICAL_AGENT_LOCATION_MAP_20260803T141948Z
AGENT	FILE	TXT	1932	1785766788	NONE	/data/data/com.termux/files/home/FREYA_ANDROID_888/00_CONTROL/BATCHES/ANDROID_C06_CANONICAL_AGENT_LOCATION_MAP/ANDROID_C06_CANONICAL_AGENT_LOCATION_MAP_20260803T141948Z/CANDIDATES.txt
AGENT	FILE	TXT	3994	1785766789	NONE	/data/data/com.termux/files/home/FREYA_ANDROID_888/00_CONTROL/BATCHES/ANDROID_C06_CANONICAL_AGENT_LOCATION_MAP/ANDROID_C06_CANONICAL_AGENT_LOCATION_MAP_20260803T141948Z/CANONICAL_LOCATION_MAP.txt
AGENT	DIR	NONE	3452	1785798469	NONE	/data/data/com.termux/files/home/FREYA_ANDROID_888/00_CONTROL/BATCHES/ANDROID_R01_ACCEPT_A01R1_FREEZE_STATE_AND_SUPERSEDE_12_AGENT_CANDIDATE
AGENT	DIR	NONE	3452	1785798470	NONE	/data/data/com.termux/files/home/FREYA_ANDROID_888/00_CONTROL/BATCHES/ANDROID_R01_ACCEPT_A01R1_FREEZE_STATE_AND_SUPERSEDE_12_AGENT_CANDIDATE/20260803T230749Z_PID16728
AGENT	FILE	TXT	212	1785798469	NONE	/data/data/com.termux/files/home/FREYA_ANDROID_888/00_CONTROL/BATCHES/ANDROID_R01_ACCEPT_A01R1_FREEZE_STATE_AND_SUPERSEDE_12_AGENT_CANDIDATE/20260803T230749Z_PID16728/A01R1_MANIFEST_CONTENT_CHECK.txt
AGENT	FILE	ENV	587	1785798470	NONE	/data/data/com.termux/files/home/FREYA_ANDROID_888/00_CONTROL/BATCHES/ANDROID_R01_ACCEPT_A01R1_FREEZE_STATE_AND_SUPERSEDE_12_AGENT_CANDIDATE/20260803T230749Z_PID16728/CLOSURE.env
AGENT	FILE	SHA256	1266	1785798470	NONE	/data/data/com.termux/files/home/FREYA_ANDROID_888/00_CONTROL/BATCHES/ANDROID_R01_ACCEPT_A01R1_FREEZE_STATE_AND_SUPERSEDE_12_AGENT_CANDIDATE/20260803T230749Z_PID16728/EVIDENCE_MANIFEST.sha256
AGENT	FILE	TSV	2085	1785798470	NONE	/data/data/com.termux/files/home/FREYA_ANDROID_888/00_CONTROL/BATCHES/ANDROID_R01_ACCEPT_A01R1_FREEZE_STATE_AND_SUPERSEDE_12_AGENT_CANDIDATE/20260803T230749Z_PID16728/INPUT_HASH_VERIFICATION.tsv
AGENT	FILE	TXT	0	1785798469	NONE	/data/data/com.termux/files/home/FREYA_ANDROID_888/00_CONTROL/BATCHES/ANDROID_R01_ACCEPT_A01R1_FREEZE_STATE_AND_SUPERSEDE_12_AGENT_CANDIDATE/20260803T230749Z_PID16728/PROHIBITED_PROCESSES.txt
AGENT	FILE	ENV	829	1785798470	NONE	/data/data/com.termux/files/home/FREYA_ANDROID_888/00_CONTROL/BATCHES/ANDROID_R01_ACCEPT_A01R1_FREEZE_STATE_AND_SUPERSEDE_12_AGENT_CANDIDATE/20260803T230749Z_PID16728/REPAIR_CHECKPOINT.env
AGENT	FILE	ENV	182	1785798470	NONE	/data/data/com.termux/files/home/FREYA_ANDROID_888/00_CONTROL/BATCHES/ANDROID_R01_ACCEPT_A01R1_FREEZE_STATE_AND_SUPERSEDE_12_AGENT_CANDIDATE/20260803T230749Z_PID16728/RUNTIME_LOCK_VERIFICATION.env
AGENT	FILE	TSV	384	1785798469	NONE	/data/data/com.termux/files/home/FREYA_ANDROID_888/00_CONTROL/BATCHES/ANDROID_R01_ACCEPT_A01R1_FREEZE_STATE_AND_SUPERSEDE_12_AGENT_CANDIDATE/20260803T230749Z_PID16728/SERVICE_STATUS.tsv
AGENT	FILE	ENV	161	1785798470	NONE	/data/data/com.termux/files/home/FREYA_ANDROID_888/00_CONTROL/BATCHES/ANDROID_R01_ACCEPT_A01R1_FREEZE_STATE_AND_SUPERSEDE_12_AGENT_CANDIDATE/20260803T230749Z_PID16728/SOCKET_VERIFICATION.env
AGENT	FILE	TXT	46	1785798469	NONE	/data/data/com.termux/files/home/FREYA_ANDROID_888/00_CONTROL/BATCHES/ANDROID_R01_ACCEPT_A01R1_FREEZE_STATE_AND_SUPERSEDE_12_AGENT_CANDIDATE/20260803T230749Z_PID16728/SS_TCP_STDERR.txt
AGENT	FILE	TXT	0	1785798469	NONE	/data/data/com.termux/files/home/FREYA_ANDROID_888/00_CONTROL/BATCHES/ANDROID_R01_ACCEPT_A01R1_FREEZE_STATE_AND_SUPERSEDE_12_AGENT_CANDIDATE/20260803T230749Z_PID16728/SS_TCP_STDOUT.txt
AGENT	FILE	TXT	46	1785798469	NONE	/data/data/com.termux/files/home/FREYA_ANDROID_888/00_CONTROL/BATCHES/ANDROID_R01_ACCEPT_A01R1_FREEZE_STATE_AND_SUPERSEDE_12_AGENT_CANDIDATE/20260803T230749Z_PID16728/SS_UDP_STDERR.txt
AGENT	FILE	TXT	0	1785798469	NONE	/data/data/com.termux/files/home/FREYA_ANDROID_888/00_CONTROL/BATCHES/ANDROID_R01_ACCEPT_A01R1_FREEZE_STATE_AND_SUPERSEDE_12_AGENT_CANDIDATE/20260803T230749Z_PID16728/SS_UDP_STDOUT.txt
AGENT	FILE	TXT	0	1785798469	NONE	/data/data/com.termux/files/home/FREYA_ANDROID_888/00_CONTROL/BATCHES/ANDROID_R01_ACCEPT_A01R1_FREEZE_STATE_AND_SUPERSEDE_12_AGENT_CANDIDATE/20260803T230749Z_PID16728/SS_UNEXPECTED_STDERR.txt
AGENT	FILE	ENV	1280	1785798470	NONE	/data/data/com.termux/files/home/FREYA_ANDROID_888/00_CONTROL/BATCHES/ANDROID_R01_ACCEPT_A01R1_FREEZE_STATE_AND_SUPERSEDE_12_AGENT_CANDIDATE/20260803T230749Z_PID16728/SUPERSESSION_RECORD.env
AGENT	DIR	NONE	3452	1785799821	NONE	/data/data/com.termux/files/home/FREYA_ANDROID_888/00_CONTROL/BATCHES/ANDROID_R04_NEW_18_AGENT_REGISTRY_CANDIDATE_BUILD
AGENT	DIR	NONE	3452	1785799822	NONE	/data/data/com.termux/files/home/FREYA_ANDROID_888/00_CONTROL/BATCHES/ANDROID_R04_NEW_18_AGENT_REGISTRY_CANDIDATE_BUILD/20260803T233021Z_PID22239
AGENT	FILE	JSON	15499	1785799822	NONE	/data/data/com.termux/files/home/FREYA_ANDROID_888/00_CONTROL/BATCHES/ANDROID_R04_NEW_18_AGENT_REGISTRY_CANDIDATE_BUILD/20260803T233021Z_PID22239/AGENT_REGISTRY.R04.18_AGENT_CANDIDATE.json
AGENT	FILE	ENV	1228	1785799822	NONE	/data/data/com.termux/files/home/FREYA_ANDROID_888/00_CONTROL/BATCHES/ANDROID_R04_NEW_18_AGENT_REGISTRY_CANDIDATE_BUILD/20260803T233021Z_PID22239/CLOSURE.env
AGENT	FILE	SHA256	671	1785799822	NONE	/data/data/com.termux/files/home/FREYA_ANDROID_888/00_CONTROL/BATCHES/ANDROID_R04_NEW_18_AGENT_REGISTRY_CANDIDATE_BUILD/20260803T233021Z_PID22239/EVIDENCE_MANIFEST.sha256
AGENT	FILE	TXT	12	1785799822	NONE	/data/data/com.termux/files/home/FREYA_ANDROID_888/00_CONTROL/BATCHES/ANDROID_R04_NEW_18_AGENT_REGISTRY_CANDIDATE_BUILD/20260803T233021Z_PID22239/R03_CHAIN_OF_CUSTODY_CHECK.txt
AGENT	FILE	ENV	1318	1785799822	NONE	/data/data/com.termux/files/home/FREYA_ANDROID_888/00_CONTROL/BATCHES/ANDROID_R04_NEW_18_AGENT_REGISTRY_CANDIDATE_BUILD/20260803T233021Z_PID22239/R04_CANONICAL_ACTIVATION_APPROVAL_SCOPE.env
AGENT	FILE	TSV	1481	1785799822	NONE	/data/data/com.termux/files/home/FREYA_ANDROID_888/00_CONTROL/BATCHES/ANDROID_R04_NEW_18_AGENT_REGISTRY_CANDIDATE_BUILD/20260803T233021Z_PID22239/R04_LEGACY_TO_NEW_MAPPING.tsv
AGENT	FILE	JSON	291	1785799822	NONE	/data/data/com.termux/files/home/FREYA_ANDROID_888/00_CONTROL/BATCHES/ANDROID_R04_NEW_18_AGENT_REGISTRY_CANDIDATE_BUILD/20260803T233021Z_PID22239/R04_SCHEMA_VALIDATION.json
AGENT	FILE	ENV	977	1785799822	NONE	/data/data/com.termux/files/home/FREYA_ANDROID_888/00_CONTROL/BATCHES/ANDROID_R04_NEW_18_AGENT_REGISTRY_CANDIDATE_BUILD/20260803T233021Z_PID22239/REPAIR_CHECKPOINT.env
AGENT	FILE	TSV	1048	1785942637	NONE	/data/data/com.termux/files/home/FREYA_ANDROID_888/00_CONTROL/BATCHES_ACTIVE/A15R2_20260805T151037Z_PID4914/AGENT_SCHEMA.tsv
AGENT	FILE	TSV	1917	1785943128	NONE	/data/data/com.termux/files/home/FREYA_ANDROID_888/00_CONTROL/BATCHES_ACTIVE/A15R5_20260805T151848Z_PID7977/AGENT_BINDING_REQUIREMENTS.tsv
AGENT	FILE	TSV	5263	1785943564	NONE	/data/data/com.termux/files/home/FREYA_ANDROID_888/00_CONTROL/BATCHES_ACTIVE/A15R6_20260805T152604Z_PID9332/AGENT_BINDING_MATRIX.tsv
AGENT	FILE	JSON	465	1785944155	NONE	/data/data/com.termux/files/home/FREYA_ANDROID_888/00_CONTROL/BATCHES_ACTIVE/A17_20260805T153554Z_PID11090/SERIAL_RECEIPTS/01_ORCHESTRATOR_AGENT.json
AGENT	FILE	TXT	0	1785944155	NONE	/data/data/com.termux/files/home/FREYA_ANDROID_888/00_CONTROL/BATCHES_ACTIVE/A17_20260805T153554Z_PID11090/SERIAL_RECEIPTS/01_ORCHESTRATOR_AGENT.stderr.txt
AGENT	FILE	JSON	462	1785944155	NONE	/data/data/com.termux/files/home/FREYA_ANDROID_888/00_CONTROL/BATCHES_ACTIVE/A17_20260805T153554Z_PID11090/SERIAL_RECEIPTS/02_DISCOVERY_AGENT.json
AGENT	FILE	TXT	0	1785944155	NONE	/data/data/com.termux/files/home/FREYA_ANDROID_888/00_CONTROL/BATCHES_ACTIVE/A17_20260805T153554Z_PID11090/SERIAL_RECEIPTS/02_DISCOVERY_AGENT.stderr.txt
AGENT	FILE	JSON	459	1785944155	NONE	/data/data/com.termux/files/home/FREYA_ANDROID_888/00_CONTROL/BATCHES_ACTIVE/A17_20260805T153554Z_PID11090/SERIAL_RECEIPTS/03_INTAKE_AGENT.json
AGENT	FILE	TXT	0	1785944155	NONE	/data/data/com.termux/files/home/FREYA_ANDROID_888/00_CONTROL/BATCHES_ACTIVE/A17_20260805T153554Z_PID11090/SERIAL_RECEIPTS/03_INTAKE_AGENT.stderr.txt
AGENT	FILE	JSON	471	1785944155	NONE	/data/data/com.termux/files/home/FREYA_ANDROID_888/00_CONTROL/BATCHES_ACTIVE/A17_20260805T153554Z_PID11090/SERIAL_RECEIPTS/04_HASH_AND_INTEGRITY_AGENT.json
AGENT	FILE	TXT	0	1785944155	NONE	/data/data/com.termux/files/home/FREYA_ANDROID_888/00_CONTROL/BATCHES_ACTIVE/A17_20260805T153554Z_PID11090/SERIAL_RECEIPTS/04_HASH_AND_INTEGRITY_AGENT.stderr.txt
AGENT	FILE	JSON	461	1785944155	NONE	/data/data/com.termux/files/home/FREYA_ANDROID_888/00_CONTROL/BATCHES_ACTIVE/A17_20260805T153554Z_PID11090/SERIAL_RECEIPTS/05_METADATA_AGENT.json
AGENT	FILE	TXT	0	1785944155	NONE	/data/data/com.termux/files/home/FREYA_ANDROID_888/00_CONTROL/BATCHES_ACTIVE/A17_20260805T153554Z_PID11090/SERIAL_RECEIPTS/05_METADATA_AGENT.stderr.txt
AGENT	FILE	JSON	467	1785944155	NONE	/data/data/com.termux/files/home/FREYA_ANDROID_888/00_CONTROL/BATCHES_ACTIVE/A17_20260805T153554Z_PID11090/SERIAL_RECEIPTS/06_CLASSIFICATION_AGENT.json
AGENT	FILE	TXT	0	1785944155	NONE	/data/data/com.termux/files/home/FREYA_ANDROID_888/00_CONTROL/BATCHES_ACTIVE/A17_20260805T153554Z_PID11090/SERIAL_RECEIPTS/06_CLASSIFICATION_AGENT.stderr.txt
AGENT	FILE	JSON	468	1785944156	NONE	/data/data/com.termux/files/home/FREYA_ANDROID_888/00_CONTROL/BATCHES_ACTIVE/A17_20260805T153554Z_PID11090/SERIAL_RECEIPTS/07_OCR_PREPARATION_AGENT.json
AGENT	FILE	TXT	0	1785944156	NONE	/data/data/com.termux/files/home/FREYA_ANDROID_888/00_CONTROL/BATCHES_ACTIVE/A17_20260805T153554Z_PID11090/SERIAL_RECEIPTS/07_OCR_PREPARATION_AGENT.stderr.txt
AGENT	FILE	JSON	462	1785944156	NONE	/data/data/com.termux/files/home/FREYA_ANDROID_888/00_CONTROL/BATCHES_ACTIVE/A17_20260805T153554Z_PID11090/SERIAL_RECEIPTS/08_DUPLICATE_AGENT.json
AGENT	FILE	TXT	0	1785944156	NONE	/data/data/com.termux/files/home/FREYA_ANDROID_888/00_CONTROL/BATCHES_ACTIVE/A17_20260805T153554Z_PID11090/SERIAL_RECEIPTS/08_DUPLICATE_AGENT.stderr.txt
AGENT	FILE	JSON	469	1785944156	NONE	/data/data/com.termux/files/home/FREYA_ANDROID_888/00_CONTROL/BATCHES_ACTIVE/A17_20260805T153554Z_PID11090/SERIAL_RECEIPTS/09_PRIVACY_AND_RISK_AGENT.json
AGENT	FILE	TXT	0	1785944156	NONE	/data/data/com.termux/files/home/FREYA_ANDROID_888/00_CONTROL/BATCHES_ACTIVE/A17_20260805T153554Z_PID11090/SERIAL_RECEIPTS/09_PRIVACY_AND_RISK_AGENT.stderr.txt
AGENT	FILE	JSON	466	1785944156	NONE	/data/data/com.termux/files/home/FREYA_ANDROID_888/00_CONTROL/BATCHES_ACTIVE/A17_20260805T153554Z_PID11090/SERIAL_RECEIPTS/10_POLICY_ENGINE_AGENT.json
AGENT	FILE	TXT	0	1785944156	NONE	/data/data/com.termux/files/home/FREYA_ANDROID_888/00_CONTROL/BATCHES_ACTIVE/A17_20260805T153554Z_PID11090/SERIAL_RECEIPTS/10_POLICY_ENGINE_AGENT.stderr.txt
AGENT	FILE	JSON	466	1785944156	NONE	/data/data/com.termux/files/home/FREYA_ANDROID_888/00_CONTROL/BATCHES_ACTIVE/A17_20260805T153554Z_PID11090/SERIAL_RECEIPTS/11_QUEUE_MANAGER_AGENT.json
AGENT	FILE	TXT	0	1785944156	NONE	/data/data/com.termux/files/home/FREYA_ANDROID_888/00_CONTROL/BATCHES_ACTIVE/A17_20260805T153554Z_PID11090/SERIAL_RECEIPTS/11_QUEUE_MANAGER_AGENT.stderr.txt
AGENT	FILE	JSON	468	1785944156	NONE	/data/data/com.termux/files/home/FREYA_ANDROID_888/00_CONTROL/BATCHES_ACTIVE/A17_20260805T153554Z_PID11090/SERIAL_RECEIPTS/12_PACKAGE_BUILDER_AGENT.json
AGENT	FILE	TXT	0	1785944156	NONE	/data/data/com.termux/files/home/FREYA_ANDROID_888/00_CONTROL/BATCHES_ACTIVE/A17_20260805T153554Z_PID11090/SERIAL_RECEIPTS/12_PACKAGE_BUILDER_AGENT.stderr.txt
AGENT	FILE	JSON	463	1785944156	NONE	/data/data/com.termux/files/home/FREYA_ANDROID_888/00_CONTROL/BATCHES_ACTIVE/A17_20260805T153554Z_PID11090/SERIAL_RECEIPTS/13_VALIDATION_AGENT.json
AGENT	FILE	TXT	0	1785944156	NONE	/data/data/com.termux/files/home/FREYA_ANDROID_888/00_CONTROL/BATCHES_ACTIVE/A17_20260805T153554Z_PID11090/SERIAL_RECEIPTS/13_VALIDATION_AGENT.stderr.txt
AGENT	FILE	JSON	461	1785944157	NONE	/data/data/com.termux/files/home/FREYA_ANDROID_888/00_CONTROL/BATCHES_ACTIVE/A17_20260805T153554Z_PID11090/SERIAL_RECEIPTS/14_EVIDENCE_AGENT.json
AGENT	FILE	TXT	0	1785944157	NONE	/data/data/com.termux/files/home/FREYA_ANDROID_888/00_CONTROL/BATCHES_ACTIVE/A17_20260805T153554Z_PID11090/SERIAL_RECEIPTS/14_EVIDENCE_AGENT.stderr.txt
AGENT	FILE	JSON	474	1785944157	NONE	/data/data/com.termux/files/home/FREYA_ANDROID_888/00_CONTROL/BATCHES_ACTIVE/A17_20260805T153554Z_PID11090/SERIAL_RECEIPTS/15_MSI_RELAY_PREPARATION_AGENT.json
AGENT	FILE	TXT	0	1785944157	NONE	/data/data/com.termux/files/home/FREYA_ANDROID_888/00_CONTROL/BATCHES_ACTIVE/A17_20260805T153554Z_PID11090/SERIAL_RECEIPTS/15_MSI_RELAY_PREPARATION_AGENT.stderr.txt
AGENT	FILE	JSON	466	1785944157	NONE	/data/data/com.termux/files/home/FREYA_ANDROID_888/00_CONTROL/BATCHES_ACTIVE/A17_20260805T153554Z_PID11090/SERIAL_RECEIPTS/16_ACK_AND_RETRY_AGENT.json
AGENT	FILE	TXT	0	1785944157	NONE	/data/data/com.termux/files/home/FREYA_ANDROID_888/00_CONTROL/BATCHES_ACTIVE/A17_20260805T153554Z_PID11090/SERIAL_RECEIPTS/16_ACK_AND_RETRY_AGENT.stderr.txt
AGENT	FILE	JSON	476	1785944157	NONE	/data/data/com.termux/files/home/FREYA_ANDROID_888/00_CONTROL/BATCHES_ACTIVE/A17_20260805T153554Z_PID11090/SERIAL_RECEIPTS/17_MONITORING_AND_RECOVERY_AGENT.json
AGENT	FILE	TXT	0	1785944157	NONE	/data/data/com.termux/files/home/FREYA_ANDROID_888/00_CONTROL/BATCHES_ACTIVE/A17_20260805T153554Z_PID11090/SERIAL_RECEIPTS/17_MONITORING_AND_RECOVERY_AGENT.stderr.txt
AGENT	FILE	JSON	122	1785944156	NONE	/data/data/com.termux/files/home/FREYA_ANDROID_888/00_CONTROL/BATCHES_ACTIVE/A17_20260805T153554Z_PID11090/SERIAL_RECEIPTS/90_NOT_ALLOWLISTED_TEST_AGENT.json
AGENT	FILE	TXT	0	1785944156	NONE	/data/data/com.termux/files/home/FREYA_ANDROID_888/00_CONTROL/BATCHES_ACTIVE/A17_20260805T153554Z_PID11090/SERIAL_RECEIPTS/90_NOT_ALLOWLISTED_TEST_AGENT.stderr.txt
AGENT	FILE	TSV	2159	1785946637	NONE	/data/data/com.termux/files/home/FREYA_ANDROID_888/00_CONTROL/BATCHES_ACTIVE/A21_20260805T161715Z_PID17617/AGENT_DRY_RUN_RESULTS.tsv
AGENT	FILE	JSON	465	1785946636	NONE	/data/data/com.termux/files/home/FREYA_ANDROID_888/00_CONTROL/BATCHES_ACTIVE/A21_20260805T161715Z_PID17617/DISPATCHER_RECEIPTS/01_ORCHESTRATOR_AGENT.json
AGENT	FILE	TXT	0	1785946636	NONE	/data/data/com.termux/files/home/FREYA_ANDROID_888/00_CONTROL/BATCHES_ACTIVE/A21_20260805T161715Z_PID17617/DISPATCHER_RECEIPTS/01_ORCHESTRATOR_AGENT.stderr.txt
AGENT	FILE	JSON	459	1785946636	NONE	/data/data/com.termux/files/home/FREYA_ANDROID_888/00_CONTROL/BATCHES_ACTIVE/A21_20260805T161715Z_PID17617/DISPATCHER_RECEIPTS/02_INTAKE_AGENT.json
AGENT	FILE	TXT	0	1785946636	NONE	/data/data/com.termux/files/home/FREYA_ANDROID_888/00_CONTROL/BATCHES_ACTIVE/A21_20260805T161715Z_PID17617/DISPATCHER_RECEIPTS/02_INTAKE_AGENT.stderr.txt
AGENT	FILE	JSON	471	1785946636	NONE	/data/data/com.termux/files/home/FREYA_ANDROID_888/00_CONTROL/BATCHES_ACTIVE/A21_20260805T161715Z_PID17617/DISPATCHER_RECEIPTS/03_HASH_AND_INTEGRITY_AGENT.json
AGENT	FILE	TXT	0	1785946636	NONE	/data/data/com.termux/files/home/FREYA_ANDROID_888/00_CONTROL/BATCHES_ACTIVE/A21_20260805T161715Z_PID17617/DISPATCHER_RECEIPTS/03_HASH_AND_INTEGRITY_AGENT.stderr.txt
AGENT	FILE	JSON	461	1785946636	NONE	/data/data/com.termux/files/home/FREYA_ANDROID_888/00_CONTROL/BATCHES_ACTIVE/A21_20260805T161715Z_PID17617/DISPATCHER_RECEIPTS/04_METADATA_AGENT.json
AGENT	FILE	TXT	0	1785946636	NONE	/data/data/com.termux/files/home/FREYA_ANDROID_888/00_CONTROL/BATCHES_ACTIVE/A21_20260805T161715Z_PID17617/DISPATCHER_RECEIPTS/04_METADATA_AGENT.stderr.txt
AGENT	FILE	JSON	467	1785946636	NONE	/data/data/com.termux/files/home/FREYA_ANDROID_888/00_CONTROL/BATCHES_ACTIVE/A21_20260805T161715Z_PID17617/DISPATCHER_RECEIPTS/05_CLASSIFICATION_AGENT.json
AGENT	FILE	TXT	0	1785946636	NONE	/data/data/com.termux/files/home/FREYA_ANDROID_888/00_CONTROL/BATCHES_ACTIVE/A21_20260805T161715Z_PID17617/DISPATCHER_RECEIPTS/05_CLASSIFICATION_AGENT.stderr.txt
AGENT	FILE	JSON	469	1785946637	NONE	/data/data/com.termux/files/home/FREYA_ANDROID_888/00_CONTROL/BATCHES_ACTIVE/A21_20260805T161715Z_PID17617/DISPATCHER_RECEIPTS/06_PRIVACY_AND_RISK_AGENT.json
AGENT	FILE	TXT	0	1785946637	NONE	/data/data/com.termux/files/home/FREYA_ANDROID_888/00_CONTROL/BATCHES_ACTIVE/A21_20260805T161715Z_PID17617/DISPATCHER_RECEIPTS/06_PRIVACY_AND_RISK_AGENT.stderr.txt
AGENT	FILE	JSON	466	1785946637	NONE	/data/data/com.termux/files/home/FREYA_ANDROID_888/00_CONTROL/BATCHES_ACTIVE/A21_20260805T161715Z_PID17617/DISPATCHER_RECEIPTS/07_POLICY_ENGINE_AGENT.json
AGENT	FILE	TXT	0	1785946637	NONE	/data/data/com.termux/files/home/FREYA_ANDROID_888/00_CONTROL/BATCHES_ACTIVE/A21_20260805T161715Z_PID17617/DISPATCHER_RECEIPTS/07_POLICY_ENGINE_AGENT.stderr.txt
AGENT	FILE	JSON	463	1785946637	NONE	/data/data/com.termux/files/home/FREYA_ANDROID_888/00_CONTROL/BATCHES_ACTIVE/A21_20260805T161715Z_PID17617/DISPATCHER_RECEIPTS/08_VALIDATION_AGENT.json
AGENT	FILE	TXT	0	1785946637	NONE	/data/data/com.termux/files/home/FREYA_ANDROID_888/00_CONTROL/BATCHES_ACTIVE/A21_20260805T161715Z_PID17617/DISPATCHER_RECEIPTS/08_VALIDATION_AGENT.stderr.txt
AGENT	FILE	JSON	461	1785946637	NONE	/data/data/com.termux/files/home/FREYA_ANDROID_888/00_CONTROL/BATCHES_ACTIVE/A21_20260805T161715Z_PID17617/DISPATCHER_RECEIPTS/09_EVIDENCE_AGENT.json
AGENT	FILE	TXT	0	1785946637	NONE	/data/data/com.termux/files/home/FREYA_ANDROID_888/00_CONTROL/BATCHES_ACTIVE/A21_20260805T161715Z_PID17617/DISPATCHER_RECEIPTS/09_EVIDENCE_AGENT.stderr.txt
AGENT	FILE	JSON	472	1785946844	NONE	/data/data/com.termux/files/home/FREYA_ANDROID_888/00_CONTROL/BATCHES_ACTIVE/A22_20260805T162044Z_PID18126/POLICY_RECEIPTS/HASH_AND_INTEGRITY_AGENT.json
AGENT	FILE	TXT	0	1785946844	NONE	/data/data/com.termux/files/home/FREYA_ANDROID_888/00_CONTROL/BATCHES_ACTIVE/A22_20260805T162044Z_PID18126/POLICY_RECEIPTS/HASH_AND_INTEGRITY_AGENT.stderr.txt
AGENT	FILE	JSON	462	1785946844	NONE	/data/data/com.termux/files/home/FREYA_ANDROID_888/00_CONTROL/BATCHES_ACTIVE/A22_20260805T162044Z_PID18126/POLICY_RECEIPTS/METADATA_AGENT.json
AGENT	FILE	TXT	0	1785946844	NONE	/data/data/com.termux/files/home/FREYA_ANDROID_888/00_CONTROL/BATCHES_ACTIVE/A22_20260805T162044Z_PID18126/POLICY_RECEIPTS/METADATA_AGENT.stderr.txt
AGENT	FILE	JSON	468	1785947523	NONE	/data/data/com.termux/files/home/FREYA_ANDROID_888/00_CONTROL/BATCHES_ACTIVE/A23R3_20260805T163202Z_PID21554/POLICY_RECEIPTS/CLASSIFICATION_AGENT.json
AGENT	FILE	TXT	0	1785947523	NONE	/data/data/com.termux/files/home/FREYA_ANDROID_888/00_CONTROL/BATCHES_ACTIVE/A23R3_20260805T163202Z_PID21554/POLICY_RECEIPTS/CLASSIFICATION_AGENT.stderr.txt
AGENT	FILE	JSON	472	1785947523	NONE	/data/data/com.termux/files/home/FREYA_ANDROID_888/00_CONTROL/BATCHES_ACTIVE/A23R3_20260805T163202Z_PID21554/POLICY_RECEIPTS/HASH_AND_INTEGRITY_AGENT.json
AGENT	FILE	TXT	0	1785947523	NONE	/data/data/com.termux/files/home/FREYA_ANDROID_888/00_CONTROL/BATCHES_ACTIVE/A23R3_20260805T163202Z_PID21554/POLICY_RECEIPTS/HASH_AND_INTEGRITY_AGENT.stderr.txt
AGENT	FILE	JSON	462	1785947523	NONE	/data/data/com.termux/files/home/FREYA_ANDROID_888/00_CONTROL/BATCHES_ACTIVE/A23R3_20260805T163202Z_PID21554/POLICY_RECEIPTS/METADATA_AGENT.json
AGENT	FILE	TXT	0	1785947523	NONE	/data/data/com.termux/files/home/FREYA_ANDROID_888/00_CONTROL/BATCHES_ACTIVE/A23R3_20260805T163202Z_PID21554/POLICY_RECEIPTS/METADATA_AGENT.stderr.txt
AGENT	FILE	JSON	468	1785949209	NONE	/data/data/com.termux/files/home/FREYA_ANDROID_888/00_CONTROL/BATCHES_ACTIVE/A23R4R2_A26_DERIVED_PACKAGE_COPY_SAFE_RECOVERY_20260805T170007Z_PID29698/POLICY_CLASSIFICATION_AGENT.json
AGENT	FILE	TXT	0	1785949209	NONE	/data/data/com.termux/files/home/FREYA_ANDROID_888/00_CONTROL/BATCHES_ACTIVE/A23R4R2_A26_DERIVED_PACKAGE_COPY_SAFE_RECOVERY_20260805T170007Z_PID29698/POLICY_CLASSIFICATION_AGENT.stderr.txt
AGENT	FILE	JSON	472	1785949209	NONE	/data/data/com.termux/files/home/FREYA_ANDROID_888/00_CONTROL/BATCHES_ACTIVE/A23R4R2_A26_DERIVED_PACKAGE_COPY_SAFE_RECOVERY_20260805T170007Z_PID29698/POLICY_HASH_AND_INTEGRITY_AGENT.json
AGENT	FILE	TXT	0	1785949209	NONE	/data/data/com.termux/files/home/FREYA_ANDROID_888/00_CONTROL/BATCHES_ACTIVE/A23R4R2_A26_DERIVED_PACKAGE_COPY_SAFE_RECOVERY_20260805T170007Z_PID29698/POLICY_HASH_AND_INTEGRITY_AGENT.stderr.txt
AGENT	FILE	JSON	462	1785949209	NONE	/data/data/com.termux/files/home/FREYA_ANDROID_888/00_CONTROL/BATCHES_ACTIVE/A23R4R2_A26_DERIVED_PACKAGE_COPY_SAFE_RECOVERY_20260805T170007Z_PID29698/POLICY_METADATA_AGENT.json
AGENT	FILE	TXT	0	1785949209	NONE	/data/data/com.termux/files/home/FREYA_ANDROID_888/00_CONTROL/BATCHES_ACTIVE/A23R4R2_A26_DERIVED_PACKAGE_COPY_SAFE_RECOVERY_20260805T170007Z_PID29698/POLICY_METADATA_AGENT.stderr.txt
AGENT	FILE	JSON	468	1785947049	NONE	/data/data/com.termux/files/home/FREYA_ANDROID_888/00_CONTROL/BATCHES_ACTIVE/A23_20260805T162408Z_PID19496/POLICY_RECEIPTS/CLASSIFICATION_AGENT.json
AGENT	FILE	TXT	0	1785947049	NONE	/data/data/com.termux/files/home/FREYA_ANDROID_888/00_CONTROL/BATCHES_ACTIVE/A23_20260805T162408Z_PID19496/POLICY_RECEIPTS/CLASSIFICATION_AGENT.stderr.txt
AGENT	FILE	JSON	462	1785947049	NONE	/data/data/com.termux/files/home/FREYA_ANDROID_888/00_CONTROL/BATCHES_ACTIVE/A23_20260805T162408Z_PID19496/POLICY_RECEIPTS/EVIDENCE_AGENT.json
AGENT	FILE	TXT	0	1785947049	NONE	/data/data/com.termux/files/home/FREYA_ANDROID_888/00_CONTROL/BATCHES_ACTIVE/A23_20260805T162408Z_PID19496/POLICY_RECEIPTS/EVIDENCE_AGENT.stderr.txt
AGENT	FILE	JSON	472	1785947048	NONE	/data/data/com.termux/files/home/FREYA_ANDROID_888/00_CONTROL/BATCHES_ACTIVE/A23_20260805T162408Z_PID19496/POLICY_RECEIPTS/HASH_AND_INTEGRITY_AGENT.json
AGENT	FILE	TXT	0	1785947048	NONE	/data/data/com.termux/files/home/FREYA_ANDROID_888/00_CONTROL/BATCHES_ACTIVE/A23_20260805T162408Z_PID19496/POLICY_RECEIPTS/HASH_AND_INTEGRITY_AGENT.stderr.txt
AGENT	FILE	JSON	462	1785947049	NONE	/data/data/com.termux/files/home/FREYA_ANDROID_888/00_CONTROL/BATCHES_ACTIVE/A23_20260805T162408Z_PID19496/POLICY_RECEIPTS/METADATA_AGENT.json
AGENT	FILE	TXT	0	1785947049	NONE	/data/data/com.termux/files/home/FREYA_ANDROID_888/00_CONTROL/BATCHES_ACTIVE/A23_20260805T162408Z_PID19496/POLICY_RECEIPTS/METADATA_AGENT.stderr.txt
AGENT	FILE	JSON	470	1785947049	NONE	/data/data/com.termux/files/home/FREYA_ANDROID_888/00_CONTROL/BATCHES_ACTIVE/A23_20260805T162408Z_PID19496/POLICY_RECEIPTS/PRIVACY_AND_RISK_AGENT.json
AGENT	FILE	TXT	0	1785947049	NONE	/data/data/com.termux/files/home/FREYA_ANDROID_888/00_CONTROL/BATCHES_ACTIVE/A23_20260805T162408Z_PID19496/POLICY_RECEIPTS/PRIVACY_AND_RISK_AGENT.stderr.txt
AGENT	FILE	JSON	464	1785947049	NONE	/data/data/com.termux/files/home/FREYA_ANDROID_888/00_CONTROL/BATCHES_ACTIVE/A23_20260805T162408Z_PID19496/POLICY_RECEIPTS/VALIDATION_AGENT.json
AGENT	FILE	TXT	0	1785947049	NONE	/data/data/com.termux/files/home/FREYA_ANDROID_888/00_CONTROL/BATCHES_ACTIVE/A23_20260805T162408Z_PID19496/POLICY_RECEIPTS/VALIDATION_AGENT.stderr.txt
AGENT	FILE	TXT	5219	1786119428	NONE	/data/data/com.termux/files/home/FREYA_ANDROID_888/00_CONTROL/BATCHES_ACTIVE/F01_20260807T161707Z_PID29789/SSOT_AND_AGENT_REGISTRY_CANDIDATES.txt
AGENT	FILE	TSV	597	1785515857	NONE	/data/data/com.termux/files/home/FREYA_ANDROID_888/00_CONTROL/BATCH_RUNS/BATCH_001_ANDROID_DISCOVERY_DUPLICATE_AND_SYSTEM_MAP_20260731T163716Z_7628135D/agent_and_module_candidates.tsv
AGENT	DIR	NONE	3452	1785516874	NONE	/data/data/com.termux/files/home/FREYA_ANDROID_888/00_CONTROL/BATCH_RUNS/BATCH_003A_AGENT_REGISTRY_DUPLICATE_PLAN_20260731T165433Z
AGENT	FILE	TSV	774	1785516874	NONE	/data/data/com.termux/files/home/FREYA_ANDROID_888/00_CONTROL/BATCH_RUNS/BATCH_003A_AGENT_REGISTRY_DUPLICATE_PLAN_20260731T165433Z/agent_registry.tsv
AGENT	FILE	TXT	378	1785516874	NONE	/data/data/com.termux/files/home/FREYA_ANDROID_888/00_CONTROL/BATCH_RUNS/BATCH_003A_AGENT_REGISTRY_DUPLICATE_PLAN_20260731T165433Z/batch_receipt.txt
AGENT	FILE	TSV	302569	1785516874	NONE	/data/data/com.termux/files/home/FREYA_ANDROID_888/00_CONTROL/BATCH_RUNS/BATCH_003A_AGENT_REGISTRY_DUPLICATE_PLAN_20260731T165433Z/duplicate_quarantine_plan.tsv
AGENT	DIR	NONE	3452	1785517539	NONE	/data/data/com.termux/files/home/FREYA_ANDROID_888/00_CONTROL/BATCH_RUNS/BATCH_004C_AGENT_ROLES_20260731T170539Z
AGENT	FILE	TSV	1168	1785517539	NONE	/data/data/com.termux/files/home/FREYA_ANDROID_888/00_CONTROL/BATCH_RUNS/BATCH_004C_AGENT_ROLES_20260731T170539Z/android_24h_agent_roles.tsv
AGENT	FILE	TSV	1198	1785517582	NONE	/data/data/com.termux/files/home/FREYA_ANDROID_888/00_CONTROL/BATCH_RUNS/BATCH_004C_REPAIR_20260731T170622Z/android_24h_agent_roles.tsv
AGENT	DIR	NONE	3452	1785517707	NONE	/data/data/com.termux/files/home/FREYA_ANDROID_888/00_CONTROL/BATCH_RUNS/BATCH_005A_CORE_AGENTS_20260731T170827Z
AGENT	FILE	TXT	184	1785517707	NONE	/data/data/com.termux/files/home/FREYA_ANDROID_888/00_CONTROL/BATCH_RUNS/BATCH_005A_CORE_AGENTS_20260731T170827Z/batch_receipt.txt
AGENT	FILE	JSON	851	1785517707	NONE	/data/data/com.termux/files/home/FREYA_ANDROID_888/00_CONTROL/BATCH_RUNS/BATCH_005A_CORE_AGENTS_20260731T170827Z/core_agent_canonical_signal.json
AGENT	FILE	SHA256	384	1785517707	NONE	/data/data/com.termux/files/home/FREYA_ANDROID_888/00_CONTROL/BATCH_RUNS/BATCH_005A_CORE_AGENTS_20260731T170827Z/manifest.sha256
AGENT	DIR	NONE	3452	1785517799	NONE	/data/data/com.termux/files/home/FREYA_ANDROID_888/00_CONTROL/BATCH_RUNS/BATCH_005B_SUPPORT_AGENTS_20260731T170959Z
AGENT	FILE	TXT	158	1785517799	NONE	/data/data/com.termux/files/home/FREYA_ANDROID_888/00_CONTROL/BATCH_RUNS/BATCH_005B_SUPPORT_AGENTS_20260731T170959Z/batch_receipt.txt
AGENT	FILE	SHA256	175	1785517799	NONE	/data/data/com.termux/files/home/FREYA_ANDROID_888/00_CONTROL/BATCH_RUNS/BATCH_005B_SUPPORT_AGENTS_20260731T170959Z/manifest.sha256
AGENT	DIR	NONE	3452	1786108277	NONE	/data/data/com.termux/files/home/FREYA_ANDROID_888/00_CONTROL/CANDIDATES/ANDROID_AGENT_RESPONSIBILITY
AGENT	FILE	ENV	1448	1786108277	NONE	/data/data/com.termux/files/home/FREYA_ANDROID_888/00_CONTROL/CANDIDATES/ANDROID_AGENT_RESPONSIBILITY/ANDROID_18_AGENT_RESPONSIBILITY_ACCEPTANCE_20260807T131113Z_PID7728.env
AGENT	FILE	JSON	16535	1785530318	NONE	/data/data/com.termux/files/home/FREYA_ANDROID_888/00_CONTROL/EVIDENCE/BATCH_01_GLOBAL_DISCOVERY_20260731_223756/POSSIBLE_AGENTS.json
AGENT	FILE	JSON	33390	1785530558	NONE	/data/data/com.termux/files/home/FREYA_ANDROID_888/00_CONTROL/EVIDENCE/BATCH_02_CANONICAL_IDENTIFICATION_20260731_224223/CANONICAL_AGENT_REPORT.json
AGENT	FILE	PYC	10662	1785531304	NONE	/data/data/com.termux/files/home/FREYA_ANDROID_888/00_CONTROL/EVIDENCE/BATCH_04_STATIC_LITE_20260731_225502/android_24h_core_agents.pyc
AGENT	FILE	PYC	5403	1785531304	NONE	/data/data/com.termux/files/home/FREYA_ANDROID_888/00_CONTROL/EVIDENCE/BATCH_04_STATIC_LITE_20260731_225502/android_24h_support_agents.pyc
AGENT	DIR	NONE	3452	1785532789	NONE	/data/data/com.termux/files/home/FREYA_ANDROID_888/00_CONTROL/EVIDENCE/BATCH_07_AGENT_ACTIVATION_20260731_231948
AGENT	FILE	SHA256	791	1785532789	NONE	/data/data/com.termux/files/home/FREYA_ANDROID_888/00_CONTROL/EVIDENCE/BATCH_07_AGENT_ACTIVATION_20260731_231948/EVIDENCE_MANIFEST.sha256
AGENT	FILE	TSV	733	1785532788	NONE	/data/data/com.termux/files/home/FREYA_ANDROID_888/00_CONTROL/EVIDENCE/BATCH_07_AGENT_ACTIVATION_20260731_231948/agent_registry.tsv
AGENT	FILE	TXT	3445	1785532789	NONE	/data/data/com.termux/files/home/FREYA_ANDROID_888/00_CONTROL/EVIDENCE/BATCH_07_AGENT_ACTIVATION_20260731_231948/package_mechanism.txt
AGENT	FILE	TSV	235	1785532789	NONE	/data/data/com.termux/files/home/FREYA_ANDROID_888/00_CONTROL/EVIDENCE/BATCH_07_AGENT_ACTIVATION_20260731_231948/runtime_agent_map.tsv
AGENT	FILE	TXT	1146	1785532789	NONE	/data/data/com.termux/files/home/FREYA_ANDROID_888/00_CONTROL/EVIDENCE/BATCH_07_AGENT_ACTIVATION_20260731_231948/summary.txt
AGENT	FILE	TSV	630	1785793221	NONE	/data/data/com.termux/files/home/FREYA_ANDROID_888/00_CONTROL/RUNTIME/ANDROID_V1/cycles/CYCLE_000001_20260803T214021Z/AGENT_STATUS.tsv
APP_CONTROL	FILE	TSV	40	1785799193	NONE	/data/data/com.termux/files/home/FREYA_ANDROID_888/00_CONTROL/BATCHES/ANDROID_R02R3_MANIFEST_VARIANCE_RECOVERY_AND_CAPABILITY_AUDIT_CLOSURE/20260803T231952Z_PID19518/EXISTING_APP_CONTROL_ARTIFACTS.tsv
APP_CONTROL	FILE	TSV	31029	1786117523	NONE	/data/data/com.termux/files/home/FREYA_ANDROID_888/00_CONTROL/BATCHES_ACTIVE/A18R2_20260807T154512Z_PID17337/APP_CONTROL_MATRIX.tsv
APP_CONTROL	FILE	ENV	511	1786117523	NONE	/data/data/com.termux/files/home/FREYA_ANDROID_888/00_CONTROL/BATCHES_ACTIVE/A18R2_20260807T154512Z_PID17337/APP_CONTROL_POLICY.env
APP_CONTROL	DIR	NONE	3452	1786111021	NONE	/data/data/com.termux/files/home/FREYA_ANDROID_888/00_CONTROL/CANDIDATES/ANDROID_APP_CONTROL
APP_CONTROL	FILE	ENV	1392	1786111021	NONE	/data/data/com.termux/files/home/FREYA_ANDROID_888/00_CONTROL/CANDIDATES/ANDROID_APP_CONTROL/ANDROID_APP_CONTROL_POLICY_V1R1_20260807T135701Z_PID32187.env
APP_CONTROL	FILE	ENV	1126	1786110768	NONE	/data/data/com.termux/files/home/FREYA_ANDROID_888/00_CONTROL/CANDIDATES/ANDROID_APP_CONTROL/ANDROID_APP_CONTROL_POLICY_V1_20260807T135233Z_PID28605.env
APP_CONTROL	DIR	NONE	3452	1786111022	NONE	/data/data/com.termux/files/home/FREYA_ANDROID_888/00_CONTROL/REGISTRY/ANDROID_APP_CONTROL
APP_CONTROL	SYMLINK	NONE	173	1786111022	/data/data/com.termux/files/home/FREYA_ANDROID_888/00_CONTROL/REGISTRY/ANDROID_APP_CONTROL/RELEASES/APP_CONTROL_V1R1_20260807T135701Z_PID32187/ANDROID_APP_CONTROL_POLICY.env	/data/data/com.termux/files/home/FREYA_ANDROID_888/00_CONTROL/REGISTRY/ANDROID_APP_CONTROL/ANDROID_APP_CONTROL_CURRENT
APP_CONTROL	DIR	NONE	3452	1786111022	NONE	/data/data/com.termux/files/home/FREYA_ANDROID_888/00_CONTROL/REGISTRY/ANDROID_APP_CONTROL/RELEASES
APP_CONTROL	DIR	NONE	3452	1786111022	NONE	/data/data/com.termux/files/home/FREYA_ANDROID_888/00_CONTROL/REGISTRY/ANDROID_APP_CONTROL/RELEASES/APP_CONTROL_V1R1_20260807T135701Z_PID32187
APP_CONTROL	FILE	ENV	1392	1786111022	NONE	/data/data/com.termux/files/home/FREYA_ANDROID_888/00_CONTROL/REGISTRY/ANDROID_APP_CONTROL/RELEASES/APP_CONTROL_V1R1_20260807T135701Z_PID32187/ANDROID_APP_CONTROL_POLICY.env
APP_CONTROL	FILE	TSV	11822	1786111022	NONE	/data/data/com.termux/files/home/FREYA_ANDROID_888/00_CONTROL/REGISTRY/ANDROID_APP_CONTROL/RELEASES/APP_CONTROL_V1R1_20260807T135701Z_PID32187/APP_CONTROL_POLICY_MATRIX.tsv
APP_CONTROL	FILE	TSV	754	1786111022	NONE	/data/data/com.termux/files/home/FREYA_ANDROID_888/00_CONTROL/REGISTRY/ANDROID_APP_CONTROL/RELEASES/APP_CONTROL_V1R1_20260807T135701Z_PID32187/CRITICAL_ACTION_POLICY.tsv
APP_CONTROL	FILE	SHA256	715	1786111022	NONE	/data/data/com.termux/files/home/FREYA_ANDROID_888/00_CONTROL/REGISTRY/ANDROID_APP_CONTROL/RELEASES/APP_CONTROL_V1R1_20260807T135701Z_PID32187/MANIFEST.sha256
APP_CONTROL	SYMLINK	NONE	114	1786117523	/data/data/com.termux/files/home/FREYA_ANDROID_888/15_RUNTIME/APP_CONTROL_RELEASES/A18R2_20260807T154512Z_PID17337	/data/data/com.termux/files/home/FREYA_ANDROID_888/15_RUNTIME/APP_CONTROL_CURRENT
APP_CONTROL	DIR	NONE	3452	1786117512	NONE	/data/data/com.termux/files/home/FREYA_ANDROID_888/15_RUNTIME/APP_CONTROL_RELEASES
APP_CONTROL	DIR	NONE	3452	1786117523	NONE	/data/data/com.termux/files/home/FREYA_ANDROID_888/15_RUNTIME/APP_CONTROL_RELEASES/A18R2_20260807T154512Z_PID17337
APP_CONTROL	FILE	TSV	31029	1786117523	NONE	/data/data/com.termux/files/home/FREYA_ANDROID_888/15_RUNTIME/APP_CONTROL_RELEASES/A18R2_20260807T154512Z_PID17337/APP_CONTROL_MATRIX.tsv
APP_CONTROL	FILE	ENV	511	1786117523	NONE	/data/data/com.termux/files/home/FREYA_ANDROID_888/15_RUNTIME/APP_CONTROL_RELEASES/A18R2_20260807T154512Z_PID17337/APP_CONTROL_POLICY.env
APP_CONTROL	FILE	SHA256	605	1786117523	NONE	/data/data/com.termux/files/home/FREYA_ANDROID_888/15_RUNTIME/APP_CONTROL_RELEASES/A18R2_20260807T154512Z_PID17337/RELEASE_HASHES.sha256
APP_CONTROL	FILE	ENV	244	1786117523	NONE	/data/data/com.termux/files/home/FREYA_ANDROID_888/15_RUNTIME/APP_CONTROL_RELEASES/A18R2_20260807T154512Z_PID17337/SAFE_CANARY.env
APP_CONTROL	DIR	NONE	3452	1786117419	NONE	/data/data/com.termux/files/home/FREYA_ANDROID_888/15_RUNTIME/APP_CONTROL_RELEASES/A18_20260807T154339Z_PID19797
COMMAND_CENTER	FILE	ENV	729	1785843191	NONE	/data/data/com.termux/files/home/FREYA_ANDROID_888/00_CONTROL/BATCHES/ANDROID_A04R3_APPROVED_ATOMIC_CANONICAL_REGISTRY_ACTIVATION/20260804T113311Z_PID5783/HUMAN_GATE_DECISION.env
COMMAND_CENTER	FILE	ENV	1095	1785842892	NONE	/data/data/com.termux/files/home/FREYA_ANDROID_888/00_CONTROL/BATCHES/ANDROID_A04_CANONICAL_18_AGENT_REGISTRY_BUILD_AND_VALIDATION/20260804T112811Z_PID3599/HUMAN_GATE_REQUEST.env
COMMAND_CENTER	DIR	NONE	3452	1785846436	NONE	/data/data/com.termux/files/home/FREYA_ANDROID_888/00_CONTROL/BATCHES/ANDROID_A13R1_MULTIPLE_ENDPOINT_HUMAN_GATE_RESOLUTION
COMMAND_CENTER	DIR	NONE	3452	1785846257	NONE	/data/data/com.termux/files/home/FREYA_ANDROID_888/00_CONTROL/BATCHES/ANDROID_A13R1_MULTIPLE_ENDPOINT_HUMAN_GATE_RESOLUTION/20260804T122416Z_PID18134
COMMAND_CENTER	FILE	ENV	1062	1785846256	NONE	/data/data/com.termux/files/home/FREYA_ANDROID_888/00_CONTROL/BATCHES/ANDROID_A13R1_MULTIPLE_ENDPOINT_HUMAN_GATE_RESOLUTION/20260804T122416Z_PID18134/A13R1_RECEIPT.env
COMMAND_CENTER	FILE	ENV	1529	1785846256	NONE	/data/data/com.termux/files/home/FREYA_ANDROID_888/00_CONTROL/BATCHES/ANDROID_A13R1_MULTIPLE_ENDPOINT_HUMAN_GATE_RESOLUTION/20260804T122416Z_PID18134/CLOSURE.env
COMMAND_CENTER	FILE	TSV	1520	1785846256	NONE	/data/data/com.termux/files/home/FREYA_ANDROID_888/00_CONTROL/BATCHES/ANDROID_A13R1_MULTIPLE_ENDPOINT_HUMAN_GATE_RESOLUTION/20260804T122416Z_PID18134/ENDPOINT_CANDIDATE_REVIEW.tsv
COMMAND_CENTER	FILE	JSON	275	1785846256	NONE	/data/data/com.termux/files/home/FREYA_ANDROID_888/00_CONTROL/BATCHES/ANDROID_A13R1_MULTIPLE_ENDPOINT_HUMAN_GATE_RESOLUTION/20260804T122416Z_PID18134/ENDPOINT_REVIEW_VALIDATION.json
COMMAND_CENTER	FILE	SHA256	445	1785846257	NONE	/data/data/com.termux/files/home/FREYA_ANDROID_888/00_CONTROL/BATCHES/ANDROID_A13R1_MULTIPLE_ENDPOINT_HUMAN_GATE_RESOLUTION/20260804T122416Z_PID18134/EVIDENCE_MANIFEST.sha256
COMMAND_CENTER	FILE	ENV	646	1785846256	NONE	/data/data/com.termux/files/home/FREYA_ANDROID_888/00_CONTROL/BATCHES/ANDROID_A13R1_MULTIPLE_ENDPOINT_HUMAN_GATE_RESOLUTION/20260804T122416Z_PID18134/HUMAN_GATE_REQUEST.env
COMMAND_CENTER	DIR	NONE	3452	1785846436	NONE	/data/data/com.termux/files/home/FREYA_ANDROID_888/00_CONTROL/BATCHES/ANDROID_A13R1_MULTIPLE_ENDPOINT_HUMAN_GATE_RESOLUTION/20260804T122716Z_PID18552
COMMAND_CENTER	FILE	ENV	1062	1785846436	NONE	/data/data/com.termux/files/home/FREYA_ANDROID_888/00_CONTROL/BATCHES/ANDROID_A13R1_MULTIPLE_ENDPOINT_HUMAN_GATE_RESOLUTION/20260804T122716Z_PID18552/A13R1_RECEIPT.env
COMMAND_CENTER	FILE	ENV	1529	1785846436	NONE	/data/data/com.termux/files/home/FREYA_ANDROID_888/00_CONTROL/BATCHES/ANDROID_A13R1_MULTIPLE_ENDPOINT_HUMAN_GATE_RESOLUTION/20260804T122716Z_PID18552/CLOSURE.env
COMMAND_CENTER	FILE	TSV	1520	1785846436	NONE	/data/data/com.termux/files/home/FREYA_ANDROID_888/00_CONTROL/BATCHES/ANDROID_A13R1_MULTIPLE_ENDPOINT_HUMAN_GATE_RESOLUTION/20260804T122716Z_PID18552/ENDPOINT_CANDIDATE_REVIEW.tsv
COMMAND_CENTER	FILE	JSON	275	1785846436	NONE	/data/data/com.termux/files/home/FREYA_ANDROID_888/00_CONTROL/BATCHES/ANDROID_A13R1_MULTIPLE_ENDPOINT_HUMAN_GATE_RESOLUTION/20260804T122716Z_PID18552/ENDPOINT_REVIEW_VALIDATION.json
COMMAND_CENTER	FILE	SHA256	445	1785846436	NONE	/data/data/com.termux/files/home/FREYA_ANDROID_888/00_CONTROL/BATCHES/ANDROID_A13R1_MULTIPLE_ENDPOINT_HUMAN_GATE_RESOLUTION/20260804T122716Z_PID18552/EVIDENCE_MANIFEST.sha256
COMMAND_CENTER	FILE	ENV	646	1785846436	NONE	/data/data/com.termux/files/home/FREYA_ANDROID_888/00_CONTROL/BATCHES/ANDROID_A13R1_MULTIPLE_ENDPOINT_HUMAN_GATE_RESOLUTION/20260804T122716Z_PID18552/HUMAN_GATE_REQUEST.env
COMMAND_CENTER	FILE	ENV	564	1785846775	NONE	/data/data/com.termux/files/home/FREYA_ANDROID_888/00_CONTROL/BATCHES/ANDROID_A13R2_APPROVED_ENDPOINT_BINDING_AND_TRANSPORT_CONTRACT/20260804T123255Z_PID19135/HUMAN_GATE_DECISION.env
COMMAND_CENTER	FILE	ENV	564	1785847379	NONE	/data/data/com.termux/files/home/FREYA_ANDROID_888/00_CONTROL/BATCHES/ANDROID_A13R2_APPROVED_ENDPOINT_BINDING_AND_TRANSPORT_CONTRACT/20260804T124259Z_PID19948/HUMAN_GATE_DECISION.env
COMMAND_CENTER	FILE	ENV	839	1785848020	NONE	/data/data/com.termux/files/home/FREYA_ANDROID_888/00_CONTROL/BATCHES/ANDROID_A13R3D_RELAY_DENIAL_RECORD_AND_HOLD/20260804T125339Z_PID21699/HUMAN_GATE_DECISION.env
COMMAND_CENTER	FILE	ENV	1511	1785847773	NONE	/data/data/com.termux/files/home/FREYA_ANDROID_888/00_CONTROL/BATCHES/ANDROID_A13R3_TRANSPORT_CONTRACT_AUTHORITY_RECOVERY/20260804T124931Z_PID21109/FINAL_RELAY_HUMAN_GATE_REQUEST.env
COMMAND_CENTER	FILE	ENV	720	1785848233	NONE	/data/data/com.termux/files/home/FREYA_ANDROID_888/00_CONTROL/BATCHES/ANDROID_A13R4_CURRENT_MSI_INCOMING_DIRECTORY_AUTHORITY_RESOLUTION/20260804T125712Z_PID22135/HUMAN_GATE_REQUEST.env
COMMAND_CENTER	FILE	ENV	1545	1785848476	NONE	/data/data/com.termux/files/home/FREYA_ANDROID_888/00_CONTROL/BATCHES/ANDROID_A13R5_APPROVED_INCOMING_ROOT_BINDING_AND_FINAL_RELAY_REQUEST/20260804T130115Z_PID22581/FINAL_RELAY_HUMAN_GATE_REQUEST.env
COMMAND_CENTER	FILE	ENV	778	1785848475	NONE	/data/data/com.termux/files/home/FREYA_ANDROID_888/00_CONTROL/BATCHES/ANDROID_A13R5_APPROVED_INCOMING_ROOT_BINDING_AND_FINAL_RELAY_REQUEST/20260804T130115Z_PID22581/HUMAN_GATE_DECISION.env
COMMAND_CENTER	FILE	ENV	852	1785848982	NONE	/data/data/com.termux/files/home/FREYA_ANDROID_888/00_CONTROL/BATCHES/ANDROID_A13R6_APPROVED_CONTROLLED_RELAY_AND_REMOTE_SHA256_ACK/20260804T130942Z_PID23402/HUMAN_GATE_DECISION.env
COMMAND_CENTER	DIR	NONE	3452	1785846112	NONE	/data/data/com.termux/files/home/FREYA_ANDROID_888/00_CONTROL/BATCHES/ANDROID_A13_RELAY_PREFLIGHT_AND_HUMAN_GATE_PACKAGE
COMMAND_CENTER	DIR	NONE	3452	1785846113	NONE	/data/data/com.termux/files/home/FREYA_ANDROID_888/00_CONTROL/BATCHES/ANDROID_A13_RELAY_PREFLIGHT_AND_HUMAN_GATE_PACKAGE/20260804T122152Z_PID17257
COMMAND_CENTER	FILE	JSON	468	1785846112	NONE	/data/data/com.termux/files/home/FREYA_ANDROID_888/00_CONTROL/BATCHES/ANDROID_A13_RELAY_PREFLIGHT_AND_HUMAN_GATE_PACKAGE/20260804T122152Z_PID17257/ARCHIVE_PREFLIGHT.json
COMMAND_CENTER	FILE	JSON	1304	1785846113	NONE	/data/data/com.termux/files/home/FREYA_ANDROID_888/00_CONTROL/BATCHES/ANDROID_A13_RELAY_PREFLIGHT_AND_HUMAN_GATE_PACKAGE/20260804T122152Z_PID17257/ENDPOINT_AUTHORITY_DISCOVERY.json
COMMAND_CENTER	FILE	TSV	636	1785846112	NONE	/data/data/com.termux/files/home/FREYA_ANDROID_888/00_CONTROL/BATCHES/ANDROID_A13_RELAY_PREFLIGHT_AND_HUMAN_GATE_PACKAGE/20260804T122152Z_PID17257/ENDPOINT_AUTHORITY_FILES.tsv
COMMAND_CENTER	FILE	JSON	379	1785846112	NONE	/data/data/com.termux/files/home/FREYA_ANDROID_888/00_CONTROL/BATCHES/ANDROID_A13_RELAY_PREFLIGHT_AND_HUMAN_GATE_PACKAGE/20260804T122152Z_PID17257/PAYLOAD_SAFETY_SCAN.json
COMMAND_CENTER	FILE	ENV	897	1785846113	NONE	/data/data/com.termux/files/home/FREYA_ANDROID_888/00_CONTROL/BATCHES/ANDROID_A13_RELAY_PREFLIGHT_AND_HUMAN_GATE_PACKAGE/20260804T122152Z_PID17257/RELAY_PREFLIGHT.env
COMMAND_CENTER	FILE	ENV	996	1785774143	NONE	/data/data/com.termux/files/home/FREYA_ANDROID_888/00_CONTROL/BATCHES/ANDROID_ACK_INACTIVE_INBOX_CREATION_B09/ANDROID_ACK_INACTIVE_INBOX_CREATION_B09_20260803T162223Z_PID1752/HUMAN_GATE_APPROVAL.env
COMMAND_CENTER	FILE	ENV	846	1785775933	NONE	/data/data/com.termux/files/home/FREYA_ANDROID_888/00_CONTROL/BATCHES/ANDROID_ACK_INBOX_OFFLINE_CANARY_B11/ANDROID_ACK_INBOX_OFFLINE_CANARY_B11_20260803T165213Z_PID11388/HUMAN_GATE_APPROVAL.env
COMMAND_CENTER	FILE	MD	1076	1785791562	NONE	/data/data/com.termux/files/home/FREYA_ANDROID_888/00_CONTROL/BATCHES/ANDROID_S06_COMMERCIALIZATION_AND_ENTITY_GAP_ANALYSIS/ANDROID_S06_COMMERCIALIZATION_AND_ENTITY_GAP_ANALYSIS_20260803T211242Z_PID20369/HUMAN_GATE_CANDIDATES.md
COMMAND_CENTER	FILE	JSON	470	1785944157	NONE	/data/data/com.termux/files/home/FREYA_ANDROID_888/00_CONTROL/BATCHES_ACTIVE/A17_20260805T153554Z_PID11090/SERIAL_RECEIPTS/18_HUMAN_GATE_CLIENT_AGENT.json
COMMAND_CENTER	FILE	TXT	0	1785944157	NONE	/data/data/com.termux/files/home/FREYA_ANDROID_888/00_CONTROL/BATCHES_ACTIVE/A17_20260805T153554Z_PID11090/SERIAL_RECEIPTS/18_HUMAN_GATE_CLIENT_AGENT.stderr.txt
COMMAND_CENTER	FILE	JSON	470	1785946637	NONE	/data/data/com.termux/files/home/FREYA_ANDROID_888/00_CONTROL/BATCHES_ACTIVE/A21_20260805T161715Z_PID17617/DISPATCHER_RECEIPTS/10_HUMAN_GATE_CLIENT_AGENT.json
COMMAND_CENTER	FILE	TXT	0	1785946637	NONE	/data/data/com.termux/files/home/FREYA_ANDROID_888/00_CONTROL/BATCHES_ACTIVE/A21_20260805T161715Z_PID17617/DISPATCHER_RECEIPTS/10_HUMAN_GATE_CLIENT_AGENT.stderr.txt
COMMAND_CENTER	DIR	NONE	3452	1785533457	NONE	/data/data/com.termux/files/home/FREYA_ANDROID_888/00_CONTROL/EVIDENCE/BATCH_08B_HUMAN_GATE_PUSH_20260731_233056
COMMAND_CENTER	DIR	NONE	3452	1785533460	NONE	/data/data/com.termux/files/home/FREYA_ANDROID_888/00_CONTROL/EVIDENCE/BATCH_08B_HUMAN_GATE_PUSH_20260731_233056/ACKS
COMMAND_CENTER	FILE	INCOMING	344	1785533460	NONE	/data/data/com.termux/files/home/FREYA_ANDROID_888/00_CONTROL/EVIDENCE/BATCH_08B_HUMAN_GATE_PUSH_20260731_233056/ACKS/ACK_FREYA_ANDROID_HUMAN_GATE_20260731T213058Z.env.incoming
COMMAND_CENTER	DIR	NONE	3452	1785533458	NONE	/data/data/com.termux/files/home/FREYA_ANDROID_888/00_CONTROL/EVIDENCE/BATCH_08B_HUMAN_GATE_PUSH_20260731_233056/HUMAN_GATE_ENVELOPE
COMMAND_CENTER	DIR	NONE	3452	1785533458	NONE	/data/data/com.termux/files/home/FREYA_ANDROID_888/00_CONTROL/EVIDENCE/BATCH_08B_HUMAN_GATE_PUSH_20260731_233056/HUMAN_GATE_ENVELOPE/01_ANDROID_DAILY_PACKAGE
COMMAND_CENTER	FILE	GZ	3709	1785533458	NONE	/data/data/com.termux/files/home/FREYA_ANDROID_888/00_CONTROL/EVIDENCE/BATCH_08B_HUMAN_GATE_PUSH_20260731_233056/HUMAN_GATE_ENVELOPE/01_ANDROID_DAILY_PACKAGE/FREYA_ANDROID_24H_DAILY_2026-07-31.tar.gz
COMMAND_CENTER	FILE	SHA256	108	1785533458	NONE	/data/data/com.termux/files/home/FREYA_ANDROID_888/00_CONTROL/EVIDENCE/BATCH_08B_HUMAN_GATE_PUSH_20260731_233056/HUMAN_GATE_ENVELOPE/01_ANDROID_DAILY_PACKAGE/FREYA_ANDROID_24H_DAILY_2026-07-31.tar.gz.sha256
COMMAND_CENTER	DIR	NONE	3452	1785533458	NONE	/data/data/com.termux/files/home/FREYA_ANDROID_888/00_CONTROL/EVIDENCE/BATCH_08B_HUMAN_GATE_PUSH_20260731_233056/HUMAN_GATE_ENVELOPE/02_AGENT_REGISTRY
COMMAND_CENTER	FILE	TSV	733	1785532788	NONE	/data/data/com.termux/files/home/FREYA_ANDROID_888/00_CONTROL/EVIDENCE/BATCH_08B_HUMAN_GATE_PUSH_20260731_233056/HUMAN_GATE_ENVELOPE/02_AGENT_REGISTRY/agent_registry.tsv
COMMAND_CENTER	FILE	TXT	3445	1785532789	NONE	/data/data/com.termux/files/home/FREYA_ANDROID_888/00_CONTROL/EVIDENCE/BATCH_08B_HUMAN_GATE_PUSH_20260731_233056/HUMAN_GATE_ENVELOPE/02_AGENT_REGISTRY/package_mechanism.txt
COMMAND_CENTER	FILE	TSV	235	1785532789	NONE	/data/data/com.termux/files/home/FREYA_ANDROID_888/00_CONTROL/EVIDENCE/BATCH_08B_HUMAN_GATE_PUSH_20260731_233056/HUMAN_GATE_ENVELOPE/02_AGENT_REGISTRY/runtime_agent_map.tsv
COMMAND_CENTER	FILE	TXT	1146	1785532789	NONE	/data/data/com.termux/files/home/FREYA_ANDROID_888/00_CONTROL/EVIDENCE/BATCH_08B_HUMAN_GATE_PUSH_20260731_233056/HUMAN_GATE_ENVELOPE/02_AGENT_REGISTRY/summary.txt
COMMAND_CENTER	DIR	NONE	3452	1785533458	NONE	/data/data/com.termux/files/home/FREYA_ANDROID_888/00_CONTROL/EVIDENCE/BATCH_08B_HUMAN_GATE_PUSH_20260731_233056/HUMAN_GATE_ENVELOPE/03_RUNTIME_STATUS
COMMAND_CENTER	FILE	ENV	298	1785533297	NONE	/data/data/com.termux/files/home/FREYA_ANDROID_888/00_CONTROL/EVIDENCE/BATCH_08B_HUMAN_GATE_PUSH_20260731_233056/HUMAN_GATE_ENVELOPE/03_RUNTIME_STATUS/ACK_HEARTBEAT_ANDROID_TO_MAC_20260731T212816Z.env
COMMAND_CENTER	FILE	ENV	375	1785533458	NONE	/data/data/com.termux/files/home/FREYA_ANDROID_888/00_CONTROL/EVIDENCE/BATCH_08B_HUMAN_GATE_PUSH_20260731_233056/HUMAN_GATE_ENVELOPE/03_RUNTIME_STATUS/ANDROID_RUNTIME_STATUS.env
COMMAND_CENTER	FILE	TXT	118	1785533458	NONE	/data/data/com.termux/files/home/FREYA_ANDROID_888/00_CONTROL/EVIDENCE/BATCH_08B_HUMAN_GATE_PUSH_20260731_233056/HUMAN_GATE_ENVELOPE/03_RUNTIME_STATUS/runit_status.txt
COMMAND_CENTER	DIR	NONE	3452	1785533458	NONE	/data/data/com.termux/files/home/FREYA_ANDROID_888/00_CONTROL/EVIDENCE/BATCH_08B_HUMAN_GATE_PUSH_20260731_233056/HUMAN_GATE_ENVELOPE/04_HUMAN_GATE_CONTROL
COMMAND_CENTER	FILE	TXT	1146	1785532789	NONE	/data/data/com.termux/files/home/FREYA_ANDROID_888/00_CONTROL/EVIDENCE/BATCH_08B_HUMAN_GATE_PUSH_20260731_233056/HUMAN_GATE_ENVELOPE/04_HUMAN_GATE_CONTROL/BATCH_07_PASS_RECEIPT.txt
COMMAND_CENTER	FILE	ENV	502	1785533458	NONE	/data/data/com.termux/files/home/FREYA_ANDROID_888/00_CONTROL/EVIDENCE/BATCH_08B_HUMAN_GATE_PUSH_20260731_233056/HUMAN_GATE_ENVELOPE/04_HUMAN_GATE_CONTROL/HUMAN_GATE_MANIFEST.env
COMMAND_CENTER	FILE	TXT	1278	1785533458	NONE	/data/data/com.termux/files/home/FREYA_ANDROID_888/00_CONTROL/EVIDENCE/BATCH_08B_HUMAN_GATE_PUSH_20260731_233056/HUMAN_GATE_ENVELOPE/SHA256SUMS.txt
COMMAND_CENTER	DIR	NONE	3452	1785533458	NONE	/data/data/com.termux/files/home/FREYA_ANDROID_888/00_CONTROL/EVIDENCE/BATCH_08B_HUMAN_GATE_PUSH_20260731_233056/INNER_BUILD
COMMAND_CENTER	DIR	NONE	3452	1785533458	NONE	/data/data/com.termux/files/home/FREYA_ANDROID_888/00_CONTROL/EVIDENCE/BATCH_08B_HUMAN_GATE_PUSH_20260731_233056/INNER_BUILD/2026-07-31
COMMAND_CENTER	FILE	ENV	242	1785533458	NONE	/data/data/com.termux/files/home/FREYA_ANDROID_888/00_CONTROL/EVIDENCE/BATCH_08B_HUMAN_GATE_PUSH_20260731_233056/INNER_BUILD/2026-07-31/MANIFEST.env
COMMAND_CENTER	FILE	TXT	1373	1785533458	NONE	/data/data/com.termux/files/home/FREYA_ANDROID_888/00_CONTROL/EVIDENCE/BATCH_08B_HUMAN_GATE_PUSH_20260731_233056/INNER_BUILD/2026-07-31/SHA256SUMS.txt
COMMAND_CENTER	DIR	NONE	3452	1785533458	NONE	/data/data/com.termux/files/home/FREYA_ANDROID_888/00_CONTROL/EVIDENCE/BATCH_08B_HUMAN_GATE_PUSH_20260731_233056/INNER_PACKAGES
COMMAND_CENTER	FILE	GZ	3709	1785533458	NONE	/data/data/com.termux/files/home/FREYA_ANDROID_888/00_CONTROL/EVIDENCE/BATCH_08B_HUMAN_GATE_PUSH_20260731_233056/INNER_PACKAGES/FREYA_ANDROID_24H_DAILY_2026-07-31.tar.gz
COMMAND_CENTER	FILE	SHA256	108	1785533458	NONE	/data/data/com.termux/files/home/FREYA_ANDROID_888/00_CONTROL/EVIDENCE/BATCH_08B_HUMAN_GATE_PUSH_20260731_233056/INNER_PACKAGES/FREYA_ANDROID_24H_DAILY_2026-07-31.tar.gz.sha256
COMMAND_CENTER	DIR	NONE	3452	1785533458	NONE	/data/data/com.termux/files/home/FREYA_ANDROID_888/00_CONTROL/EVIDENCE/BATCH_08B_HUMAN_GATE_PUSH_20260731_233056/OUTBOX
COMMAND_CENTER	FILE	GZ	7634	1785533458	NONE	/data/data/com.termux/files/home/FREYA_ANDROID_888/00_CONTROL/EVIDENCE/BATCH_08B_HUMAN_GATE_PUSH_20260731_233056/OUTBOX/FREYA_ANDROID_HUMAN_GATE_20260731T213058Z.tar.gz
COMMAND_CENTER	FILE	SHA256	115	1785533458	NONE	/data/data/com.termux/files/home/FREYA_ANDROID_888/00_CONTROL/EVIDENCE/BATCH_08B_HUMAN_GATE_PUSH_20260731_233056/OUTBOX/FREYA_ANDROID_HUMAN_GATE_20260731T213058Z.tar.gz.sha256
COMMAND_CENTER	FILE	SH	14321	1785533456	NONE	/data/data/com.termux/files/home/FREYA_ANDROID_888/00_CONTROL/EVIDENCE/BATCH_08B_HUMAN_GATE_PUSH_20260731_233056/controlled_package_push.sh
COMMAND_CENTER	FILE	LOG	425	1785533460	NONE	/data/data/com.termux/files/home/FREYA_ANDROID_888/00_CONTROL/EVIDENCE/BATCH_08B_HUMAN_GATE_PUSH_20260731_233056/execution.log
COMMAND_CENTER	DIR	NONE	3452	1786194622	NONE	/data/data/com.termux/files/home/FREYA_ANDROID_888/00_CONTROL/REGISTRY/HUMAN_GATE_COMMAND_CENTER
COMMAND_CENTER	FILE	ENV	964	1786194622	NONE	/data/data/com.termux/files/home/FREYA_ANDROID_888/00_CONTROL/REGISTRY/HUMAN_GATE_COMMAND_CENTER/CURRENT.env
COMMAND_CENTER	DIR	NONE	3452	1786194618	NONE	/data/data/com.termux/files/home/FREYA_ANDROID_888/00_CONTROL/REGISTRY/HUMAN_GATE_COMMAND_CENTER/RELEASES
COMMAND_CENTER	DIR	NONE	3452	1786194622	NONE	/data/data/com.termux/files/home/FREYA_ANDROID_888/00_CONTROL/REGISTRY/HUMAN_GATE_COMMAND_CENTER/RELEASES/BATCH_12_HUMAN_GATE_COMMAND_CENTER_20260808T131018Z_PID28996
COMMAND_CENTER	FILE	SHA256	1290	1786194622	NONE	/data/data/com.termux/files/home/FREYA_ANDROID_888/00_CONTROL/REGISTRY/HUMAN_GATE_COMMAND_CENTER/RELEASES/BATCH_12_HUMAN_GATE_COMMAND_CENTER_20260808T131018Z_PID28996/EVIDENCE_MANIFEST.sha256
COMMAND_CENTER	FILE	ENV	897	1786194622	NONE	/data/data/com.termux/files/home/FREYA_ANDROID_888/00_CONTROL/REGISTRY/HUMAN_GATE_COMMAND_CENTER/RELEASES/BATCH_12_HUMAN_GATE_COMMAND_CENTER_20260808T131018Z_PID28996/POST_STATE.env
COMMAND_CENTER	FILE	ENV	442	1786194618	NONE	/data/data/com.termux/files/home/FREYA_ANDROID_888/00_CONTROL/REGISTRY/HUMAN_GATE_COMMAND_CENTER/RELEASES/BATCH_12_HUMAN_GATE_COMMAND_CENTER_20260808T131018Z_PID28996/PRE_STATE.env
COMMAND_CENTER	FILE	ENV	759	1786194622	NONE	/data/data/com.termux/files/home/FREYA_ANDROID_888/00_CONTROL/REGISTRY/HUMAN_GATE_COMMAND_CENTER/RELEASES/BATCH_12_HUMAN_GATE_COMMAND_CENTER_20260808T131018Z_PID28996/REPORT.env
COMMAND_CENTER	FILE	SH	755	1786194618	NONE	/data/data/com.termux/files/home/FREYA_ANDROID_888/00_CONTROL/REGISTRY/HUMAN_GATE_COMMAND_CENTER/RELEASES/BATCH_12_HUMAN_GATE_COMMAND_CENTER_20260808T131018Z_PID28996/ROLLBACK.sh
COMMAND_CENTER	FILE	TXT	183	1786194622	NONE	/data/data/com.termux/files/home/FREYA_ANDROID_888/00_CONTROL/REGISTRY/HUMAN_GATE_COMMAND_CENTER/RELEASES/BATCH_12_HUMAN_GATE_COMMAND_CENTER_20260808T131018Z_PID28996/cmd_apps.txt
COMMAND_CENTER	FILE	TXT	323	1786194622	NONE	/data/data/com.termux/files/home/FREYA_ANDROID_888/00_CONTROL/REGISTRY/HUMAN_GATE_COMMAND_CENTER/RELEASES/BATCH_12_HUMAN_GATE_COMMAND_CENTER_20260808T131018Z_PID28996/cmd_help.txt
COMMAND_CENTER	FILE	TXT	264	1786194622	NONE	/data/data/com.termux/files/home/FREYA_ANDROID_888/00_CONTROL/REGISTRY/HUMAN_GATE_COMMAND_CENTER/RELEASES/BATCH_12_HUMAN_GATE_COMMAND_CENTER_20260808T131018Z_PID28996/cmd_mac.txt
COMMAND_CENTER	FILE	TXT	161	1786194622	NONE	/data/data/com.termux/files/home/FREYA_ANDROID_888/00_CONTROL/REGISTRY/HUMAN_GATE_COMMAND_CENTER/RELEASES/BATCH_12_HUMAN_GATE_COMMAND_CENTER_20260808T131018Z_PID28996/cmd_msi.txt
COMMAND_CENTER	FILE	TXT	754	1786194622	NONE	/data/data/com.termux/files/home/FREYA_ANDROID_888/00_CONTROL/REGISTRY/HUMAN_GATE_COMMAND_CENTER/RELEASES/BATCH_12_HUMAN_GATE_COMMAND_CENTER_20260808T131018Z_PID28996/cmd_review.txt
COMMAND_CENTER	FILE	TXT	590	1786194619	NONE	/data/data/com.termux/files/home/FREYA_ANDROID_888/00_CONTROL/REGISTRY/HUMAN_GATE_COMMAND_CENTER/RELEASES/BATCH_12_HUMAN_GATE_COMMAND_CENTER_20260808T131018Z_PID28996/cmd_status.txt
COMMAND_CENTER	FILE	TXT	483	1786194622	NONE	/data/data/com.termux/files/home/FREYA_ANDROID_888/00_CONTROL/REGISTRY/HUMAN_GATE_COMMAND_CENTER/RELEASES/BATCH_12_HUMAN_GATE_COMMAND_CENTER_20260808T131018Z_PID28996/cmd_storage.txt
COMMAND_CENTER	FILE	TXT	222	1786194620	NONE	/data/data/com.termux/files/home/FREYA_ANDROID_888/00_CONTROL/REGISTRY/HUMAN_GATE_COMMAND_CENTER/RELEASES/BATCH_12_HUMAN_GATE_COMMAND_CENTER_20260808T131018Z_PID28996/cmd_today.txt
COMMAND_CENTER	FILE	TXT	82	1786194622	NONE	/data/data/com.termux/files/home/FREYA_ANDROID_888/00_CONTROL/REGISTRY/HUMAN_GATE_COMMAND_CENTER/RELEASES/BATCH_12_HUMAN_GATE_COMMAND_CENTER_20260808T131018Z_PID28996/cmd_urgent.txt
COMMAND_CENTER	FILE	TXT	501	1786194622	NONE	/data/data/com.termux/files/home/FREYA_ANDROID_888/00_CONTROL/REGISTRY/HUMAN_GATE_COMMAND_CENTER/RELEASES/BATCH_12_HUMAN_GATE_COMMAND_CENTER_20260808T131018Z_PID28996/cmd_widget.txt
COMMAND_CENTER	FILE	BEFORE	2197	1786194618	NONE	/data/data/com.termux/files/home/FREYA_ANDROID_888/00_CONTROL/REGISTRY/HUMAN_GATE_COMMAND_CENTER/RELEASES/BATCH_12_HUMAN_GATE_COMMAND_CENTER_20260808T131018Z_PID28996/freya.entry.before
COMMAND_CENTER	FILE	ENV	410	1786194618	NONE	/data/data/com.termux/files/home/FREYA_ANDROID_888/00_CONTROL/REGISTRY/HUMAN_GATE_COMMAND_CENTER/RELEASES/BATCH_12_HUMAN_GATE_COMMAND_CENTER_20260808T131018Z_PID28996/freya.entry.before.env
COMMAND_CENTER	FILE	TXT	421	1785946162	NONE	/data/data/com.termux/files/home/FREYA_ANDROID_888/06_DAILY_PACKAGES/.A23R4_A26_DERIVED_PACKAGE_ACCEPTANCE_STAGE_20260805T165057Z_PID25522/PAYLOAD/06_DAILY_PACKAGES/ANDROID_ARS7_20260802T193649Z_3580/HUMAN_GATE_REQUEST.txt
COMMAND_CENTER	DIR	NONE	3452	1785946162	NONE	/data/data/com.termux/files/home/FREYA_ANDROID_888/06_DAILY_PACKAGES/.A23R4_A26_DERIVED_PACKAGE_ACCEPTANCE_STAGE_20260805T165057Z_PID25522/PAYLOAD/12_HUMAN_GATE
COMMAND_CENTER	FILE	TSV	31839	1785946162	NONE	/data/data/com.termux/files/home/FREYA_ANDROID_888/06_DAILY_PACKAGES/.A23R4_A26_DERIVED_PACKAGE_ACCEPTANCE_STAGE_20260805T165057Z_PID25522/PAYLOAD/12_HUMAN_GATE/ANDROID_B11_HUMAN_GATE_REVIEW_CANDIDATES.tsv
COMMAND_CENTER	FILE	TXT	684	1785946162	NONE	/data/data/com.termux/files/home/FREYA_ANDROID_888/06_DAILY_PACKAGES/.A23R4_A26_DERIVED_PACKAGE_ACCEPTANCE_STAGE_20260805T165057Z_PID25522/PAYLOAD/12_HUMAN_GATE/ANDROID_B11_HUMAN_GATE_REVIEW_REQUEST.txt
COMMAND_CENTER	FILE	TXT	421	1785699410	NONE	/data/data/com.termux/files/home/FREYA_ANDROID_888/06_DAILY_PACKAGES/ANDROID_ARS7_20260802T193649Z_3580/HUMAN_GATE_REQUEST.txt
COMMAND_CENTER	FILE	TXT	421	1785946162	NONE	/data/data/com.termux/files/home/FREYA_ANDROID_888/06_DAILY_PACKAGES/ANDROID_ARS_RECOVERY_20260805T160922Z/PAYLOAD/06_DAILY_PACKAGES/ANDROID_ARS7_20260802T193649Z_3580/HUMAN_GATE_REQUEST.txt
COMMAND_CENTER	DIR	NONE	3452	1785946162	NONE	/data/data/com.termux/files/home/FREYA_ANDROID_888/06_DAILY_PACKAGES/ANDROID_ARS_RECOVERY_20260805T160922Z/PAYLOAD/12_HUMAN_GATE
COMMAND_CENTER	FILE	TSV	31839	1785946162	NONE	/data/data/com.termux/files/home/FREYA_ANDROID_888/06_DAILY_PACKAGES/ANDROID_ARS_RECOVERY_20260805T160922Z/PAYLOAD/12_HUMAN_GATE/ANDROID_B11_HUMAN_GATE_REVIEW_CANDIDATES.tsv
COMMAND_CENTER	FILE	TXT	684	1785946162	NONE	/data/data/com.termux/files/home/FREYA_ANDROID_888/06_DAILY_PACKAGES/ANDROID_ARS_RECOVERY_20260805T160922Z/PAYLOAD/12_HUMAN_GATE/ANDROID_B11_HUMAN_GATE_REVIEW_REQUEST.txt
COMMAND_CENTER	FILE	TXT	421	1785946162	NONE	/data/data/com.termux/files/home/FREYA_ANDROID_888/06_DAILY_PACKAGES/ANDROID_ARS_RECOVERY_DERIVED_20260805T170007Z_A23R4/PAYLOAD/06_DAILY_PACKAGES/ANDROID_ARS7_20260802T193649Z_3580/HUMAN_GATE_REQUEST.txt
COMMAND_CENTER	DIR	NONE	3452	1785946162	NONE	/data/data/com.termux/files/home/FREYA_ANDROID_888/06_DAILY_PACKAGES/ANDROID_ARS_RECOVERY_DERIVED_20260805T170007Z_A23R4/PAYLOAD/12_HUMAN_GATE
COMMAND_CENTER	FILE	TSV	31839	1785946162	NONE	/data/data/com.termux/files/home/FREYA_ANDROID_888/06_DAILY_PACKAGES/ANDROID_ARS_RECOVERY_DERIVED_20260805T170007Z_A23R4/PAYLOAD/12_HUMAN_GATE/ANDROID_B11_HUMAN_GATE_REVIEW_CANDIDATES.tsv
COMMAND_CENTER	FILE	TXT	684	1785946162	NONE	/data/data/com.termux/files/home/FREYA_ANDROID_888/06_DAILY_PACKAGES/ANDROID_ARS_RECOVERY_DERIVED_20260805T170007Z_A23R4/PAYLOAD/12_HUMAN_GATE/ANDROID_B11_HUMAN_GATE_REVIEW_REQUEST.txt
COMMAND_CENTER	DIR	NONE	3452	1786194618	NONE	/data/data/com.termux/files/home/FREYA_ANDROID_888/13_RUNTIME/HUMAN_GATE_COMMAND_CENTER
COMMAND_CENTER	DIR	NONE	3452	1786196579	NONE	/data/data/com.termux/files/home/FREYA_ANDROID_888/13_RUNTIME/HUMAN_GATE_COMMAND_CENTER/bin
COMMAND_CENTER	FILE	NONE	3917	1786196579	NONE	/data/data/com.termux/files/home/FREYA_ANDROID_888/13_RUNTIME/HUMAN_GATE_COMMAND_CENTER/bin/freya
COMMAND_CENTER	DIR	NONE	3452	1786280191	NONE	/data/data/com.termux/files/home/FREYA_ANDROID_888/13_RUNTIME/HUMAN_GATE_CONTROL_SURFACE_RELEASES
COMMAND_CENTER	DIR	NONE	3452	1786280191	NONE	/data/data/com.termux/files/home/FREYA_ANDROID_888/13_RUNTIME/HUMAN_GATE_CONTROL_SURFACE_RELEASES/A027_20260809T125631Z_PID14118
COMMAND_CENTER	FILE	NONE	3142	1786280191	NONE	/data/data/com.termux/files/home/FREYA_ANDROID_888/13_RUNTIME/HUMAN_GATE_CONTROL_SURFACE_RELEASES/A027_20260809T125631Z_PID14118/freya-hg
COMMAND_CENTER	DIR	NONE	3452	1786280270	NONE	/data/data/com.termux/files/home/FREYA_ANDROID_888/13_RUNTIME/HUMAN_GATE_DASHBOARD_RELEASES
COMMAND_CENTER	DIR	NONE	3452	1786280270	NONE	/data/data/com.termux/files/home/FREYA_ANDROID_888/13_RUNTIME/HUMAN_GATE_DASHBOARD_RELEASES/A028_20260809T125750Z_PID14463
COMMAND_CENTER	FILE	NONE	3245	1786280270	NONE	/data/data/com.termux/files/home/FREYA_ANDROID_888/13_RUNTIME/HUMAN_GATE_DASHBOARD_RELEASES/A028_20260809T125750Z_PID14463/freya-dash
COMMAND_CENTER	FILE	MD	308	1786124595	NONE	/data/data/com.termux/files/home/FREYA_ANDROID_888/15_RUNTIME/INTEGRATION_STAGING_RELEASES/F12_20260807T174312Z_PID6760/STAGED/TEXT/ee60fa2c147d__03_HUMAN_GATE.md
INDEX_CATALOG	FILE	TSV	68249	1785844290	NONE	/data/data/com.termux/files/home/FREYA_ANDROID_888/00_CONTROL/BATCHES/ANDROID_A07_HASH_AND_METADATA_FACTORY/20260804T115128Z_PID10345/HASH_INDEX.tsv
INDEX_CATALOG	FILE	TSV	2051	1785845336	NONE	/data/data/com.termux/files/home/FREYA_ANDROID_888/00_CONTROL/BATCHES/ANDROID_A11_POLICY_VALIDATION_AND_PACKAGE_CANDIDATE_BUILD/20260804T120855Z_PID14826/PACKAGE_CANDIDATE_INDEX.tsv
INDEX_CATALOG	FILE	TSV	2693	1785768851	NONE	/data/data/com.termux/files/home/FREYA_ANDROID_888/00_CONTROL/BATCHES/ANDROID_B17_CANONICAL_DUPLICATE_RECONCILIATION/ANDROID_B17_CANONICAL_DUPLICATE_RECONCILIATION_20260803T145410Z/RUNTIME_SHA_INDEX.tsv
INDEX_CATALOG	FILE	TSV	2498	1785790998	NONE	/data/data/com.termux/files/home/FREYA_ANDROID_888/00_CONTROL/BATCHES/ANDROID_S02R1_CONTENT_ASSISTED_ENTITY_LINKAGE/ANDROID_S02R1_CONTENT_ASSISTED_ENTITY_LINKAGE_20260803T210259Z_PID18533/ENTITY_SIGNAL_INDEX.tsv
INDEX_CATALOG	FILE	TSV	85	1785790894	NONE	/data/data/com.termux/files/home/FREYA_ANDROID_888/00_CONTROL/BATCHES/ANDROID_S02_ENTITY_REGISTRY_NORMALIZATION/ANDROID_S02_ENTITY_REGISTRY_NORMALIZATION_20260803T210134Z_PID18312/ENTITY_SIGNAL_INDEX.tsv
INDEX_CATALOG	FILE	TSV	265167	1786123900	NONE	/data/data/com.termux/files/home/FREYA_ANDROID_888/00_CONTROL/BATCHES_ACTIVE/F09_20260807T172732Z_PID19546/EXISTING_FREYA_MATCH_INDEX.tsv
INDEX_CATALOG	FILE	TSV	932112	1786124518	NONE	/data/data/com.termux/files/home/FREYA_ANDROID_888/00_CONTROL/BATCHES_ACTIVE/F11_20260807T174153Z_PID6004/EXISTING_FILENAME_INDEX.tsv
INDEX_CATALOG	FILE	TXT	58274	1786186313	NONE	/data/data/com.termux/files/home/FREYA_ANDROID_888/00_CONTROL/EVIDENCE/F01_F02_F03_F04_F05_F06_F09_F10_R1_20260808T105147Z_PID12569/ack_artifact_index.txt
INDEX_CATALOG	FILE	TXT	10806	1786186319	NONE	/data/data/com.termux/files/home/FREYA_ANDROID_888/00_CONTROL/EVIDENCE/F01_F02_F03_F04_F05_F06_F09_F10_R1_20260808T105147Z_PID12569/freya_transport_authority_index.txt
INDEX_CATALOG	FILE	TSV	1185	1783105668	NONE	/data/data/com.termux/files/home/FREYA_ANDROID_888/15_RUNTIME/ARCHIVE_EXTRACT_RELEASES/F08_20260807T172440Z_PID17083/UNPACKED/06_5c6276ab0ad1acf4/ARS_5_P1_DRAFT_NOTES_INDEX_20260703_210747.tsv
INDEX_CATALOG	FILE	TSV	1185	1786124592	NONE	/data/data/com.termux/files/home/FREYA_ANDROID_888/15_RUNTIME/INTEGRATION_STAGING_RELEASES/F12_20260807T174312Z_PID6760/STAGED/DATA/9b4535653e19__ARS_5_P1_DRAFT_NOTES_INDEX_20260703_210747.tsv
KNOWLEDGE	DIR	NONE	3452	1785791474	NONE	/data/data/com.termux/files/home/FREYA_ANDROID_888/00_CONTROL/BATCHES/ANDROID_S05_STRATEGIC_PROJECT_DOSSIER_BUILD
KNOWLEDGE	DIR	NONE	3452	1785791474	NONE	/data/data/com.termux/files/home/FREYA_ANDROID_888/00_CONTROL/BATCHES/ANDROID_S05_STRATEGIC_PROJECT_DOSSIER_BUILD/ANDROID_S05_STRATEGIC_PROJECT_DOSSIER_BUILD_20260803T211114Z_PID19973
KNOWLEDGE	FILE	ENV	355	1785791474	NONE	/data/data/com.termux/files/home/FREYA_ANDROID_888/00_CONTROL/BATCHES/ANDROID_S05_STRATEGIC_PROJECT_DOSSIER_BUILD/ANDROID_S05_STRATEGIC_PROJECT_DOSSIER_BUILD_20260803T211114Z_PID19973/CLOSURE.env
KNOWLEDGE	DIR	NONE	3452	1785791474	NONE	/data/data/com.termux/files/home/FREYA_ANDROID_888/00_CONTROL/BATCHES/ANDROID_S05_STRATEGIC_PROJECT_DOSSIER_BUILD/ANDROID_S05_STRATEGIC_PROJECT_DOSSIER_BUILD_20260803T211114Z_PID19973/DOSSIERS
KNOWLEDGE	FILE	ENV	818	1785791474	NONE	/data/data/com.termux/files/home/FREYA_ANDROID_888/00_CONTROL/BATCHES/ANDROID_S05_STRATEGIC_PROJECT_DOSSIER_BUILD/ANDROID_S05_STRATEGIC_PROJECT_DOSSIER_BUILD_20260803T211114Z_PID19973/DOSSIER_BUILD_SUMMARY.env
KNOWLEDGE	FILE	TSV	793	1785791474	NONE	/data/data/com.termux/files/home/FREYA_ANDROID_888/00_CONTROL/BATCHES/ANDROID_S05_STRATEGIC_PROJECT_DOSSIER_BUILD/ANDROID_S05_STRATEGIC_PROJECT_DOSSIER_BUILD_20260803T211114Z_PID19973/DOSSIER_INDEX.tsv
KNOWLEDGE	FILE	TSV	571	1785791474	NONE	/data/data/com.termux/files/home/FREYA_ANDROID_888/00_CONTROL/BATCHES/ANDROID_S05_STRATEGIC_PROJECT_DOSSIER_BUILD/ANDROID_S05_STRATEGIC_PROJECT_DOSSIER_BUILD_20260803T211114Z_PID19973/ENTITY_DOSSIER_COVERAGE.tsv
KNOWLEDGE	FILE	SHA256	1686	1785791474	NONE	/data/data/com.termux/files/home/FREYA_ANDROID_888/00_CONTROL/BATCHES/ANDROID_S05_STRATEGIC_PROJECT_DOSSIER_BUILD/ANDROID_S05_STRATEGIC_PROJECT_DOSSIER_BUILD_20260803T211114Z_PID19973/EVIDENCE_MANIFEST.sha256
KNOWLEDGE	FILE	TSV	402	1785791474	NONE	/data/data/com.termux/files/home/FREYA_ANDROID_888/00_CONTROL/BATCHES/ANDROID_S05_STRATEGIC_PROJECT_DOSSIER_BUILD/ANDROID_S05_STRATEGIC_PROJECT_DOSSIER_BUILD_20260803T211114Z_PID19973/PROJECT_READINESS_MATRIX.tsv
KNOWLEDGE	FILE	TSV	996	1785791474	NONE	/data/data/com.termux/files/home/FREYA_ANDROID_888/00_CONTROL/BATCHES/ANDROID_S05_STRATEGIC_PROJECT_DOSSIER_BUILD/ANDROID_S05_STRATEGIC_PROJECT_DOSSIER_BUILD_20260803T211114Z_PID19973/SIGNAL_DOSSIER_UTILIZATION.tsv
KNOWLEDGE	DIR	NONE	3452	1785516167	NONE	/data/data/com.termux/files/home/FREYA_ANDROID_888/00_CONTROL/BATCH_RUNS/BATCH_002A_DOCTRINE_ADAPTER_TRANSFORMER_GAP_AUDIT_20260731T164246Z_14C89377
KNOWLEDGE	FILE	TXT	934	1785516167	NONE	/data/data/com.termux/files/home/FREYA_ANDROID_888/00_CONTROL/BATCH_RUNS/BATCH_002A_DOCTRINE_ADAPTER_TRANSFORMER_GAP_AUDIT_20260731T164246Z_14C89377/batch_receipt.txt
KNOWLEDGE	FILE	TSV	25924	1785516166	NONE	/data/data/com.termux/files/home/FREYA_ANDROID_888/00_CONTROL/BATCH_RUNS/BATCH_002A_DOCTRINE_ADAPTER_TRANSFORMER_GAP_AUDIT_20260731T164246Z_14C89377/capability_assets.tsv
KNOWLEDGE	FILE	JSON	2887	1785516167	NONE	/data/data/com.termux/files/home/FREYA_ANDROID_888/00_CONTROL/BATCH_RUNS/BATCH_002A_DOCTRINE_ADAPTER_TRANSFORMER_GAP_AUDIT_20260731T164246Z_14C89377/gap_audit_report.json
KNOWLEDGE	FILE	TSV	1544	1785516166	NONE	/data/data/com.termux/files/home/FREYA_ANDROID_888/00_CONTROL/BATCH_RUNS/BATCH_002A_DOCTRINE_ADAPTER_TRANSFORMER_GAP_AUDIT_20260731T164246Z_14C89377/python_capability_map.tsv
KNOWLEDGE	FILE	TSV	559	1785516166	NONE	/data/data/com.termux/files/home/FREYA_ANDROID_888/00_CONTROL/BATCH_RUNS/BATCH_002A_DOCTRINE_ADAPTER_TRANSFORMER_GAP_AUDIT_20260731T164246Z_14C89377/schema_registry_results.tsv
KNOWLEDGE	FILE	TSV	818	1785516166	NONE	/data/data/com.termux/files/home/FREYA_ANDROID_888/00_CONTROL/BATCH_RUNS/BATCH_002A_DOCTRINE_ADAPTER_TRANSFORMER_GAP_AUDIT_20260731T164246Z_14C89377/validator_results.tsv
KNOWLEDGE	FILE	JSON	12815250	1785530318	NONE	/data/data/com.termux/files/home/FREYA_ANDROID_888/00_CONTROL/EVIDENCE/BATCH_01_GLOBAL_DISCOVERY_20260731_223756/DOCTRINE_CANDIDATES.json
KNOWLEDGE	DIR	NONE	3452	1785531190	NONE	/data/data/com.termux/files/home/FREYA_ANDROID_888/00_CONTROL/EVIDENCE/BATCH_03_DOCTRINE_LITE_20260731_224848
KNOWLEDGE	FILE	SHA256	587	1785531190	NONE	/data/data/com.termux/files/home/FREYA_ANDROID_888/00_CONTROL/EVIDENCE/BATCH_03_DOCTRINE_LITE_20260731_224848/EVIDENCE_MANIFEST.sha256
KNOWLEDGE	FILE	TXT	0	1785530928	NONE	/data/data/com.termux/files/home/FREYA_ANDROID_888/00_CONTROL/EVIDENCE/BATCH_03_DOCTRINE_LITE_20260731_224848/agent_doctrine_map.txt
KNOWLEDGE	FILE	TXT	511622	1785530930	NONE	/data/data/com.termux/files/home/FREYA_ANDROID_888/00_CONTROL/EVIDENCE/BATCH_03_DOCTRINE_LITE_20260731_224848/doctrine_candidates.txt
KNOWLEDGE	FILE	TXT	393	1785531190	NONE	/data/data/com.termux/files/home/FREYA_ANDROID_888/00_CONTROL/EVIDENCE/BATCH_03_DOCTRINE_LITE_20260731_224848/summary.txt
KNOWLEDGE	DIR	NONE	3452	1785766557	NONE	/data/data/com.termux/files/home/FREYA_ANDROID_888/00_CONTROL/EVIDENCE/BATCH_03_DOCTRINE_MAPPING_20260731_224616
KNOWLEDGE	FILE	PY	26874	1785530782	NONE	/data/data/com.termux/files/home/FREYA_ANDROID_888/00_CONTROL/EVIDENCE/BATCH_03_DOCTRINE_MAPPING_20260731_224616/batch03_doctrine_mapping.py
KNOWLEDGE	FILE	JSONL	566415	1786124595	NONE	/data/data/com.termux/files/home/FREYA_ANDROID_888/15_RUNTIME/INTEGRATION_STAGING_RELEASES/F12_20260807T174312Z_PID6760/STAGED/DATA/29286cb9463e__IPHONE_KNOWLEDGE_OBJECTS.jsonl
KNOWLEDGE	FILE	TSV	411466	1786124595	NONE	/data/data/com.termux/files/home/FREYA_ANDROID_888/15_RUNTIME/INTEGRATION_STAGING_RELEASES/F12_20260807T174312Z_PID6760/STAGED/DATA/672064827a38__IPHONE_KNOWLEDGE_OBJECTS.tsv
KNOWLEDGE	FILE	TXT	344431	1786124594	NONE	/data/data/com.termux/files/home/FREYA_ANDROID_888/15_RUNTIME/INTEGRATION_STAGING_RELEASES/F12_20260807T174312Z_PID6760/STAGED/TEXT/adefeed9d37f__02_SMART_KNOWLEDGE_FILES.txt
KNOWLEDGE	DIR	NONE	3452	1786125178	NONE	/data/data/com.termux/files/home/FREYA_ANDROID_888/15_RUNTIME/RECOVERED_KNOWLEDGE_OPERATIONAL_RELEASES
KNOWLEDGE	DIR	NONE	3452	1786125181	NONE	/data/data/com.termux/files/home/FREYA_ANDROID_888/15_RUNTIME/RECOVERED_KNOWLEDGE_OPERATIONAL_RELEASES/F15F16_20260807T175258Z_PID11145
KNOWLEDGE	FILE	SHA256	1618	1786125181	NONE	/data/data/com.termux/files/home/FREYA_ANDROID_888/15_RUNTIME/RECOVERED_KNOWLEDGE_OPERATIONAL_RELEASES/F15F16_20260807T175258Z_PID11145/FINAL_RELEASE_MANIFEST.sha256
KNOWLEDGE	FILE	SHA256	232	1786125181	NONE	/data/data/com.termux/files/home/FREYA_ANDROID_888/15_RUNTIME/RECOVERED_KNOWLEDGE_OPERATIONAL_RELEASES/F15F16_20260807T175258Z_PID11145/FINAL_SEAL.sha256
KNOWLEDGE	FILE	ENV	1338	1786125181	NONE	/data/data/com.termux/files/home/FREYA_ANDROID_888/15_RUNTIME/RECOVERED_KNOWLEDGE_OPERATIONAL_RELEASES/F15F16_20260807T175258Z_PID11145/FINAL_STATE.env
KNOWLEDGE	DIR	NONE	3452	1786125181	NONE	/data/data/com.termux/files/home/FREYA_ANDROID_888/15_RUNTIME/RECOVERED_KNOWLEDGE_OPERATIONAL_RELEASES/F15F16_20260807T175258Z_PID11145/METADATA
KNOWLEDGE	FILE	TSV	34	1786125181	NONE	/data/data/com.termux/files/home/FREYA_ANDROID_888/15_RUNTIME/RECOVERED_KNOWLEDGE_OPERATIONAL_RELEASES/F15F16_20260807T175258Z_PID11145/METADATA/CLASSIFICATION_SUMMARY.tsv
KNOWLEDGE	FILE	TSV	0	1786125181	NONE	/data/data/com.termux/files/home/FREYA_ANDROID_888/15_RUNTIME/RECOVERED_KNOWLEDGE_OPERATIONAL_RELEASES/F15F16_20260807T175258Z_PID11145/METADATA/DUPLICATE_KEYS.tsv
KNOWLEDGE	FILE	TSV	0	1786125179	NONE	/data/data/com.termux/files/home/FREYA_ANDROID_888/15_RUNTIME/RECOVERED_KNOWLEDGE_OPERATIONAL_RELEASES/F15F16_20260807T175258Z_PID11145/METADATA/INDEX_FAILURES.tsv
KNOWLEDGE	FILE	TSV	0	1786125181	NONE	/data/data/com.termux/files/home/FREYA_ANDROID_888/15_RUNTIME/RECOVERED_KNOWLEDGE_OPERATIONAL_RELEASES/F15F16_20260807T175258Z_PID11145/METADATA/NAME_CONFLICTS.tsv
KNOWLEDGE	FILE	TSV	2371	1786125181	NONE	/data/data/com.termux/files/home/FREYA_ANDROID_888/15_RUNTIME/RECOVERED_KNOWLEDGE_OPERATIONAL_RELEASES/F15F16_20260807T175258Z_PID11145/METADATA/NAME_HASH_INDEX.tsv
KNOWLEDGE	FILE	TSV	13176	1786125181	NONE	/data/data/com.termux/files/home/FREYA_ANDROID_888/15_RUNTIME/RECOVERED_KNOWLEDGE_OPERATIONAL_RELEASES/F15F16_20260807T175258Z_PID11145/METADATA/RECOVERED_KNOWLEDGE_INDEX.tsv
REGISTRY	FILE	TSV	51	1785797825	NONE	/data/data/com.termux/files/home/FREYA_ANDROID_888/00_CONTROL/BATCHES/ANDROID_A01R1_SOCKET_ATTRIBUTION_AND_FALSE_POSITIVE_CORRECTION/ANDROID_A01R1_SOCKET_ATTRIBUTION_AND_FALSE_POSITIVE_CORRECTION_20260803T225705Z_PID15541/PROC_NET_SOCKET_REGISTER.tsv
REGISTRY	FILE	TSV	11281	1785940009	NONE	/data/data/com.termux/files/home/FREYA_ANDROID_888/00_CONTROL/BATCHES/ANDROID_A01_FINAL_ROOT_AND_RUNTIME_VALIDATION/20260805T142646Z_PID21321/REGISTRY_CANDIDATES.tsv
REGISTRY	DIR	NONE	3452	1785940592	NONE	/data/data/com.termux/files/home/FREYA_ANDROID_888/00_CONTROL/BATCHES/ANDROID_A02A_RUNTIME_REGISTRY_BINDING_REVIEW
REGISTRY	DIR	NONE	3452	1785940592	NONE	/data/data/com.termux/files/home/FREYA_ANDROID_888/00_CONTROL/BATCHES/ANDROID_A02A_RUNTIME_REGISTRY_BINDING_REVIEW/20260805T143632Z_PID23191
REGISTRY	FILE	ENV	680	1785940592	NONE	/data/data/com.termux/files/home/FREYA_ANDROID_888/00_CONTROL/BATCHES/ANDROID_A02A_RUNTIME_REGISTRY_BINDING_REVIEW/20260805T143632Z_PID23191/CHECKPOINT_BEFORE.env
REGISTRY	FILE	ENV	1016	1785940592	NONE	/data/data/com.termux/files/home/FREYA_ANDROID_888/00_CONTROL/BATCHES/ANDROID_A02A_RUNTIME_REGISTRY_BINDING_REVIEW/20260805T143632Z_PID23191/CLOSURE.env
REGISTRY	FILE	SHA256	361	1785940592	NONE	/data/data/com.termux/files/home/FREYA_ANDROID_888/00_CONTROL/BATCHES/ANDROID_A02A_RUNTIME_REGISTRY_BINDING_REVIEW/20260805T143632Z_PID23191/EVIDENCE_MANIFEST.sha256
REGISTRY	FILE	TSV	4584	1785940592	NONE	/data/data/com.termux/files/home/FREYA_ANDROID_888/00_CONTROL/BATCHES/ANDROID_A02A_RUNTIME_REGISTRY_BINDING_REVIEW/20260805T143632Z_PID23191/RELEVANT_RUNTIME_LINES.tsv
REGISTRY	FILE	ENV	676	1785940592	NONE	/data/data/com.termux/files/home/FREYA_ANDROID_888/00_CONTROL/BATCHES/ANDROID_A02A_RUNTIME_REGISTRY_BINDING_REVIEW/20260805T143632Z_PID23191/RUNTIME_BINDING_ANALYSIS.env
REGISTRY	FILE	TSV	2081	1785940592	NONE	/data/data/com.termux/files/home/FREYA_ANDROID_888/00_CONTROL/BATCHES/ANDROID_A02A_RUNTIME_REGISTRY_BINDING_REVIEW/20260805T143632Z_PID23191/RUNTIME_SOURCE_INVENTORY.tsv
REGISTRY	FILE	TSV	9419	1785941622	NONE	/data/data/com.termux/files/home/FREYA_ANDROID_888/00_CONTROL/BATCHES/ANDROID_A02B2_RUNTIME_DISPATCHER_BINDING_DISCOVERY/20260805T145342Z_PID26687/REGISTRY_EXECUTION_SCHEMA.tsv
REGISTRY	DIR	NONE	3452	1785843191	NONE	/data/data/com.termux/files/home/FREYA_ANDROID_888/00_CONTROL/BATCHES/ANDROID_A04R3_APPROVED_ATOMIC_CANONICAL_REGISTRY_ACTIVATION
REGISTRY	DIR	NONE	3452	1785843192	NONE	/data/data/com.termux/files/home/FREYA_ANDROID_888/00_CONTROL/BATCHES/ANDROID_A04R3_APPROVED_ATOMIC_CANONICAL_REGISTRY_ACTIVATION/20260804T113311Z_PID5783
REGISTRY	FILE	ENV	993	1785843191	NONE	/data/data/com.termux/files/home/FREYA_ANDROID_888/00_CONTROL/BATCHES/ANDROID_A04R3_APPROVED_ATOMIC_CANONICAL_REGISTRY_ACTIVATION/20260804T113311Z_PID5783/ACTIVATION_PREFLIGHT.env
REGISTRY	FILE	ENV	1182	1785843192	NONE	/data/data/com.termux/files/home/FREYA_ANDROID_888/00_CONTROL/BATCHES/ANDROID_A04R3_APPROVED_ATOMIC_CANONICAL_REGISTRY_ACTIVATION/20260804T113311Z_PID5783/ACTIVATION_RECEIPT.env
REGISTRY	FILE	ENV	1359	1785843192	NONE	/data/data/com.termux/files/home/FREYA_ANDROID_888/00_CONTROL/BATCHES/ANDROID_A04R3_APPROVED_ATOMIC_CANONICAL_REGISTRY_ACTIVATION/20260804T113311Z_PID5783/CLOSURE.env
REGISTRY	FILE	SHA256	452	1785843192	NONE	/data/data/com.termux/files/home/FREYA_ANDROID_888/00_CONTROL/BATCHES/ANDROID_A04R3_APPROVED_ATOMIC_CANONICAL_REGISTRY_ACTIVATION/20260804T113311Z_PID5783/EVIDENCE_MANIFEST.sha256
REGISTRY	FILE	JSONL	0	1785844784	NONE	/data/data/com.termux/files/home/FREYA_ANDROID_888/00_CONTROL/BATCHES/ANDROID_A09_OCR_AND_PRIVACY_PREPARATION/20260804T115944Z_PID12078/PRIVACY/PRIVACY_REGISTER.ADS_METAL_TURKEY.jsonl
REGISTRY	FILE	JSONL	0	1785844784	NONE	/data/data/com.termux/files/home/FREYA_ANDROID_888/00_CONTROL/BATCHES/ANDROID_A09_OCR_AND_PRIVACY_PREPARATION/20260804T115944Z_PID12078/PRIVACY/PRIVACY_REGISTER.ARS_METAL_INDUSTRIES_DOO.jsonl
REGISTRY	FILE	JSONL	0	1785844784	NONE	/data/data/com.termux/files/home/FREYA_ANDROID_888/00_CONTROL/BATCHES/ANDROID_A09_OCR_AND_PRIVACY_PREPARATION/20260804T115944Z_PID12078/PRIVACY/PRIVACY_REGISTER.ECO_TRANSFORMER_DOO.jsonl
REGISTRY	FILE	JSONL	1450	1785844785	NONE	/data/data/com.termux/files/home/FREYA_ANDROID_888/00_CONTROL/BATCHES/ANDROID_A09_OCR_AND_PRIVACY_PREPARATION/20260804T115944Z_PID12078/PRIVACY/PRIVACY_REGISTER.FREYA.jsonl
REGISTRY	FILE	JSONL	0	1785844785	NONE	/data/data/com.termux/files/home/FREYA_ANDROID_888/00_CONTROL/BATCHES/ANDROID_A09_OCR_AND_PRIVACY_PREPARATION/20260804T115944Z_PID12078/PRIVACY/PRIVACY_REGISTER.MAREL_ENGINEERING_DOO.jsonl
REGISTRY	FILE	JSONL	283240	1785844785	NONE	/data/data/com.termux/files/home/FREYA_ANDROID_888/00_CONTROL/BATCHES/ANDROID_A09_OCR_AND_PRIVACY_PREPARATION/20260804T115944Z_PID12078/PRIVACY/PRIVACY_REGISTER.UNRESOLVED.jsonl
REGISTRY	FILE	JSONL	284690	1785844784	NONE	/data/data/com.termux/files/home/FREYA_ANDROID_888/00_CONTROL/BATCHES/ANDROID_A09_OCR_AND_PRIVACY_PREPARATION/20260804T115944Z_PID12078/PRIVACY_RISK_REGISTER.jsonl
REGISTRY	DIR	NONE	3452	1785794577	NONE	/data/data/com.termux/files/home/FREYA_ANDROID_888/00_CONTROL/BATCHES/ANDROID_A11R1_REGISTRY_SCHEMA_DISCOVERY
REGISTRY	DIR	NONE	3452	1785794577	NONE	/data/data/com.termux/files/home/FREYA_ANDROID_888/00_CONTROL/BATCHES/ANDROID_A11R1_REGISTRY_SCHEMA_DISCOVERY/20260803T220257Z_PID31632
REGISTRY	FILE	ENV	864	1785794577	NONE	/data/data/com.termux/files/home/FREYA_ANDROID_888/00_CONTROL/BATCHES/ANDROID_A11R1_REGISTRY_SCHEMA_DISCOVERY/20260803T220257Z_PID31632/CLOSURE.env
REGISTRY	FILE	SHA256	257	1785794577	NONE	/data/data/com.termux/files/home/FREYA_ANDROID_888/00_CONTROL/BATCHES/ANDROID_A11R1_REGISTRY_SCHEMA_DISCOVERY/20260803T220257Z_PID31632/EVIDENCE_MANIFEST.sha256
REGISTRY	FILE	JSON	100	1785794577	NONE	/data/data/com.termux/files/home/FREYA_ANDROID_888/00_CONTROL/BATCHES/ANDROID_A11R1_REGISTRY_SCHEMA_DISCOVERY/20260803T220257Z_PID31632/FINDINGS.json
REGISTRY	FILE	ENV	162	1785794577	NONE	/data/data/com.termux/files/home/FREYA_ANDROID_888/00_CONTROL/BATCHES/ANDROID_A11R1_REGISTRY_SCHEMA_DISCOVERY/20260803T220257Z_PID31632/PREFLIGHT.env
REGISTRY	FILE	JSON	6647	1785794577	NONE	/data/data/com.termux/files/home/FREYA_ANDROID_888/00_CONTROL/BATCHES/ANDROID_A11R1_REGISTRY_SCHEMA_DISCOVERY/20260803T220257Z_PID31632/REGISTRY_SCHEMA_DISCOVERY.json
REGISTRY	DIR	NONE	3452	1785793303	NONE	/data/data/com.termux/files/home/FREYA_ANDROID_888/00_CONTROL/BATCHES/ANDROID_A11_QUEUE_NORMALIZATION_AND_STATUS_REGISTRY
REGISTRY	DIR	NONE	3452	1785793303	NONE	/data/data/com.termux/files/home/FREYA_ANDROID_888/00_CONTROL/BATCHES/ANDROID_A11_QUEUE_NORMALIZATION_AND_STATUS_REGISTRY/20260803T214143Z_PID25318
REGISTRY	FILE	ENV	527	1785793303	NONE	/data/data/com.termux/files/home/FREYA_ANDROID_888/00_CONTROL/BATCHES/ANDROID_A11_QUEUE_NORMALIZATION_AND_STATUS_REGISTRY/20260803T214143Z_PID25318/CLOSURE.env
REGISTRY	FILE	SHA256	672	1785793303	NONE	/data/data/com.termux/files/home/FREYA_ANDROID_888/00_CONTROL/BATCHES/ANDROID_A11_QUEUE_NORMALIZATION_AND_STATUS_REGISTRY/20260803T214143Z_PID25318/EVIDENCE_MANIFEST.sha256
REGISTRY	FILE	TSV	1233	1785793303	NONE	/data/data/com.termux/files/home/FREYA_ANDROID_888/00_CONTROL/BATCHES/ANDROID_A11_QUEUE_NORMALIZATION_AND_STATUS_REGISTRY/20260803T214143Z_PID25318/FINDINGS.tsv
REGISTRY	FILE	TSV	886	1785793303	NONE	/data/data/com.termux/files/home/FREYA_ANDROID_888/00_CONTROL/BATCHES/ANDROID_A11_QUEUE_NORMALIZATION_AND_STATUS_REGISTRY/20260803T214143Z_PID25318/INPUT_SHA256_REGISTRY.tsv
REGISTRY	FILE	TSV	1612	1785793303	NONE	/data/data/com.termux/files/home/FREYA_ANDROID_888/00_CONTROL/BATCHES/ANDROID_A11_QUEUE_NORMALIZATION_AND_STATUS_REGISTRY/20260803T214143Z_PID25318/QUEUE_ITEM_STATUS.tsv
REGISTRY	FILE	ENV	272	1785793303	NONE	/data/data/com.termux/files/home/FREYA_ANDROID_888/00_CONTROL/BATCHES/ANDROID_A11_QUEUE_NORMALIZATION_AND_STATUS_REGISTRY/20260803T214143Z_PID25318/QUEUE_POLICY.env
REGISTRY	FILE	TSV	713	1785793303	NONE	/data/data/com.termux/files/home/FREYA_ANDROID_888/00_CONTROL/BATCHES/ANDROID_A11_QUEUE_NORMALIZATION_AND_STATUS_REGISTRY/20260803T214143Z_PID25318/QUEUE_SUMMARY.tsv
REGISTRY	FILE	TSV	1057	1785793303	NONE	/data/data/com.termux/files/home/FREYA_ANDROID_888/00_CONTROL/BATCHES/ANDROID_A11_QUEUE_NORMALIZATION_AND_STATUS_REGISTRY/20260803T214143Z_PID25318/REGISTRY_REFERENCES.tsv
REGISTRY	FILE	ENV	527	1785793303	NONE	/data/data/com.termux/files/home/FREYA_ANDROID_888/00_CONTROL/BATCHES/ANDROID_A11_QUEUE_NORMALIZATION_AND_STATUS_REGISTRY/20260803T214143Z_PID25318/SUMMARY.env
REGISTRY	DIR	NONE	3452	1785796116	NONE	/data/data/com.termux/files/home/FREYA_ANDROID_888/00_CONTROL/BATCHES/ANDROID_ACT04_ATOMIC_CANONICAL_REGISTRY_ACTIVATION
REGISTRY	DIR	NONE	3452	1785796151	NONE	/data/data/com.termux/files/home/FREYA_ANDROID_888/00_CONTROL/BATCHES/ANDROID_ACT04_ATOMIC_CANONICAL_REGISTRY_ACTIVATION/20260803T222836Z_PID31006
REGISTRY	FILE	ENV	283	1785796117	NONE	/data/data/com.termux/files/home/FREYA_ANDROID_888/00_CONTROL/BATCHES/ANDROID_ACT04_ATOMIC_CANONICAL_REGISTRY_ACTIVATION/20260803T222836Z_PID31006/ROLLBACK_COPY.env
REGISTRY	FILE	ENV	246	1785796151	NONE	/data/data/com.termux/files/home/FREYA_ANDROID_888/00_CONTROL/BATCHES/ANDROID_ACT04_ATOMIC_CANONICAL_REGISTRY_ACTIVATION/20260803T222836Z_PID31006/STAGE.env
REGISTRY	FILE	TSV	106127	1785799453	NONE	/data/data/com.termux/files/home/FREYA_ANDROID_888/00_CONTROL/BATCHES/ANDROID_R03_INSTALLED_APPLICATION_AND_RISK_CLASS_DISCOVERY/20260803T232413Z_PID20705/DENIED_PACKAGE_REGISTER.tsv
REGISTRY	FILE	TSV	112164	1785799453	NONE	/data/data/com.termux/files/home/FREYA_ANDROID_888/00_CONTROL/BATCHES/ANDROID_R03_INSTALLED_APPLICATION_AND_RISK_CLASS_DISCOVERY/20260803T232413Z_PID20705/INSTALLED_APPLICATION_REGISTER.tsv
REGISTRY	FILE	TSV	379	1785790998	NONE	/data/data/com.termux/files/home/FREYA_ANDROID_888/00_CONTROL/BATCHES/ANDROID_S02R1_CONTENT_ASSISTED_ENTITY_LINKAGE/ANDROID_S02R1_CONTENT_ASSISTED_ENTITY_LINKAGE_20260803T210259Z_PID18533/ENTITY_REGISTRY.tsv
REGISTRY	DIR	NONE	3452	1785790894	NONE	/data/data/com.termux/files/home/FREYA_ANDROID_888/00_CONTROL/BATCHES/ANDROID_S02_ENTITY_REGISTRY_NORMALIZATION
REGISTRY	DIR	NONE	3452	1785790276	NONE	/data/data/com.termux/files/home/FREYA_ANDROID_888/00_CONTROL/BATCHES/ANDROID_S02_ENTITY_REGISTRY_NORMALIZATION/ANDROID_S02_ENTITY_REGISTRY_NORMALIZATION_20260803T205116Z_PID15987
REGISTRY	FILE	ENV	638	1785790276	NONE	/data/data/com.termux/files/home/FREYA_ANDROID_888/00_CONTROL/BATCHES/ANDROID_S02_ENTITY_REGISTRY_NORMALIZATION/ANDROID_S02_ENTITY_REGISTRY_NORMALIZATION_20260803T205116Z_PID15987/CLOSURE.env
REGISTRY	FILE	TSV	1525	1785790276	NONE	/data/data/com.termux/files/home/FREYA_ANDROID_888/00_CONTROL/BATCHES/ANDROID_S02_ENTITY_REGISTRY_NORMALIZATION/ANDROID_S02_ENTITY_REGISTRY_NORMALIZATION_20260803T205116Z_PID15987/ENTITY_ALIAS_MAP.tsv
REGISTRY	FILE	TSV	44	1785790276	NONE	/data/data/com.termux/files/home/FREYA_ANDROID_888/00_CONTROL/BATCHES/ANDROID_S02_ENTITY_REGISTRY_NORMALIZATION/ANDROID_S02_ENTITY_REGISTRY_NORMALIZATION_20260803T205116Z_PID15987/ENTITY_EVIDENCE_MAP.tsv
REGISTRY	FILE	TSV	631	1785790276	NONE	/data/data/com.termux/files/home/FREYA_ANDROID_888/00_CONTROL/BATCHES/ANDROID_S02_ENTITY_REGISTRY_NORMALIZATION/ANDROID_S02_ENTITY_REGISTRY_NORMALIZATION_20260803T205116Z_PID15987/ENTITY_REGISTRY_CANDIDATE.tsv
REGISTRY	FILE	SHA256	351	1785790276	NONE	/data/data/com.termux/files/home/FREYA_ANDROID_888/00_CONTROL/BATCHES/ANDROID_S02_ENTITY_REGISTRY_NORMALIZATION/ANDROID_S02_ENTITY_REGISTRY_NORMALIZATION_20260803T205116Z_PID15987/EVIDENCE_MANIFEST.sha256
REGISTRY	DIR	NONE	3452	1785790894	NONE	/data/data/com.termux/files/home/FREYA_ANDROID_888/00_CONTROL/BATCHES/ANDROID_S02_ENTITY_REGISTRY_NORMALIZATION/ANDROID_S02_ENTITY_REGISTRY_NORMALIZATION_20260803T210134Z_PID18312
REGISTRY	FILE	ENV	194	1785790894	NONE	/data/data/com.termux/files/home/FREYA_ANDROID_888/00_CONTROL/BATCHES/ANDROID_S02_ENTITY_REGISTRY_NORMALIZATION/ANDROID_S02_ENTITY_REGISTRY_NORMALIZATION_20260803T210134Z_PID18312/CLOSURE.env
REGISTRY	FILE	TSV	500	1785790894	NONE	/data/data/com.termux/files/home/FREYA_ANDROID_888/00_CONTROL/BATCHES/ANDROID_S02_ENTITY_REGISTRY_NORMALIZATION/ANDROID_S02_ENTITY_REGISTRY_NORMALIZATION_20260803T210134Z_PID18312/ENTITY_REGISTRY.tsv
REGISTRY	FILE	SHA256	539	1785790894	NONE	/data/data/com.termux/files/home/FREYA_ANDROID_888/00_CONTROL/BATCHES/ANDROID_S02_ENTITY_REGISTRY_NORMALIZATION/ANDROID_S02_ENTITY_REGISTRY_NORMALIZATION_20260803T210134Z_PID18312/EVIDENCE_MANIFEST.sha256
REGISTRY	FILE	TSV	18	1785790894	NONE	/data/data/com.termux/files/home/FREYA_ANDROID_888/00_CONTROL/BATCHES/ANDROID_S02_ENTITY_REGISTRY_NORMALIZATION/ANDROID_S02_ENTITY_REGISTRY_NORMALIZATION_20260803T210134Z_PID18312/NORMALIZATION_ERRORS.tsv
REGISTRY	FILE	ENV	459	1785790894	NONE	/data/data/com.termux/files/home/FREYA_ANDROID_888/00_CONTROL/BATCHES/ANDROID_S02_ENTITY_REGISTRY_NORMALIZATION/ANDROID_S02_ENTITY_REGISTRY_NORMALIZATION_20260803T210134Z_PID18312/NORMALIZATION_SUMMARY.env
REGISTRY	FILE	TSV	50657	1785790894	NONE	/data/data/com.termux/files/home/FREYA_ANDROID_888/00_CONTROL/BATCHES/ANDROID_S02_ENTITY_REGISTRY_NORMALIZATION/ANDROID_S02_ENTITY_REGISTRY_NORMALIZATION_20260803T210134Z_PID18312/UNASSIGNED_STRATEGIC_CANDIDATES.tsv
REGISTRY	FILE	TSV	3362	1785942383	NONE	/data/data/com.termux/files/home/FREYA_ANDROID_888/00_CONTROL/BATCHES_ACTIVE/A15R0_20260805T150617Z_PID3066/REGISTRY_CANDIDATES.tsv
REGISTRY	FILE	TSV	828	1785942529	NONE	/data/data/com.termux/files/home/FREYA_ANDROID_888/00_CONTROL/BATCHES_ACTIVE/A15R1_20260805T150849Z_PID4445/ACTIVE_REGISTRY_CANDIDATES.tsv
REGISTRY	FILE	TXT	0	1785942330	NONE	/data/data/com.termux/files/home/FREYA_ANDROID_888/00_CONTROL/BATCHES_ACTIVE/A15_20260805T150530Z_PID2674/REGISTRY_CANDIDATES.txt
REGISTRY	DIR	NONE	3452	1785517385	NONE	/data/data/com.termux/files/home/FREYA_ANDROID_888/00_CONTROL/BATCH_RUNS/BATCH_004A_ANDROID_24H_REGISTRY_20260731T170305Z
REGISTRY	FILE	TSV	4633	1785517386	NONE	/data/data/com.termux/files/home/FREYA_ANDROID_888/00_CONTROL/BATCH_RUNS/BATCH_004A_ANDROID_24H_REGISTRY_20260731T170305Z/android_24h_component_registry.tsv
REGISTRY	DIR	NONE	3452	1786106569	NONE	/data/data/com.termux/files/home/FREYA_ANDROID_888/00_CONTROL/CANDIDATES/ANDROID_PIPELINE_SSOT
REGISTRY	FILE	ENV	2009	1786106569	NONE	/data/data/com.termux/files/home/FREYA_ANDROID_888/00_CONTROL/CANDIDATES/ANDROID_PIPELINE_SSOT/ANDROID_PIPELINE_SSOT_CANDIDATE_20260807T124246Z_PID28556.env
REGISTRY	FILE	TSV	886	1785793303	NONE	/data/data/com.termux/files/home/FREYA_ANDROID_888/00_CONTROL/REGISTRIES/ANDROID_V1/QUEUE_STATUS/20260803T214143Z_PID25318/INPUT_SHA256_REGISTRY.tsv
REGISTRY	FILE	SHA256	426	1785793303	NONE	/data/data/com.termux/files/home/FREYA_ANDROID_888/00_CONTROL/REGISTRIES/ANDROID_V1/QUEUE_STATUS/20260803T214143Z_PID25318/REGISTRY_MANIFEST.sha256
REGISTRY	DIR	NONE	3452	1786216480	NONE	/data/data/com.termux/files/home/FREYA_ANDROID_888/00_CONTROL/REGISTRY
REGISTRY	DIR	NONE	3452	1786113791	NONE	/data/data/com.termux/files/home/FREYA_ANDROID_888/00_CONTROL/REGISTRY/ANDROID_AUTONOMOUS_SCHEDULER
REGISTRY	SYMLINK	NONE	186	1786113791	/data/data/com.termux/files/home/FREYA_ANDROID_888/00_CONTROL/REGISTRY/ANDROID_AUTONOMOUS_SCHEDULER/RELEASES/SCHEDULER_V2_CROND_20260807T144306Z_PID11934/ANDROID_AUTONOMOUS_SCHEDULER.env	/data/data/com.termux/files/home/FREYA_ANDROID_888/00_CONTROL/REGISTRY/ANDROID_AUTONOMOUS_SCHEDULER/ANDROID_AUTONOMOUS_SCHEDULER_CURRENT
REGISTRY	DIR	NONE	3452	1786113791	NONE	/data/data/com.termux/files/home/FREYA_ANDROID_888/00_CONTROL/REGISTRY/ANDROID_AUTONOMOUS_SCHEDULER/RELEASES
REGISTRY	DIR	NONE	3452	1786111647	NONE	/data/data/com.termux/files/home/FREYA_ANDROID_888/00_CONTROL/REGISTRY/ANDROID_AUTONOMOUS_SCHEDULER/RELEASES/SCHEDULER_V1_20260807T140726Z_PID4248
REGISTRY	FILE	ENV	945	1786111647	NONE	/data/data/com.termux/files/home/FREYA_ANDROID_888/00_CONTROL/REGISTRY/ANDROID_AUTONOMOUS_SCHEDULER/RELEASES/SCHEDULER_V1_20260807T140726Z_PID4248/ANDROID_AUTONOMOUS_SCHEDULER.env
REGISTRY	FILE	SHA256	501	1786111647	NONE	/data/data/com.termux/files/home/FREYA_ANDROID_888/00_CONTROL/REGISTRY/ANDROID_AUTONOMOUS_SCHEDULER/RELEASES/SCHEDULER_V1_20260807T140726Z_PID4248/MANIFEST.sha256
REGISTRY	DIR	NONE	3452	1786113791	NONE	/data/data/com.termux/files/home/FREYA_ANDROID_888/00_CONTROL/REGISTRY/ANDROID_AUTONOMOUS_SCHEDULER/RELEASES/SCHEDULER_V2_CROND_20260807T144306Z_PID11934
REGISTRY	FILE	ENV	1223	1786113791	NONE	/data/data/com.termux/files/home/FREYA_ANDROID_888/00_CONTROL/REGISTRY/ANDROID_AUTONOMOUS_SCHEDULER/RELEASES/SCHEDULER_V2_CROND_20260807T144306Z_PID11934/ANDROID_AUTONOMOUS_SCHEDULER.env
REGISTRY	FILE	SHA256	253	1786113791	NONE	/data/data/com.termux/files/home/FREYA_ANDROID_888/00_CONTROL/REGISTRY/ANDROID_AUTONOMOUS_SCHEDULER/RELEASES/SCHEDULER_V2_CROND_20260807T144306Z_PID11934/MANIFEST.sha256
REGISTRY	DIR	NONE	3452	1786115711	NONE	/data/data/com.termux/files/home/FREYA_ANDROID_888/00_CONTROL/REGISTRY/ANDROID_AUTONOMY_CERTIFICATION
REGISTRY	SYMLINK	NONE	194	1786115711	/data/data/com.termux/files/home/FREYA_ANDROID_888/00_CONTROL/REGISTRY/ANDROID_AUTONOMY_CERTIFICATION/RELEASES/AUTONOMY_CERT_V1_20260807T151507Z_PID20290/FREYA_ANDROID_AUTONOMY_CERTIFICATION.env	/data/data/com.termux/files/home/FREYA_ANDROID_888/00_CONTROL/REGISTRY/ANDROID_AUTONOMY_CERTIFICATION/FREYA_ANDROID_AUTONOMY_CERTIFICATION_CURRENT
REGISTRY	DIR	NONE	3452	1786115710	NONE	/data/data/com.termux/files/home/FREYA_ANDROID_888/00_CONTROL/REGISTRY/ANDROID_AUTONOMY_CERTIFICATION/RELEASES
REGISTRY	DIR	NONE	3452	1786115711	NONE	/data/data/com.termux/files/home/FREYA_ANDROID_888/00_CONTROL/REGISTRY/ANDROID_AUTONOMY_CERTIFICATION/RELEASES/AUTONOMY_CERT_V1_20260807T151507Z_PID20290
REGISTRY	FILE	ENV	1473	1786115711	NONE	/data/data/com.termux/files/home/FREYA_ANDROID_888/00_CONTROL/REGISTRY/ANDROID_AUTONOMY_CERTIFICATION/RELEASES/AUTONOMY_CERT_V1_20260807T151507Z_PID20290/FREYA_ANDROID_AUTONOMY_CERTIFICATION.env
REGISTRY	FILE	SHA256	65	1786115711	NONE	/data/data/com.termux/files/home/FREYA_ANDROID_888/00_CONTROL/REGISTRY/ANDROID_AUTONOMY_CERTIFICATION/RELEASES/AUTONOMY_CERT_V1_20260807T151507Z_PID20290/FREYA_ANDROID_AUTONOMY_FINAL_SEAL.sha256
REGISTRY	DIR	NONE	3452	1786107916	NONE	/data/data/com.termux/files/home/FREYA_ANDROID_888/00_CONTROL/REGISTRY/ANDROID_AUX_PIPELINE
REGISTRY	SYMLINK	NONE	157	1786107916	/data/data/com.termux/files/home/FREYA_ANDROID_888/00_CONTROL/REGISTRY/ANDROID_AUX_PIPELINE/RELEASES/AUX_R1_20260807T130514Z_PID5546/ANDROID_AUX_PIPELINE.env	/data/data/com.termux/files/home/FREYA_ANDROID_888/00_CONTROL/REGISTRY/ANDROID_AUX_PIPELINE/ANDROID_AUX_PIPELINE_CURRENT
REGISTRY	DIR	NONE	3452	1786107916	NONE	/data/data/com.termux/files/home/FREYA_ANDROID_888/00_CONTROL/REGISTRY/ANDROID_AUX_PIPELINE/RELEASES
REGISTRY	DIR	NONE	3452	1786107694	NONE	/data/data/com.termux/files/home/FREYA_ANDROID_888/00_CONTROL/REGISTRY/ANDROID_AUX_PIPELINE/RELEASES/AUX_20260807T130133Z_PID4971
REGISTRY	FILE	ENV	1590	1786107694	NONE	/data/data/com.termux/files/home/FREYA_ANDROID_888/00_CONTROL/REGISTRY/ANDROID_AUX_PIPELINE/RELEASES/AUX_20260807T130133Z_PID4971/ANDROID_AUX_PIPELINE.env
REGISTRY	FILE	SHA256	429	1786107694	NONE	/data/data/com.termux/files/home/FREYA_ANDROID_888/00_CONTROL/REGISTRY/ANDROID_AUX_PIPELINE/RELEASES/AUX_20260807T130133Z_PID4971/MANIFEST.sha256
REGISTRY	FILE	ENV	575	1786107694	NONE	/data/data/com.termux/files/home/FREYA_ANDROID_888/00_CONTROL/REGISTRY/ANDROID_AUX_PIPELINE/RELEASES/AUX_20260807T130133Z_PID4971/RELEASE.env
REGISTRY	DIR	NONE	3452	1786107916	NONE	/data/data/com.termux/files/home/FREYA_ANDROID_888/00_CONTROL/REGISTRY/ANDROID_AUX_PIPELINE/RELEASES/AUX_R1_20260807T130514Z_PID5546
REGISTRY	FILE	ENV	1590	1786107916	NONE	/data/data/com.termux/files/home/FREYA_ANDROID_888/00_CONTROL/REGISTRY/ANDROID_AUX_PIPELINE/RELEASES/AUX_R1_20260807T130514Z_PID5546/ANDROID_AUX_PIPELINE.env
REGISTRY	FILE	SHA256	435	1786107916	NONE	/data/data/com.termux/files/home/FREYA_ANDROID_888/00_CONTROL/REGISTRY/ANDROID_AUX_PIPELINE/RELEASES/AUX_R1_20260807T130514Z_PID5546/MANIFEST.sha256
REGISTRY	FILE	ENV	361	1786107916	NONE	/data/data/com.termux/files/home/FREYA_ANDROID_888/00_CONTROL/REGISTRY/ANDROID_AUX_PIPELINE/RELEASES/AUX_R1_20260807T130514Z_PID5546/RELEASE.env
REGISTRY	DIR	NONE	3452	1786114215	NONE	/data/data/com.termux/files/home/FREYA_ANDROID_888/00_CONTROL/REGISTRY/ANDROID_LOCAL_ACTION_ENGINE
REGISTRY	SYMLINK	NONE	188	1786114215	/data/data/com.termux/files/home/FREYA_ANDROID_888/00_CONTROL/REGISTRY/ANDROID_LOCAL_ACTION_ENGINE/RELEASES/LOCAL_ACTION_ENGINE_V1_20260807T145015Z_PID13810/ANDROID_LOCAL_ACTION_ENGINE.env	/data/data/com.termux/files/home/FREYA_ANDROID_888/00_CONTROL/REGISTRY/ANDROID_LOCAL_ACTION_ENGINE/ANDROID_LOCAL_ACTION_ENGINE_CURRENT
REGISTRY	DIR	NONE	3452	1786114215	NONE	/data/data/com.termux/files/home/FREYA_ANDROID_888/00_CONTROL/REGISTRY/ANDROID_LOCAL_ACTION_ENGINE/RELEASES
REGISTRY	DIR	NONE	3452	1786114215	NONE	/data/data/com.termux/files/home/FREYA_ANDROID_888/00_CONTROL/REGISTRY/ANDROID_LOCAL_ACTION_ENGINE/RELEASES/LOCAL_ACTION_ENGINE_V1_20260807T145015Z_PID13810
REGISTRY	FILE	ENV	1514	1786114215	NONE	/data/data/com.termux/files/home/FREYA_ANDROID_888/00_CONTROL/REGISTRY/ANDROID_LOCAL_ACTION_ENGINE/RELEASES/LOCAL_ACTION_ENGINE_V1_20260807T145015Z_PID13810/ANDROID_LOCAL_ACTION_ENGINE.env
REGISTRY	FILE	SHA256	519	1786114215	NONE	/data/data/com.termux/files/home/FREYA_ANDROID_888/00_CONTROL/REGISTRY/ANDROID_LOCAL_ACTION_ENGINE/RELEASES/LOCAL_ACTION_ENGINE_V1_20260807T145015Z_PID13810/MANIFEST.sha256
REGISTRY	DIR	NONE	3452	1786195513	NONE	/data/data/com.termux/files/home/FREYA_ANDROID_888/00_CONTROL/REGISTRY/ANDROID_MAC_RECONCILIATION
REGISTRY	FILE	ENV	869	1786195513	NONE	/data/data/com.termux/files/home/FREYA_ANDROID_888/00_CONTROL/REGISTRY/ANDROID_MAC_RECONCILIATION/CURRENT.env
REGISTRY	DIR	NONE	3452	1786195495	NONE	/data/data/com.termux/files/home/FREYA_ANDROID_888/00_CONTROL/REGISTRY/ANDROID_MAC_RECONCILIATION/RELEASES
REGISTRY	DIR	NONE	3452	1786195206	NONE	/data/data/com.termux/files/home/FREYA_ANDROID_888/00_CONTROL/REGISTRY/ANDROID_MAC_RECONCILIATION/RELEASES/BATCH_15_ANDROID_MAC_PRODUCTION_RECONCILIATION_20260808T131947Z_PID451
REGISTRY	FILE	TSV	3050	1786195206	NONE	/data/data/com.termux/files/home/FREYA_ANDROID_888/00_CONTROL/REGISTRY/ANDROID_MAC_RECONCILIATION/RELEASES/BATCH_15_ANDROID_MAC_PRODUCTION_RECONCILIATION_20260808T131947Z_PID451/ACK_SUMMARY.tsv
REGISTRY	FILE	SHA256	408	1786195206	NONE	/data/data/com.termux/files/home/FREYA_ANDROID_888/00_CONTROL/REGISTRY/ANDROID_MAC_RECONCILIATION/RELEASES/BATCH_15_ANDROID_MAC_PRODUCTION_RECONCILIATION_20260808T131947Z_PID451/EVIDENCE_MANIFEST.sha256
REGISTRY	FILE	ENV	850	1786195206	NONE	/data/data/com.termux/files/home/FREYA_ANDROID_888/00_CONTROL/REGISTRY/ANDROID_MAC_RECONCILIATION/RELEASES/BATCH_15_ANDROID_MAC_PRODUCTION_RECONCILIATION_20260808T131947Z_PID451/POST_STATE.env
REGISTRY	FILE	ENV	659	1786195188	NONE	/data/data/com.termux/files/home/FREYA_ANDROID_888/00_CONTROL/REGISTRY/ANDROID_MAC_RECONCILIATION/RELEASES/BATCH_15_ANDROID_MAC_PRODUCTION_RECONCILIATION_20260808T131947Z_PID451/PRE_STATE.env
REGISTRY	FILE	ENV	710	1786195206	NONE	/data/data/com.termux/files/home/FREYA_ANDROID_888/00_CONTROL/REGISTRY/ANDROID_MAC_RECONCILIATION/RELEASES/BATCH_15_ANDROID_MAC_PRODUCTION_RECONCILIATION_20260808T131947Z_PID451/REPORT.env
REGISTRY	FILE	TSV	62637	1786195205	NONE	/data/data/com.termux/files/home/FREYA_ANDROID_888/00_CONTROL/REGISTRY/ANDROID_MAC_RECONCILIATION/RELEASES/BATCH_15_ANDROID_MAC_PRODUCTION_RECONCILIATION_20260808T131947Z_PID451/RUNTIME_ARTIFACTS.tsv
REGISTRY	DIR	NONE	3452	1786195513	NONE	/data/data/com.termux/files/home/FREYA_ANDROID_888/00_CONTROL/REGISTRY/ANDROID_MAC_RECONCILIATION/RELEASES/BATCH_15_ANDROID_MAC_PRODUCTION_RECONCILIATION_20260808T132455Z_PID5983
REGISTRY	FILE	TSV	3050	1786195513	NONE	/data/data/com.termux/files/home/FREYA_ANDROID_888/00_CONTROL/REGISTRY/ANDROID_MAC_RECONCILIATION/RELEASES/BATCH_15_ANDROID_MAC_PRODUCTION_RECONCILIATION_20260808T132455Z_PID5983/ACK_SUMMARY.tsv
REGISTRY	FILE	SHA256	408	1786195513	NONE	/data/data/com.termux/files/home/FREYA_ANDROID_888/00_CONTROL/REGISTRY/ANDROID_MAC_RECONCILIATION/RELEASES/BATCH_15_ANDROID_MAC_PRODUCTION_RECONCILIATION_20260808T132455Z_PID5983/EVIDENCE_MANIFEST.sha256
REGISTRY	FILE	ENV	850	1786195513	NONE	/data/data/com.termux/files/home/FREYA_ANDROID_888/00_CONTROL/REGISTRY/ANDROID_MAC_RECONCILIATION/RELEASES/BATCH_15_ANDROID_MAC_PRODUCTION_RECONCILIATION_20260808T132455Z_PID5983/POST_STATE.env
REGISTRY	FILE	ENV	659	1786195495	NONE	/data/data/com.termux/files/home/FREYA_ANDROID_888/00_CONTROL/REGISTRY/ANDROID_MAC_RECONCILIATION/RELEASES/BATCH_15_ANDROID_MAC_PRODUCTION_RECONCILIATION_20260808T132455Z_PID5983/PRE_STATE.env
REGISTRY	FILE	ENV	710	1786195513	NONE	/data/data/com.termux/files/home/FREYA_ANDROID_888/00_CONTROL/REGISTRY/ANDROID_MAC_RECONCILIATION/RELEASES/BATCH_15_ANDROID_MAC_PRODUCTION_RECONCILIATION_20260808T132455Z_PID5983/REPORT.env
REGISTRY	FILE	TSV	62637	1786195512	NONE	/data/data/com.termux/files/home/FREYA_ANDROID_888/00_CONTROL/REGISTRY/ANDROID_MAC_RECONCILIATION/RELEASES/BATCH_15_ANDROID_MAC_PRODUCTION_RECONCILIATION_20260808T132455Z_PID5983/RUNTIME_ARTIFACTS.tsv
REGISTRY	DIR	NONE	3452	1786195720	NONE	/data/data/com.termux/files/home/FREYA_ANDROID_888/00_CONTROL/REGISTRY/ANDROID_MSI_RECONCILIATION
REGISTRY	FILE	ENV	1089	1786195720	NONE	/data/data/com.termux/files/home/FREYA_ANDROID_888/00_CONTROL/REGISTRY/ANDROID_MSI_RECONCILIATION/CURRENT.env
REGISTRY	DIR	NONE	3452	1786195717	NONE	/data/data/com.termux/files/home/FREYA_ANDROID_888/00_CONTROL/REGISTRY/ANDROID_MSI_RECONCILIATION/RELEASES
REGISTRY	DIR	NONE	3452	1786195720	NONE	/data/data/com.termux/files/home/FREYA_ANDROID_888/00_CONTROL/REGISTRY/ANDROID_MSI_RECONCILIATION/RELEASES/BATCH_16R1_ANDROID_MSI_PRODUCTION_RECONCILIATION_SILENT_EXIT_FIX_20260808T132837Z_PID9244
REGISTRY	FILE	SHA256	564	1786195720	NONE	/data/data/com.termux/files/home/FREYA_ANDROID_888/00_CONTROL/REGISTRY/ANDROID_MSI_RECONCILIATION/RELEASES/BATCH_16R1_ANDROID_MSI_PRODUCTION_RECONCILIATION_SILENT_EXIT_FIX_20260808T132837Z_PID9244/EVIDENCE_MANIFEST.sha256
REGISTRY	FILE	ENV	1017	1786195720	NONE	/data/data/com.termux/files/home/FREYA_ANDROID_888/00_CONTROL/REGISTRY/ANDROID_MSI_RECONCILIATION/RELEASES/BATCH_16R1_ANDROID_MSI_PRODUCTION_RECONCILIATION_SILENT_EXIT_FIX_20260808T132837Z_PID9244/POST_STATE.env
REGISTRY	FILE	ENV	1176	1786195718	NONE	/data/data/com.termux/files/home/FREYA_ANDROID_888/00_CONTROL/REGISTRY/ANDROID_MSI_RECONCILIATION/RELEASES/BATCH_16R1_ANDROID_MSI_PRODUCTION_RECONCILIATION_SILENT_EXIT_FIX_20260808T132837Z_PID9244/PRE_STATE.env
REGISTRY	FILE	ENV	820	1786195720	NONE	/data/data/com.termux/files/home/FREYA_ANDROID_888/00_CONTROL/REGISTRY/ANDROID_MSI_RECONCILIATION/RELEASES/BATCH_16R1_ANDROID_MSI_PRODUCTION_RECONCILIATION_SILENT_EXIT_FIX_20260808T132837Z_PID9244/REPORT.env
REGISTRY	FILE	TXT	237	1786195717	NONE	/data/data/com.termux/files/home/FREYA_ANDROID_888/00_CONTROL/REGISTRY/ANDROID_MSI_RECONCILIATION/RELEASES/BATCH_16R1_ANDROID_MSI_PRODUCTION_RECONCILIATION_SILENT_EXIT_FIX_20260808T132837Z_PID9244/queue_files.txt
REGISTRY	FILE	TXT	143	1786195717	NONE	/data/data/com.termux/files/home/FREYA_ANDROID_888/00_CONTROL/REGISTRY/ANDROID_MSI_RECONCILIATION/RELEASES/BATCH_16R1_ANDROID_MSI_PRODUCTION_RECONCILIATION_SILENT_EXIT_FIX_20260808T132837Z_PID9244/queue_matches.txt
REGISTRY	FILE	ERR	106	1786195720	NONE	/data/data/com.termux/files/home/FREYA_ANDROID_888/00_CONTROL/REGISTRY/ANDROID_MSI_RECONCILIATION/RELEASES/BATCH_16R1_ANDROID_MSI_PRODUCTION_RECONCILIATION_SILENT_EXIT_FIX_20260808T132837Z_PID9244/ssh_probe.err
REGISTRY	FILE	TXT	0	1786195718	NONE	/data/data/com.termux/files/home/FREYA_ANDROID_888/00_CONTROL/REGISTRY/ANDROID_MSI_RECONCILIATION/RELEASES/BATCH_16R1_ANDROID_MSI_PRODUCTION_RECONCILIATION_SILENT_EXIT_FIX_20260808T132837Z_PID9244/ssh_probe.txt
REGISTRY	DIR	NONE	3452	1786195614	NONE	/data/data/com.termux/files/home/FREYA_ANDROID_888/00_CONTROL/REGISTRY/ANDROID_MSI_RECONCILIATION/RELEASES/BATCH_16_ANDROID_MSI_PRODUCTION_RECONCILIATION_20260808T132654Z_PID8739
REGISTRY	FILE	ENV	1176	1786195614	NONE	/data/data/com.termux/files/home/FREYA_ANDROID_888/00_CONTROL/REGISTRY/ANDROID_MSI_RECONCILIATION/RELEASES/BATCH_16_ANDROID_MSI_PRODUCTION_RECONCILIATION_20260808T132654Z_PID8739/PRE_STATE.env
REGISTRY	FILE	TXT	237	1786195614	NONE	/data/data/com.termux/files/home/FREYA_ANDROID_888/00_CONTROL/REGISTRY/ANDROID_MSI_RECONCILIATION/RELEASES/BATCH_16_ANDROID_MSI_PRODUCTION_RECONCILIATION_20260808T132654Z_PID8739/queue_files.txt
REGISTRY	FILE	TXT	143	1786195614	NONE	/data/data/com.termux/files/home/FREYA_ANDROID_888/00_CONTROL/REGISTRY/ANDROID_MSI_RECONCILIATION/RELEASES/BATCH_16_ANDROID_MSI_PRODUCTION_RECONCILIATION_20260808T132654Z_PID8739/queue_matches.txt
REGISTRY	FILE	ERR	106	1786195616	NONE	/data/data/com.termux/files/home/FREYA_ANDROID_888/00_CONTROL/REGISTRY/ANDROID_MSI_RECONCILIATION/RELEASES/BATCH_16_ANDROID_MSI_PRODUCTION_RECONCILIATION_20260808T132654Z_PID8739/ssh_probe.err
REGISTRY	FILE	TXT	0	1786195614	NONE	/data/data/com.termux/files/home/FREYA_ANDROID_888/00_CONTROL/REGISTRY/ANDROID_MSI_RECONCILIATION/RELEASES/BATCH_16_ANDROID_MSI_PRODUCTION_RECONCILIATION_20260808T132654Z_PID8739/ssh_probe.txt
REGISTRY	DIR	NONE	3452	1786107100	NONE	/data/data/com.termux/files/home/FREYA_ANDROID_888/00_CONTROL/REGISTRY/ANDROID_PIPELINE_SSOT
REGISTRY	SYMLINK	NONE	161	1786107100	/data/data/com.termux/files/home/FREYA_ANDROID_888/00_CONTROL/REGISTRY/ANDROID_PIPELINE_SSOT/RELEASES/SSOT_R3_20260807T125138Z_PID31993/ANDROID_PIPELINE_SSOT.env	/data/data/com.termux/files/home/FREYA_ANDROID_888/00_CONTROL/REGISTRY/ANDROID_PIPELINE_SSOT/ANDROID_PIPELINE_SSOT_CURRENT
REGISTRY	DIR	NONE	3452	1786107100	NONE	/data/data/com.termux/files/home/FREYA_ANDROID_888/00_CONTROL/REGISTRY/ANDROID_PIPELINE_SSOT/RELEASES
REGISTRY	DIR	NONE	3452	1786106722	NONE	/data/data/com.termux/files/home/FREYA_ANDROID_888/00_CONTROL/REGISTRY/ANDROID_PIPELINE_SSOT/RELEASES/SSOT_20260807T124520Z_PID29394
REGISTRY	FILE	ENV	2009	1786106721	NONE	/data/data/com.termux/files/home/FREYA_ANDROID_888/00_CONTROL/REGISTRY/ANDROID_PIPELINE_SSOT/RELEASES/SSOT_20260807T124520Z_PID29394/ANDROID_PIPELINE_SSOT.env
REGISTRY	FILE	SHA256	436	1786106722	NONE	/data/data/com.termux/files/home/FREYA_ANDROID_888/00_CONTROL/REGISTRY/ANDROID_PIPELINE_SSOT/RELEASES/SSOT_20260807T124520Z_PID29394/MANIFEST.sha256
REGISTRY	FILE	ENV	538	1786106722	NONE	/data/data/com.termux/files/home/FREYA_ANDROID_888/00_CONTROL/REGISTRY/ANDROID_PIPELINE_SSOT/RELEASES/SSOT_20260807T124520Z_PID29394/RELEASE.env
REGISTRY	DIR	NONE	3452	1786107100	NONE	/data/data/com.termux/files/home/FREYA_ANDROID_888/00_CONTROL/REGISTRY/ANDROID_PIPELINE_SSOT/RELEASES/SSOT_R3_20260807T125138Z_PID31993
REGISTRY	FILE	ENV	2009	1786107100	NONE	/data/data/com.termux/files/home/FREYA_ANDROID_888/00_CONTROL/REGISTRY/ANDROID_PIPELINE_SSOT/RELEASES/SSOT_R3_20260807T125138Z_PID31993/ANDROID_PIPELINE_SSOT.env
REGISTRY	FILE	SHA256	442	1786107100	NONE	/data/data/com.termux/files/home/FREYA_ANDROID_888/00_CONTROL/REGISTRY/ANDROID_PIPELINE_SSOT/RELEASES/SSOT_R3_20260807T125138Z_PID31993/MANIFEST.sha256
REGISTRY	FILE	ENV	575	1786107100	NONE	/data/data/com.termux/files/home/FREYA_ANDROID_888/00_CONTROL/REGISTRY/ANDROID_PIPELINE_SSOT/RELEASES/SSOT_R3_20260807T125138Z_PID31993/RELEASE.env
REGISTRY	DIR	NONE	3452	1786114589	NONE	/data/data/com.termux/files/home/FREYA_ANDROID_888/00_CONTROL/REGISTRY/ANDROID_SELF_HEALING
REGISTRY	SYMLINK	NONE	167	1786114589	/data/data/com.termux/files/home/FREYA_ANDROID_888/00_CONTROL/REGISTRY/ANDROID_SELF_HEALING/RELEASES/SELF_HEALING_V1_20260807T145628Z_PID15460/ANDROID_SELF_HEALING.env	/data/data/com.termux/files/home/FREYA_ANDROID_888/00_CONTROL/REGISTRY/ANDROID_SELF_HEALING/ANDROID_SELF_HEALING_CURRENT
REGISTRY	DIR	NONE	3452	1786114589	NONE	/data/data/com.termux/files/home/FREYA_ANDROID_888/00_CONTROL/REGISTRY/ANDROID_SELF_HEALING/RELEASES
REGISTRY	DIR	NONE	3452	1786114589	NONE	/data/data/com.termux/files/home/FREYA_ANDROID_888/00_CONTROL/REGISTRY/ANDROID_SELF_HEALING/RELEASES/SELF_HEALING_V1_20260807T145628Z_PID15460
REGISTRY	FILE	ENV	1677	1786114589	NONE	/data/data/com.termux/files/home/FREYA_ANDROID_888/00_CONTROL/REGISTRY/ANDROID_SELF_HEALING/RELEASES/SELF_HEALING_V1_20260807T145628Z_PID15460/ANDROID_SELF_HEALING.env
REGISTRY	FILE	SHA256	477	1786114589	NONE	/data/data/com.termux/files/home/FREYA_ANDROID_888/00_CONTROL/REGISTRY/ANDROID_SELF_HEALING/RELEASES/SELF_HEALING_V1_20260807T145628Z_PID15460/MANIFEST.sha256
REGISTRY	DIR	NONE	3452	1786193961	NONE	/data/data/com.termux/files/home/FREYA_ANDROID_888/00_CONTROL/REGISTRY/APPLICATIONS
REGISTRY	FILE	ENV	895	1786193961	NONE	/data/data/com.termux/files/home/FREYA_ANDROID_888/00_CONTROL/REGISTRY/APPLICATIONS/CURRENT.env
REGISTRY	DIR	NONE	3452	1786193932	NONE	/data/data/com.termux/files/home/FREYA_ANDROID_888/00_CONTROL/REGISTRY/APPLICATIONS/RELEASES
REGISTRY	DIR	NONE	3452	1786193962	NONE	/data/data/com.termux/files/home/FREYA_ANDROID_888/00_CONTROL/REGISTRY/APPLICATIONS/RELEASES/BATCH_08R1_APPLICATION_INVENTORY_BACKEND_RECOVERY_20260808T125852Z_PID19483
REGISTRY	FILE	STDERR	0	1786193932	NONE	/data/data/com.termux/files/home/FREYA_ANDROID_888/00_CONTROL/REGISTRY/APPLICATIONS/RELEASES/BATCH_08R1_APPLICATION_INVENTORY_BACKEND_RECOVERY_20260808T125852Z_PID19483/CMD_PACKAGE_ALL.stderr
REGISTRY	FILE	STDERR	0	1786193933	NONE	/data/data/com.termux/files/home/FREYA_ANDROID_888/00_CONTROL/REGISTRY/APPLICATIONS/RELEASES/BATCH_08R1_APPLICATION_INVENTORY_BACKEND_RECOVERY_20260808T125852Z_PID19483/CMD_PACKAGE_DISABLED.stderr
REGISTRY	FILE	STDERR	0	1786193933	NONE	/data/data/com.termux/files/home/FREYA_ANDROID_888/00_CONTROL/REGISTRY/APPLICATIONS/RELEASES/BATCH_08R1_APPLICATION_INVENTORY_BACKEND_RECOVERY_20260808T125852Z_PID19483/CMD_PACKAGE_ENABLED.stderr
REGISTRY	FILE	STDERR	0	1786193933	NONE	/data/data/com.termux/files/home/FREYA_ANDROID_888/00_CONTROL/REGISTRY/APPLICATIONS/RELEASES/BATCH_08R1_APPLICATION_INVENTORY_BACKEND_RECOVERY_20260808T125852Z_PID19483/CMD_PACKAGE_SYSTEM.stderr
REGISTRY	FILE	STDERR	0	1786193933	NONE	/data/data/com.termux/files/home/FREYA_ANDROID_888/00_CONTROL/REGISTRY/APPLICATIONS/RELEASES/BATCH_08R1_APPLICATION_INVENTORY_BACKEND_RECOVERY_20260808T125852Z_PID19483/CMD_PACKAGE_THIRD.stderr
REGISTRY	FILE	SHA256	861	1786193962	NONE	/data/data/com.termux/files/home/FREYA_ANDROID_888/00_CONTROL/REGISTRY/APPLICATIONS/RELEASES/BATCH_08R1_APPLICATION_INVENTORY_BACKEND_RECOVERY_20260808T125852Z_PID19483/EVIDENCE_MANIFEST.sha256
REGISTRY	FILE	TSV	746	1786193961	NONE	/data/data/com.termux/files/home/FREYA_ANDROID_888/00_CONTROL/REGISTRY/APPLICATIONS/RELEASES/BATCH_08R1_APPLICATION_INVENTORY_BACKEND_RECOVERY_20260808T125852Z_PID19483/KNOWN_BUSINESS_APPS.tsv
REGISTRY	FILE	TXT	272	1786193933	NONE	/data/data/com.termux/files/home/FREYA_ANDROID_888/00_CONTROL/REGISTRY/APPLICATIONS/RELEASES/BATCH_08R1_APPLICATION_INVENTORY_BACKEND_RECOVERY_20260808T125852Z_PID19483/PACKAGE_BACKEND_DIAGNOSTICS.txt
REGISTRY	FILE	ENV	767	1786193961	NONE	/data/data/com.termux/files/home/FREYA_ANDROID_888/00_CONTROL/REGISTRY/APPLICATIONS/RELEASES/BATCH_08R1_APPLICATION_INVENTORY_BACKEND_RECOVERY_20260808T125852Z_PID19483/POST_STATE.env
REGISTRY	FILE	ENV	295	1786193932	NONE	/data/data/com.termux/files/home/FREYA_ANDROID_888/00_CONTROL/REGISTRY/APPLICATIONS/RELEASES/BATCH_08R1_APPLICATION_INVENTORY_BACKEND_RECOVERY_20260808T125852Z_PID19483/PRE_STATE.env
REGISTRY	FILE	ENV	672	1786193962	NONE	/data/data/com.termux/files/home/FREYA_ANDROID_888/00_CONTROL/REGISTRY/APPLICATIONS/RELEASES/BATCH_08R1_APPLICATION_INVENTORY_BACKEND_RECOVERY_20260808T125852Z_PID19483/REPORT.env
REGISTRY	FILE	PKGS	765	1786193933	NONE	/data/data/com.termux/files/home/FREYA_ANDROID_888/00_CONTROL/REGISTRY/APPLICATIONS/RELEASES/BATCH_08R1_APPLICATION_INVENTORY_BACKEND_RECOVERY_20260808T125852Z_PID19483/disabled.pkgs
REGISTRY	FILE	PKGS	15474	1786193933	NONE	/data/data/com.termux/files/home/FREYA_ANDROID_888/00_CONTROL/REGISTRY/APPLICATIONS/RELEASES/BATCH_08R1_APPLICATION_INVENTORY_BACKEND_RECOVERY_20260808T125852Z_PID19483/enabled.pkgs
REGISTRY	FILE	RAW	53958	1786193932	NONE	/data/data/com.termux/files/home/FREYA_ANDROID_888/00_CONTROL/REGISTRY/APPLICATIONS/RELEASES/BATCH_08R1_APPLICATION_INVENTORY_BACKEND_RECOVERY_20260808T125852Z_PID19483/packages_all.raw
REGISTRY	FILE	RAW	981	1786193933	NONE	/data/data/com.termux/files/home/FREYA_ANDROID_888/00_CONTROL/REGISTRY/APPLICATIONS/RELEASES/BATCH_08R1_APPLICATION_INVENTORY_BACKEND_RECOVERY_20260808T125852Z_PID19483/packages_disabled.raw
REGISTRY	FILE	RAW	19290	1786193933	NONE	/data/data/com.termux/files/home/FREYA_ANDROID_888/00_CONTROL/REGISTRY/APPLICATIONS/RELEASES/BATCH_08R1_APPLICATION_INVENTORY_BACKEND_RECOVERY_20260808T125852Z_PID19483/packages_enabled.raw
REGISTRY	FILE	RAW	42718	1786193933	NONE	/data/data/com.termux/files/home/FREYA_ANDROID_888/00_CONTROL/REGISTRY/APPLICATIONS/RELEASES/BATCH_08R1_APPLICATION_INVENTORY_BACKEND_RECOVERY_20260808T125852Z_PID19483/packages_system.raw
REGISTRY	FILE	RAW	11240	1786193933	NONE	/data/data/com.termux/files/home/FREYA_ANDROID_888/00_CONTROL/REGISTRY/APPLICATIONS/RELEASES/BATCH_08R1_APPLICATION_INVENTORY_BACKEND_RECOVERY_20260808T125852Z_PID19483/packages_third_party.raw
REGISTRY	FILE	PKGS	16547	1786193933	NONE	/data/data/com.termux/files/home/FREYA_ANDROID_888/00_CONTROL/REGISTRY/APPLICATIONS/RELEASES/BATCH_08R1_APPLICATION_INVENTORY_BACKEND_RECOVERY_20260808T125852Z_PID19483/system.pkgs
REGISTRY	FILE	PKGS	7570	1786193933	NONE	/data/data/com.termux/files/home/FREYA_ANDROID_888/00_CONTROL/REGISTRY/APPLICATIONS/RELEASES/BATCH_08R1_APPLICATION_INVENTORY_BACKEND_RECOVERY_20260808T125852Z_PID19483/third_party.pkgs
REGISTRY	DIR	NONE	3452	1786193842	NONE	/data/data/com.termux/files/home/FREYA_ANDROID_888/00_CONTROL/REGISTRY/APPLICATIONS/RELEASES/BATCH_08_APPLICATION_INVENTORY_20260808T125722Z_PID19054
REGISTRY	FILE	ENV	295	1786193842	NONE	/data/data/com.termux/files/home/FREYA_ANDROID_888/00_CONTROL/REGISTRY/APPLICATIONS/RELEASES/BATCH_08_APPLICATION_INVENTORY_20260808T125722Z_PID19054/PRE_STATE.env
REGISTRY	FILE	RAW	70	1786193842	NONE	/data/data/com.termux/files/home/FREYA_ANDROID_888/00_CONTROL/REGISTRY/APPLICATIONS/RELEASES/BATCH_08_APPLICATION_INVENTORY_20260808T125722Z_PID19054/packages_all.raw
REGISTRY	FILE	RAW	70	1786193842	NONE	/data/data/com.termux/files/home/FREYA_ANDROID_888/00_CONTROL/REGISTRY/APPLICATIONS/RELEASES/BATCH_08_APPLICATION_INVENTORY_20260808T125722Z_PID19054/packages_disabled.raw
REGISTRY	FILE	RAW	70	1786193842	NONE	/data/data/com.termux/files/home/FREYA_ANDROID_888/00_CONTROL/REGISTRY/APPLICATIONS/RELEASES/BATCH_08_APPLICATION_INVENTORY_20260808T125722Z_PID19054/packages_enabled.raw
REGISTRY	FILE	RAW	70	1786193842	NONE	/data/data/com.termux/files/home/FREYA_ANDROID_888/00_CONTROL/REGISTRY/APPLICATIONS/RELEASES/BATCH_08_APPLICATION_INVENTORY_20260808T125722Z_PID19054/packages_system.raw
REGISTRY	FILE	RAW	70	1786193842	NONE	/data/data/com.termux/files/home/FREYA_ANDROID_888/00_CONTROL/REGISTRY/APPLICATIONS/RELEASES/BATCH_08_APPLICATION_INVENTORY_20260808T125722Z_PID19054/packages_third_party.raw
REGISTRY	DIR	NONE	3452	1786194188	NONE	/data/data/com.termux/files/home/FREYA_ANDROID_888/00_CONTROL/REGISTRY/APPLICATION_CONTROL
REGISTRY	FILE	ENV	1121	1786194188	NONE	/data/data/com.termux/files/home/FREYA_ANDROID_888/00_CONTROL/REGISTRY/APPLICATION_CONTROL/CURRENT.env
REGISTRY	DIR	NONE	3452	1786194159	NONE	/data/data/com.termux/files/home/FREYA_ANDROID_888/00_CONTROL/REGISTRY/APPLICATION_CONTROL/RELEASES
REGISTRY	DIR	NONE	3452	1786194188	NONE	/data/data/com.termux/files/home/FREYA_ANDROID_888/00_CONTROL/REGISTRY/APPLICATION_CONTROL/RELEASES/BATCH_09_APPLICATION_CONTROL_ARCHITECTURE_20260808T130239Z_PID23047
REGISTRY	FILE	SHA256	715	1786194188	NONE	/data/data/com.termux/files/home/FREYA_ANDROID_888/00_CONTROL/REGISTRY/APPLICATION_CONTROL/RELEASES/BATCH_09_APPLICATION_CONTROL_ARCHITECTURE_20260808T130239Z_PID23047/EVIDENCE_MANIFEST.sha256
REGISTRY	FILE	ENV	830	1786194188	NONE	/data/data/com.termux/files/home/FREYA_ANDROID_888/00_CONTROL/REGISTRY/APPLICATION_CONTROL/RELEASES/BATCH_09_APPLICATION_CONTROL_ARCHITECTURE_20260808T130239Z_PID23047/POST_STATE.env
REGISTRY	FILE	ENV	324	1786194159	NONE	/data/data/com.termux/files/home/FREYA_ANDROID_888/00_CONTROL/REGISTRY/APPLICATION_CONTROL/RELEASES/BATCH_09_APPLICATION_CONTROL_ARCHITECTURE_20260808T130239Z_PID23047/PRE_STATE.env
REGISTRY	FILE	ENV	765	1786194188	NONE	/data/data/com.termux/files/home/FREYA_ANDROID_888/00_CONTROL/REGISTRY/APPLICATION_CONTROL/RELEASES/BATCH_09_APPLICATION_CONTROL_ARCHITECTURE_20260808T130239Z_PID23047/REPORT.env
REGISTRY	FILE	SH	307	1786194188	NONE	/data/data/com.termux/files/home/FREYA_ANDROID_888/00_CONTROL/REGISTRY/APPLICATION_CONTROL/RELEASES/BATCH_09_APPLICATION_CONTROL_ARCHITECTURE_20260808T130239Z_PID23047/ROLLBACK.sh
REGISTRY	FILE	PKGS	16239	1786194159	NONE	/data/data/com.termux/files/home/FREYA_ANDROID_888/00_CONTROL/REGISTRY/APPLICATION_CONTROL/RELEASES/BATCH_09_APPLICATION_CONTROL_ARCHITECTURE_20260808T130239Z_PID23047/all.pkgs
REGISTRY	FILE	PKGS	765	1786194159	NONE	/data/data/com.termux/files/home/FREYA_ANDROID_888/00_CONTROL/REGISTRY/APPLICATION_CONTROL/RELEASES/BATCH_09_APPLICATION_CONTROL_ARCHITECTURE_20260808T130239Z_PID23047/disabled.pkgs
REGISTRY	FILE	PKGS	15474	1786194159	NONE	/data/data/com.termux/files/home/FREYA_ANDROID_888/00_CONTROL/REGISTRY/APPLICATION_CONTROL/RELEASES/BATCH_09_APPLICATION_CONTROL_ARCHITECTURE_20260808T130239Z_PID23047/enabled.pkgs
REGISTRY	FILE	TXT	183	1786194188	NONE	/data/data/com.termux/files/home/FREYA_ANDROID_888/00_CONTROL/REGISTRY/APPLICATION_CONTROL/RELEASES/BATCH_09_APPLICATION_CONTROL_ARCHITECTURE_20260808T130239Z_PID23047/freya_apps_status.txt
REGISTRY	FILE	PKGS	13900	1786194159	NONE	/data/data/com.termux/files/home/FREYA_ANDROID_888/00_CONTROL/REGISTRY/APPLICATION_CONTROL/RELEASES/BATCH_09_APPLICATION_CONTROL_ARCHITECTURE_20260808T130239Z_PID23047/system.pkgs
REGISTRY	FILE	PKGS	2339	1786194159	NONE	/data/data/com.termux/files/home/FREYA_ANDROID_888/00_CONTROL/REGISTRY/APPLICATION_CONTROL/RELEASES/BATCH_09_APPLICATION_CONTROL_ARCHITECTURE_20260808T130239Z_PID23047/third.pkgs
REGISTRY	DIR	NONE	3452	1786191751	NONE	/data/data/com.termux/files/home/FREYA_ANDROID_888/00_CONTROL/REGISTRY/CANONICAL_ROOT_ARCHITECTURE
REGISTRY	FILE	ENV	1228	1786191751	NONE	/data/data/com.termux/files/home/FREYA_ANDROID_888/00_CONTROL/REGISTRY/CANONICAL_ROOT_ARCHITECTURE/CURRENT.env
REGISTRY	DIR	NONE	3452	1786191750	NONE	/data/data/com.termux/files/home/FREYA_ANDROID_888/00_CONTROL/REGISTRY/CANONICAL_ROOT_ARCHITECTURE/RELEASES
REGISTRY	DIR	NONE	3452	1786191751	NONE	/data/data/com.termux/files/home/FREYA_ANDROID_888/00_CONTROL/REGISTRY/CANONICAL_ROOT_ARCHITECTURE/RELEASES/BATCH_03_CANONICAL_CONTROL_ROOT_RECONSTRUCTION_20260808T122230Z_PID6473
REGISTRY	FILE	TSV	2013	1786191751	NONE	/data/data/com.termux/files/home/FREYA_ANDROID_888/00_CONTROL/REGISTRY/CANONICAL_ROOT_ARCHITECTURE/RELEASES/BATCH_03_CANONICAL_CONTROL_ROOT_RECONSTRUCTION_20260808T122230Z_PID6473/CANONICAL_ARCHITECTURE_STATE.tsv
REGISTRY	FILE	TSV	1694	1786191751	NONE	/data/data/com.termux/files/home/FREYA_ANDROID_888/00_CONTROL/REGISTRY/CANONICAL_ROOT_ARCHITECTURE/RELEASES/BATCH_03_CANONICAL_CONTROL_ROOT_RECONSTRUCTION_20260808T122230Z_PID6473/CREATED_DIRECTORIES.tsv
REGISTRY	FILE	CANDIDATE	1228	1786191751	NONE	/data/data/com.termux/files/home/FREYA_ANDROID_888/00_CONTROL/REGISTRY/CANONICAL_ROOT_ARCHITECTURE/RELEASES/BATCH_03_CANONICAL_CONTROL_ROOT_RECONSTRUCTION_20260808T122230Z_PID6473/CURRENT.env.candidate
REGISTRY	FILE	SHA256	518	1786191751	NONE	/data/data/com.termux/files/home/FREYA_ANDROID_888/00_CONTROL/REGISTRY/CANONICAL_ROOT_ARCHITECTURE/RELEASES/BATCH_03_CANONICAL_CONTROL_ROOT_RECONSTRUCTION_20260808T122230Z_PID6473/EVIDENCE_MANIFEST.sha256
REGISTRY	FILE	TSV	857	1786191751	NONE	/data/data/com.termux/files/home/FREYA_ANDROID_888/00_CONTROL/REGISTRY/CANONICAL_ROOT_ARCHITECTURE/RELEASES/BATCH_03_CANONICAL_CONTROL_ROOT_RECONSTRUCTION_20260808T122230Z_PID6473/LEGACY_BINDINGS.tsv
REGISTRY	FILE	ENV	802	1786191751	NONE	/data/data/com.termux/files/home/FREYA_ANDROID_888/00_CONTROL/REGISTRY/CANONICAL_ROOT_ARCHITECTURE/RELEASES/BATCH_03_CANONICAL_CONTROL_ROOT_RECONSTRUCTION_20260808T122230Z_PID6473/REPORT.env
REGISTRY	FILE	SH	501	1786191751	NONE	/data/data/com.termux/files/home/FREYA_ANDROID_888/00_CONTROL/REGISTRY/CANONICAL_ROOT_ARCHITECTURE/RELEASES/BATCH_03_CANONICAL_CONTROL_ROOT_RECONSTRUCTION_20260808T122230Z_PID6473/ROLLBACK.sh
REGISTRY	DIR	NONE	3452	1786191894	NONE	/data/data/com.termux/files/home/FREYA_ANDROID_888/00_CONTROL/REGISTRY/CONTROL_SCRIPTS
REGISTRY	FILE	TSV	3771	1786191894	NONE	/data/data/com.termux/files/home/FREYA_ANDROID_888/00_CONTROL/REGISTRY/CONTROL_SCRIPTS/CURRENT.tsv
REGISTRY	DIR	NONE	3452	1786191893	NONE	/data/data/com.termux/files/home/FREYA_ANDROID_888/00_CONTROL/REGISTRY/CONTROL_SCRIPTS/RELEASES
REGISTRY	DIR	NONE	3452	1786191894	NONE	/data/data/com.termux/files/home/FREYA_ANDROID_888/00_CONTROL/REGISTRY/CONTROL_SCRIPTS/RELEASES/BATCH_04_CONTROL_SCRIPT_CONSOLIDATION_20260808T122453Z_PID7240
REGISTRY	FILE	TSV	3771	1786191894	NONE	/data/data/com.termux/files/home/FREYA_ANDROID_888/00_CONTROL/REGISTRY/CONTROL_SCRIPTS/RELEASES/BATCH_04_CONTROL_SCRIPT_CONSOLIDATION_20260808T122453Z_PID7240/CONTROL_SCRIPT_INVENTORY.tsv
REGISTRY	FILE	TSV	809	1786191893	NONE	/data/data/com.termux/files/home/FREYA_ANDROID_888/00_CONTROL/REGISTRY/CONTROL_SCRIPTS/RELEASES/BATCH_04_CONTROL_SCRIPT_CONSOLIDATION_20260808T122453Z_PID7240/CRON_ENTRYPOINTS.tsv
REGISTRY	FILE	SHA256	535	1786191894	NONE	/data/data/com.termux/files/home/FREYA_ANDROID_888/00_CONTROL/REGISTRY/CONTROL_SCRIPTS/RELEASES/BATCH_04_CONTROL_SCRIPT_CONSOLIDATION_20260808T122453Z_PID7240/EVIDENCE_MANIFEST.sha256
REGISTRY	FILE	TSV	270	1786191894	NONE	/data/data/com.termux/files/home/FREYA_ANDROID_888/00_CONTROL/REGISTRY/CONTROL_SCRIPTS/RELEASES/BATCH_04_CONTROL_SCRIPT_CONSOLIDATION_20260808T122453Z_PID7240/HASH_DUPLICATE_GROUPS.tsv
REGISTRY	FILE	TSV	150	1786191894	NONE	/data/data/com.termux/files/home/FREYA_ANDROID_888/00_CONTROL/REGISTRY/CONTROL_SCRIPTS/RELEASES/BATCH_04_CONTROL_SCRIPT_CONSOLIDATION_20260808T122453Z_PID7240/LEGACY_REFERENCE_FINDINGS.tsv
REGISTRY	FILE	ENV	768	1786191894	NONE	/data/data/com.termux/files/home/FREYA_ANDROID_888/00_CONTROL/REGISTRY/CONTROL_SCRIPTS/RELEASES/BATCH_04_CONTROL_SCRIPT_CONSOLIDATION_20260808T122453Z_PID7240/REPORT.env
REGISTRY	FILE	TSV	603	1786191894	NONE	/data/data/com.termux/files/home/FREYA_ANDROID_888/00_CONTROL/REGISTRY/CONTROL_SCRIPTS/RELEASES/BATCH_04_CONTROL_SCRIPT_CONSOLIDATION_20260808T122453Z_PID7240/RUNIT_ENTRYPOINTS.tsv
REGISTRY	DIR	NONE	3452	1786115025	NONE	/data/data/com.termux/files/home/FREYA_ANDROID_888/00_CONTROL/REGISTRY/CONTROL_TOWER
REGISTRY	SYMLINK	NONE	165	1786115025	/data/data/com.termux/files/home/FREYA_ANDROID_888/00_CONTROL/REGISTRY/CONTROL_TOWER/RELEASES/ANDROID_CT_V4_20260807T150344Z_PID16711/FREYA_ANDROID_CONTROL_TOWER.env	/data/data/com.termux/files/home/FREYA_ANDROID_888/00_CONTROL/REGISTRY/CONTROL_TOWER/FREYA_ANDROID_CONTROL_TOWER_CURRENT
REGISTRY	DIR	NONE	3452	1786115024	NONE	/data/data/com.termux/files/home/FREYA_ANDROID_888/00_CONTROL/REGISTRY/CONTROL_TOWER/RELEASES
REGISTRY	DIR	NONE	3452	1786109194	NONE	/data/data/com.termux/files/home/FREYA_ANDROID_888/00_CONTROL/REGISTRY/CONTROL_TOWER/RELEASES/ANDROID_CT_20260807T132623Z_PID13766
REGISTRY	FILE	ENV	2718	1786109194	NONE	/data/data/com.termux/files/home/FREYA_ANDROID_888/00_CONTROL/REGISTRY/CONTROL_TOWER/RELEASES/ANDROID_CT_20260807T132623Z_PID13766/FREYA_ANDROID_CONTROL_TOWER.env
REGISTRY	FILE	SHA256	98	1786109194	NONE	/data/data/com.termux/files/home/FREYA_ANDROID_888/00_CONTROL/REGISTRY/CONTROL_TOWER/RELEASES/ANDROID_CT_20260807T132623Z_PID13766/MANIFEST.sha256
REGISTRY	DIR	NONE	3452	1786109384	NONE	/data/data/com.termux/files/home/FREYA_ANDROID_888/00_CONTROL/REGISTRY/CONTROL_TOWER/RELEASES/ANDROID_CT_R1_20260807T132936Z_PID14484
REGISTRY	FILE	ENV	2105	1786109384	NONE	/data/data/com.termux/files/home/FREYA_ANDROID_888/00_CONTROL/REGISTRY/CONTROL_TOWER/RELEASES/ANDROID_CT_R1_20260807T132936Z_PID14484/FREYA_ANDROID_CONTROL_TOWER.env
REGISTRY	FILE	SHA256	98	1786109384	NONE	/data/data/com.termux/files/home/FREYA_ANDROID_888/00_CONTROL/REGISTRY/CONTROL_TOWER/RELEASES/ANDROID_CT_R1_20260807T132936Z_PID14484/MANIFEST.sha256
REGISTRY	FILE	ENV	655	1786109384	NONE	/data/data/com.termux/files/home/FREYA_ANDROID_888/00_CONTROL/REGISTRY/CONTROL_TOWER/RELEASES/ANDROID_CT_R1_20260807T132936Z_PID14484/RELEASE.env
REGISTRY	DIR	NONE	3452	1786110217	NONE	/data/data/com.termux/files/home/FREYA_ANDROID_888/00_CONTROL/REGISTRY/CONTROL_TOWER/RELEASES/ANDROID_CT_V3_20260807T134336Z_PID19695
REGISTRY	FILE	ENV	1681	1786110217	NONE	/data/data/com.termux/files/home/FREYA_ANDROID_888/00_CONTROL/REGISTRY/CONTROL_TOWER/RELEASES/ANDROID_CT_V3_20260807T134336Z_PID19695/FREYA_ANDROID_CONTROL_TOWER.env
REGISTRY	FILE	SHA256	98	1786110217	NONE	/data/data/com.termux/files/home/FREYA_ANDROID_888/00_CONTROL/REGISTRY/CONTROL_TOWER/RELEASES/ANDROID_CT_V3_20260807T134336Z_PID19695/MANIFEST.sha256
REGISTRY	DIR	NONE	3452	1786115025	NONE	/data/data/com.termux/files/home/FREYA_ANDROID_888/00_CONTROL/REGISTRY/CONTROL_TOWER/RELEASES/ANDROID_CT_V4_20260807T150344Z_PID16711
REGISTRY	FILE	ENV	3474	1786115025	NONE	/data/data/com.termux/files/home/FREYA_ANDROID_888/00_CONTROL/REGISTRY/CONTROL_TOWER/RELEASES/ANDROID_CT_V4_20260807T150344Z_PID16711/FREYA_ANDROID_CONTROL_TOWER.env
REGISTRY	FILE	SHA256	467	1786115025	NONE	/data/data/com.termux/files/home/FREYA_ANDROID_888/00_CONTROL/REGISTRY/CONTROL_TOWER/RELEASES/ANDROID_CT_V4_20260807T150344Z_PID16711/MANIFEST.sha256
REGISTRY	DIR	NONE	3452	1786195979	NONE	/data/data/com.termux/files/home/FREYA_ANDROID_888/00_CONTROL/REGISTRY/DAILY_OPERATIONS
REGISTRY	FILE	ENV	733	1786195979	NONE	/data/data/com.termux/files/home/FREYA_ANDROID_888/00_CONTROL/REGISTRY/DAILY_OPERATIONS/CURRENT.env
REGISTRY	DIR	NONE	3452	1786195967	NONE	/data/data/com.termux/files/home/FREYA_ANDROID_888/00_CONTROL/REGISTRY/DAILY_OPERATIONS/RELEASES
REGISTRY	DIR	NONE	3452	1786195979	NONE	/data/data/com.termux/files/home/FREYA_ANDROID_888/00_CONTROL/REGISTRY/DAILY_OPERATIONS/RELEASES/BATCH_18_DAILY_OPERATIONS_ENGINE_20260808T133247Z_PID11254
REGISTRY	FILE	SHA256	810	1786195979	NONE	/data/data/com.termux/files/home/FREYA_ANDROID_888/00_CONTROL/REGISTRY/DAILY_OPERATIONS/RELEASES/BATCH_18_DAILY_OPERATIONS_ENGINE_20260808T133247Z_PID11254/EVIDENCE_MANIFEST.sha256
REGISTRY	FILE	ENV	812	1786195979	NONE	/data/data/com.termux/files/home/FREYA_ANDROID_888/00_CONTROL/REGISTRY/DAILY_OPERATIONS/RELEASES/BATCH_18_DAILY_OPERATIONS_ENGINE_20260808T133247Z_PID11254/POST_STATE.env
REGISTRY	FILE	ENV	331	1786195967	NONE	/data/data/com.termux/files/home/FREYA_ANDROID_888/00_CONTROL/REGISTRY/DAILY_OPERATIONS/RELEASES/BATCH_18_DAILY_OPERATIONS_ENGINE_20260808T133247Z_PID11254/PRE_STATE.env
REGISTRY	FILE	ENV	633	1786195979	NONE	/data/data/com.termux/files/home/FREYA_ANDROID_888/00_CONTROL/REGISTRY/DAILY_OPERATIONS/RELEASES/BATCH_18_DAILY_OPERATIONS_ENGINE_20260808T133247Z_PID11254/REPORT.env
REGISTRY	FILE	SH	1043	1786195979	NONE	/data/data/com.termux/files/home/FREYA_ANDROID_888/00_CONTROL/REGISTRY/DAILY_OPERATIONS/RELEASES/BATCH_18_DAILY_OPERATIONS_ENGINE_20260808T133247Z_PID11254/ROLLBACK.sh
REGISTRY	FILE	BEFORE	2597	1786195967	NONE	/data/data/com.termux/files/home/FREYA_ANDROID_888/00_CONTROL/REGISTRY/DAILY_OPERATIONS/RELEASES/BATCH_18_DAILY_OPERATIONS_ENGINE_20260808T133247Z_PID11254/crontab.before
REGISTRY	FILE	NEW	2758	1786195967	NONE	/data/data/com.termux/files/home/FREYA_ANDROID_888/00_CONTROL/REGISTRY/DAILY_OPERATIONS/RELEASES/BATCH_18_DAILY_OPERATIONS_ENGINE_20260808T133247Z_PID11254/crontab.new
REGISTRY	FILE	TXT	392	1786195979	NONE	/data/data/com.termux/files/home/FREYA_ANDROID_888/00_CONTROL/REGISTRY/DAILY_OPERATIONS/RELEASES/BATCH_18_DAILY_OPERATIONS_ENGINE_20260808T133247Z_PID11254/daily_canary.txt
REGISTRY	FILE	TXT	392	1786195979	NONE	/data/data/com.termux/files/home/FREYA_ANDROID_888/00_CONTROL/REGISTRY/DAILY_OPERATIONS/RELEASES/BATCH_18_DAILY_OPERATIONS_ENGINE_20260808T133247Z_PID11254/daily_latest.txt
REGISTRY	FILE	TXT	345	1786195979	NONE	/data/data/com.termux/files/home/FREYA_ANDROID_888/00_CONTROL/REGISTRY/DAILY_OPERATIONS/RELEASES/BATCH_18_DAILY_OPERATIONS_ENGINE_20260808T133247Z_PID11254/daily_status.txt
REGISTRY	FILE	BEFORE	3542	1786195967	NONE	/data/data/com.termux/files/home/FREYA_ANDROID_888/00_CONTROL/REGISTRY/DAILY_OPERATIONS/RELEASES/BATCH_18_DAILY_OPERATIONS_ENGINE_20260808T133247Z_PID11254/freya_center.before
REGISTRY	DIR	NONE	3452	1786194537	NONE	/data/data/com.termux/files/home/FREYA_ANDROID_888/00_CONTROL/REGISTRY/DASHBOARD_ENGINE
REGISTRY	FILE	ENV	970	1786194537	NONE	/data/data/com.termux/files/home/FREYA_ANDROID_888/00_CONTROL/REGISTRY/DASHBOARD_ENGINE/CURRENT.env
REGISTRY	DIR	NONE	3452	1786194531	NONE	/data/data/com.termux/files/home/FREYA_ANDROID_888/00_CONTROL/REGISTRY/DASHBOARD_ENGINE/RELEASES
REGISTRY	DIR	NONE	3452	1786194537	NONE	/data/data/com.termux/files/home/FREYA_ANDROID_888/00_CONTROL/REGISTRY/DASHBOARD_ENGINE/RELEASES/BATCH_11_FREYA_DASHBOARD_ENGINE_20260808T130851Z_PID27945
REGISTRY	FILE	SHA256	660	1786194537	NONE	/data/data/com.termux/files/home/FREYA_ANDROID_888/00_CONTROL/REGISTRY/DASHBOARD_ENGINE/RELEASES/BATCH_11_FREYA_DASHBOARD_ENGINE_20260808T130851Z_PID27945/EVIDENCE_MANIFEST.sha256
REGISTRY	FILE	ENV	1128	1786194537	NONE	/data/data/com.termux/files/home/FREYA_ANDROID_888/00_CONTROL/REGISTRY/DASHBOARD_ENGINE/RELEASES/BATCH_11_FREYA_DASHBOARD_ENGINE_20260808T130851Z_PID27945/POST_STATE.env
REGISTRY	FILE	ENV	322	1786194531	NONE	/data/data/com.termux/files/home/FREYA_ANDROID_888/00_CONTROL/REGISTRY/DASHBOARD_ENGINE/RELEASES/BATCH_11_FREYA_DASHBOARD_ENGINE_20260808T130851Z_PID27945/PRE_STATE.env
REGISTRY	FILE	ENV	690	1786194537	NONE	/data/data/com.termux/files/home/FREYA_ANDROID_888/00_CONTROL/REGISTRY/DASHBOARD_ENGINE/RELEASES/BATCH_11_FREYA_DASHBOARD_ENGINE_20260808T130851Z_PID27945/REPORT.env
REGISTRY	FILE	SH	310	1786194531	NONE	/data/data/com.termux/files/home/FREYA_ANDROID_888/00_CONTROL/REGISTRY/DASHBOARD_ENGINE/RELEASES/BATCH_11_FREYA_DASHBOARD_ENGINE_20260808T130851Z_PID27945/ROLLBACK.sh
REGISTRY	FILE	TXT	590	1786194534	NONE	/data/data/com.termux/files/home/FREYA_ANDROID_888/00_CONTROL/REGISTRY/DASHBOARD_ENGINE/RELEASES/BATCH_11_FREYA_DASHBOARD_ENGINE_20260808T130851Z_PID27945/dashboard_status.txt
REGISTRY	FILE	TXT	222	1786194535	NONE	/data/data/com.termux/files/home/FREYA_ANDROID_888/00_CONTROL/REGISTRY/DASHBOARD_ENGINE/RELEASES/BATCH_11_FREYA_DASHBOARD_ENGINE_20260808T130851Z_PID27945/dashboard_today.txt
REGISTRY	FILE	TXT	82	1786194536	NONE	/data/data/com.termux/files/home/FREYA_ANDROID_888/00_CONTROL/REGISTRY/DASHBOARD_ENGINE/RELEASES/BATCH_11_FREYA_DASHBOARD_ENGINE_20260808T130851Z_PID27945/dashboard_urgent.txt
REGISTRY	FILE	BEFORE	505	1786194537	NONE	/data/data/com.termux/files/home/FREYA_ANDROID_888/00_CONTROL/REGISTRY/DASHBOARD_ENGINE/RELEASES/BATCH_11_FREYA_DASHBOARD_ENGINE_20260808T130851Z_PID27945/freya_home.before
REGISTRY	DIR	NONE	3452	1786194887	NONE	/data/data/com.termux/files/home/FREYA_ANDROID_888/00_CONTROL/REGISTRY/DOCUMENT_CONTROL
REGISTRY	FILE	ENV	1061	1786194887	NONE	/data/data/com.termux/files/home/FREYA_ANDROID_888/00_CONTROL/REGISTRY/DOCUMENT_CONTROL/CURRENT.env
REGISTRY	DIR	NONE	3452	1786194885	NONE	/data/data/com.termux/files/home/FREYA_ANDROID_888/00_CONTROL/REGISTRY/DOCUMENT_CONTROL/RELEASES
REGISTRY	DIR	NONE	3452	1786194887	NONE	/data/data/com.termux/files/home/FREYA_ANDROID_888/00_CONTROL/REGISTRY/DOCUMENT_CONTROL/RELEASES/BATCH_13_DOCUMENT_INBOX_ORGANIZATION_20260808T131445Z_PID31034
REGISTRY	FILE	SHA256	758	1786194887	NONE	/data/data/com.termux/files/home/FREYA_ANDROID_888/00_CONTROL/REGISTRY/DOCUMENT_CONTROL/RELEASES/BATCH_13_DOCUMENT_INBOX_ORGANIZATION_20260808T131445Z_PID31034/EVIDENCE_MANIFEST.sha256
REGISTRY	FILE	ENV	848	1786194887	NONE	/data/data/com.termux/files/home/FREYA_ANDROID_888/00_CONTROL/REGISTRY/DOCUMENT_CONTROL/RELEASES/BATCH_13_DOCUMENT_INBOX_ORGANIZATION_20260808T131445Z_PID31034/POST_STATE.env
REGISTRY	FILE	ENV	568	1786194886	NONE	/data/data/com.termux/files/home/FREYA_ANDROID_888/00_CONTROL/REGISTRY/DOCUMENT_CONTROL/RELEASES/BATCH_13_DOCUMENT_INBOX_ORGANIZATION_20260808T131445Z_PID31034/PRE_STATE.env
REGISTRY	FILE	ENV	751	1786194887	NONE	/data/data/com.termux/files/home/FREYA_ANDROID_888/00_CONTROL/REGISTRY/DOCUMENT_CONTROL/RELEASES/BATCH_13_DOCUMENT_INBOX_ORGANIZATION_20260808T131445Z_PID31034/REPORT.env
REGISTRY	FILE	SH	1086	1786194887	NONE	/data/data/com.termux/files/home/FREYA_ANDROID_888/00_CONTROL/REGISTRY/DOCUMENT_CONTROL/RELEASES/BATCH_13_DOCUMENT_INBOX_ORGANIZATION_20260808T131445Z_PID31034/ROLLBACK.sh
REGISTRY	FILE	TXT	2057	1786194887	NONE	/data/data/com.termux/files/home/FREYA_ANDROID_888/00_CONTROL/REGISTRY/DOCUMENT_CONTROL/RELEASES/BATCH_13_DOCUMENT_INBOX_ORGANIZATION_20260808T131445Z_PID31034/cmd_docs_duplicates.txt
REGISTRY	FILE	TXT	3544	1786194887	NONE	/data/data/com.termux/files/home/FREYA_ANDROID_888/00_CONTROL/REGISTRY/DOCUMENT_CONTROL/RELEASES/BATCH_13_DOCUMENT_INBOX_ORGANIZATION_20260808T131445Z_PID31034/cmd_docs_priority.txt
REGISTRY	FILE	TXT	542	1786194887	NONE	/data/data/com.termux/files/home/FREYA_ANDROID_888/00_CONTROL/REGISTRY/DOCUMENT_CONTROL/RELEASES/BATCH_13_DOCUMENT_INBOX_ORGANIZATION_20260808T131445Z_PID31034/cmd_docs_status.txt
REGISTRY	FILE	TXT	542	1786194887	NONE	/data/data/com.termux/files/home/FREYA_ANDROID_888/00_CONTROL/REGISTRY/DOCUMENT_CONTROL/RELEASES/BATCH_13_DOCUMENT_INBOX_ORGANIZATION_20260808T131445Z_PID31034/cmd_freya_docs_status.txt
REGISTRY	FILE	BEFORE	2894	1786194886	NONE	/data/data/com.termux/files/home/FREYA_ANDROID_888/00_CONTROL/REGISTRY/DOCUMENT_CONTROL/RELEASES/BATCH_13_DOCUMENT_INBOX_ORGANIZATION_20260808T131445Z_PID31034/freya_center.before
REGISTRY	DIR	NONE	3452	1786196327	NONE	/data/data/com.termux/files/home/FREYA_ANDROID_888/00_CONTROL/REGISTRY/END_TO_END_VALIDATION
REGISTRY	FILE	ENV	1068	1786196327	NONE	/data/data/com.termux/files/home/FREYA_ANDROID_888/00_CONTROL/REGISTRY/END_TO_END_VALIDATION/CURRENT.env
REGISTRY	DIR	NONE	3452	1786196321	NONE	/data/data/com.termux/files/home/FREYA_ANDROID_888/00_CONTROL/REGISTRY/END_TO_END_VALIDATION/RELEASES
REGISTRY	DIR	NONE	3452	1786196189	NONE	/data/data/com.termux/files/home/FREYA_ANDROID_888/00_CONTROL/REGISTRY/END_TO_END_VALIDATION/RELEASES/BATCH_19R1_END_TO_END_ANDROID_VALIDATION_NOUNSET_FIX_20260808T133623Z_PID14411
REGISTRY	FILE	SHA256	1025	1786196189	NONE	/data/data/com.termux/files/home/FREYA_ANDROID_888/00_CONTROL/REGISTRY/END_TO_END_VALIDATION/RELEASES/BATCH_19R1_END_TO_END_ANDROID_VALIDATION_NOUNSET_FIX_20260808T133623Z_PID14411/EVIDENCE_MANIFEST.sha256
REGISTRY	FILE	ENV	825	1786196189	NONE	/data/data/com.termux/files/home/FREYA_ANDROID_888/00_CONTROL/REGISTRY/END_TO_END_VALIDATION/RELEASES/BATCH_19R1_END_TO_END_ANDROID_VALIDATION_NOUNSET_FIX_20260808T133623Z_PID14411/REPORT.env
REGISTRY	FILE	TSV	288	1786196189	NONE	/data/data/com.termux/files/home/FREYA_ANDROID_888/00_CONTROL/REGISTRY/END_TO_END_VALIDATION/RELEASES/BATCH_19R1_END_TO_END_ANDROID_VALIDATION_NOUNSET_FIX_20260808T133623Z_PID14411/REVIEW_AND_REMOTE_DEPENDENCIES.tsv
REGISTRY	FILE	TSV	2043	1786196189	NONE	/data/data/com.termux/files/home/FREYA_ANDROID_888/00_CONTROL/REGISTRY/END_TO_END_VALIDATION/RELEASES/BATCH_19R1_END_TO_END_ANDROID_VALIDATION_NOUNSET_FIX_20260808T133623Z_PID14411/VALIDATION_MATRIX.tsv
REGISTRY	FILE	ENV	1105	1786196189	NONE	/data/data/com.termux/files/home/FREYA_ANDROID_888/00_CONTROL/REGISTRY/END_TO_END_VALIDATION/RELEASES/BATCH_19R1_END_TO_END_ANDROID_VALIDATION_NOUNSET_FIX_20260808T133623Z_PID14411/VALIDATION_SUMMARY.env
REGISTRY	FILE	ENV	183	1786196188	NONE	/data/data/com.termux/files/home/FREYA_ANDROID_888/00_CONTROL/REGISTRY/END_TO_END_VALIDATION/RELEASES/BATCH_19R1_END_TO_END_ANDROID_VALIDATION_NOUNSET_FIX_20260808T133623Z_PID14411/apps_status.env
REGISTRY	FILE	ENV	1162	1786196188	NONE	/data/data/com.termux/files/home/FREYA_ANDROID_888/00_CONTROL/REGISTRY/END_TO_END_VALIDATION/RELEASES/BATCH_19R1_END_TO_END_ANDROID_VALIDATION_NOUNSET_FIX_20260808T133623Z_PID14411/control_status.env
REGISTRY	FILE	ENV	345	1786196188	NONE	/data/data/com.termux/files/home/FREYA_ANDROID_888/00_CONTROL/REGISTRY/END_TO_END_VALIDATION/RELEASES/BATCH_19R1_END_TO_END_ANDROID_VALIDATION_NOUNSET_FIX_20260808T133623Z_PID14411/daily_status.env
REGISTRY	FILE	ENV	542	1786196188	NONE	/data/data/com.termux/files/home/FREYA_ANDROID_888/00_CONTROL/REGISTRY/END_TO_END_VALIDATION/RELEASES/BATCH_19R1_END_TO_END_ANDROID_VALIDATION_NOUNSET_FIX_20260808T133623Z_PID14411/docs_status.env
REGISTRY	FILE	ENV	590	1786196185	NONE	/data/data/com.termux/files/home/FREYA_ANDROID_888/00_CONTROL/REGISTRY/END_TO_END_VALIDATION/RELEASES/BATCH_19R1_END_TO_END_ANDROID_VALIDATION_NOUNSET_FIX_20260808T133623Z_PID14411/freya_status.env
REGISTRY	FILE	ENV	82	1786196186	NONE	/data/data/com.termux/files/home/FREYA_ANDROID_888/00_CONTROL/REGISTRY/END_TO_END_VALIDATION/RELEASES/BATCH_19R1_END_TO_END_ANDROID_VALIDATION_NOUNSET_FIX_20260808T133623Z_PID14411/freya_urgent.env
REGISTRY	FILE	ENV	588	1786196188	NONE	/data/data/com.termux/files/home/FREYA_ANDROID_888/00_CONTROL/REGISTRY/END_TO_END_VALIDATION/RELEASES/BATCH_19R1_END_TO_END_ANDROID_VALIDATION_NOUNSET_FIX_20260808T133623Z_PID14411/media_status.env
REGISTRY	FILE	TXT	98	1786196189	NONE	/data/data/com.termux/files/home/FREYA_ANDROID_888/00_CONTROL/REGISTRY/END_TO_END_VALIDATION/RELEASES/BATCH_19R1_END_TO_END_ANDROID_VALIDATION_NOUNSET_FIX_20260808T133623Z_PID14411/missing_registries.txt
REGISTRY	DIR	NONE	3452	1786196327	NONE	/data/data/com.termux/files/home/FREYA_ANDROID_888/00_CONTROL/REGISTRY/END_TO_END_VALIDATION/RELEASES/BATCH_19R2_TARGETED_TERMUX_REGISTRY_REPAIR_AND_END_TO_END_VALIDATION_20260808T133841Z_PID15718
REGISTRY	FILE	SHA256	936	1786196327	NONE	/data/data/com.termux/files/home/FREYA_ANDROID_888/00_CONTROL/REGISTRY/END_TO_END_VALIDATION/RELEASES/BATCH_19R2_TARGETED_TERMUX_REGISTRY_REPAIR_AND_END_TO_END_VALIDATION_20260808T133841Z_PID15718/EVIDENCE_MANIFEST.sha256
REGISTRY	FILE	ENV	873	1786196327	NONE	/data/data/com.termux/files/home/FREYA_ANDROID_888/00_CONTROL/REGISTRY/END_TO_END_VALIDATION/RELEASES/BATCH_19R2_TARGETED_TERMUX_REGISTRY_REPAIR_AND_END_TO_END_VALIDATION_20260808T133841Z_PID15718/REPORT.env
REGISTRY	FILE	TSV	288	1786196327	NONE	/data/data/com.termux/files/home/FREYA_ANDROID_888/00_CONTROL/REGISTRY/END_TO_END_VALIDATION/RELEASES/BATCH_19R2_TARGETED_TERMUX_REGISTRY_REPAIR_AND_END_TO_END_VALIDATION_20260808T133841Z_PID15718/REVIEW_AND_REMOTE_DEPENDENCIES.tsv
REGISTRY	FILE	TSV	2167	1786196327	NONE	/data/data/com.termux/files/home/FREYA_ANDROID_888/00_CONTROL/REGISTRY/END_TO_END_VALIDATION/RELEASES/BATCH_19R2_TARGETED_TERMUX_REGISTRY_REPAIR_AND_END_TO_END_VALIDATION_20260808T133841Z_PID15718/VALIDATION_MATRIX.tsv
REGISTRY	FILE	ENV	1209	1786196327	NONE	/data/data/com.termux/files/home/FREYA_ANDROID_888/00_CONTROL/REGISTRY/END_TO_END_VALIDATION/RELEASES/BATCH_19R2_TARGETED_TERMUX_REGISTRY_REPAIR_AND_END_TO_END_VALIDATION_20260808T133841Z_PID15718/VALIDATION_SUMMARY.env
REGISTRY	FILE	ENV	183	1786196326	NONE	/data/data/com.termux/files/home/FREYA_ANDROID_888/00_CONTROL/REGISTRY/END_TO_END_VALIDATION/RELEASES/BATCH_19R2_TARGETED_TERMUX_REGISTRY_REPAIR_AND_END_TO_END_VALIDATION_20260808T133841Z_PID15718/apps_status.env
REGISTRY	FILE	ENV	1162	1786196326	NONE	/data/data/com.termux/files/home/FREYA_ANDROID_888/00_CONTROL/REGISTRY/END_TO_END_VALIDATION/RELEASES/BATCH_19R2_TARGETED_TERMUX_REGISTRY_REPAIR_AND_END_TO_END_VALIDATION_20260808T133841Z_PID15718/control_status.env
REGISTRY	FILE	ENV	345	1786196326	NONE	/data/data/com.termux/files/home/FREYA_ANDROID_888/00_CONTROL/REGISTRY/END_TO_END_VALIDATION/RELEASES/BATCH_19R2_TARGETED_TERMUX_REGISTRY_REPAIR_AND_END_TO_END_VALIDATION_20260808T133841Z_PID15718/daily_status.env
REGISTRY	FILE	ENV	542	1786196326	NONE	/data/data/com.termux/files/home/FREYA_ANDROID_888/00_CONTROL/REGISTRY/END_TO_END_VALIDATION/RELEASES/BATCH_19R2_TARGETED_TERMUX_REGISTRY_REPAIR_AND_END_TO_END_VALIDATION_20260808T133841Z_PID15718/docs_status.env
REGISTRY	FILE	ENV	590	1786196322	NONE	/data/data/com.termux/files/home/FREYA_ANDROID_888/00_CONTROL/REGISTRY/END_TO_END_VALIDATION/RELEASES/BATCH_19R2_TARGETED_TERMUX_REGISTRY_REPAIR_AND_END_TO_END_VALIDATION_20260808T133841Z_PID15718/freya_status.env
REGISTRY	FILE	ENV	82	1786196324	NONE	/data/data/com.termux/files/home/FREYA_ANDROID_888/00_CONTROL/REGISTRY/END_TO_END_VALIDATION/RELEASES/BATCH_19R2_TARGETED_TERMUX_REGISTRY_REPAIR_AND_END_TO_END_VALIDATION_20260808T133841Z_PID15718/freya_urgent.env
REGISTRY	FILE	ENV	588	1786196326	NONE	/data/data/com.termux/files/home/FREYA_ANDROID_888/00_CONTROL/REGISTRY/END_TO_END_VALIDATION/RELEASES/BATCH_19R2_TARGETED_TERMUX_REGISTRY_REPAIR_AND_END_TO_END_VALIDATION_20260808T133841Z_PID15718/media_status.env
REGISTRY	DIR	NONE	3452	1786196111	NONE	/data/data/com.termux/files/home/FREYA_ANDROID_888/00_CONTROL/REGISTRY/END_TO_END_VALIDATION/RELEASES/BATCH_19_END_TO_END_ANDROID_VALIDATION_20260808T133506Z_PID13237
REGISTRY	FILE	TSV	288	1786196111	NONE	/data/data/com.termux/files/home/FREYA_ANDROID_888/00_CONTROL/REGISTRY/END_TO_END_VALIDATION/RELEASES/BATCH_19_END_TO_END_ANDROID_VALIDATION_20260808T133506Z_PID13237/REVIEW_AND_REMOTE_DEPENDENCIES.tsv
REGISTRY	FILE	TSV	2007	1786196111	NONE	/data/data/com.termux/files/home/FREYA_ANDROID_888/00_CONTROL/REGISTRY/END_TO_END_VALIDATION/RELEASES/BATCH_19_END_TO_END_ANDROID_VALIDATION_20260808T133506Z_PID13237/VALIDATION_MATRIX.tsv
REGISTRY	FILE	ENV	183	1786196110	NONE	/data/data/com.termux/files/home/FREYA_ANDROID_888/00_CONTROL/REGISTRY/END_TO_END_VALIDATION/RELEASES/BATCH_19_END_TO_END_ANDROID_VALIDATION_20260808T133506Z_PID13237/apps_status.env
REGISTRY	FILE	ENV	1162	1786196110	NONE	/data/data/com.termux/files/home/FREYA_ANDROID_888/00_CONTROL/REGISTRY/END_TO_END_VALIDATION/RELEASES/BATCH_19_END_TO_END_ANDROID_VALIDATION_20260808T133506Z_PID13237/control_status.env
REGISTRY	FILE	ENV	345	1786196110	NONE	/data/data/com.termux/files/home/FREYA_ANDROID_888/00_CONTROL/REGISTRY/END_TO_END_VALIDATION/RELEASES/BATCH_19_END_TO_END_ANDROID_VALIDATION_20260808T133506Z_PID13237/daily_status.env
REGISTRY	FILE	ENV	542	1786196110	NONE	/data/data/com.termux/files/home/FREYA_ANDROID_888/00_CONTROL/REGISTRY/END_TO_END_VALIDATION/RELEASES/BATCH_19_END_TO_END_ANDROID_VALIDATION_20260808T133506Z_PID13237/docs_status.env
REGISTRY	FILE	ENV	590	1786196107	NONE	/data/data/com.termux/files/home/FREYA_ANDROID_888/00_CONTROL/REGISTRY/END_TO_END_VALIDATION/RELEASES/BATCH_19_END_TO_END_ANDROID_VALIDATION_20260808T133506Z_PID13237/freya_status.env
REGISTRY	FILE	ENV	82	1786196108	NONE	/data/data/com.termux/files/home/FREYA_ANDROID_888/00_CONTROL/REGISTRY/END_TO_END_VALIDATION/RELEASES/BATCH_19_END_TO_END_ANDROID_VALIDATION_20260808T133506Z_PID13237/freya_urgent.env
REGISTRY	FILE	ENV	588	1786196110	NONE	/data/data/com.termux/files/home/FREYA_ANDROID_888/00_CONTROL/REGISTRY/END_TO_END_VALIDATION/RELEASES/BATCH_19_END_TO_END_ANDROID_VALIDATION_20260808T133506Z_PID13237/media_status.env
REGISTRY	FILE	TXT	98	1786196111	NONE	/data/data/com.termux/files/home/FREYA_ANDROID_888/00_CONTROL/REGISTRY/END_TO_END_VALIDATION/RELEASES/BATCH_19_END_TO_END_ANDROID_VALIDATION_20260808T133506Z_PID13237/missing_registries.txt
REGISTRY	DIR	NONE	3452	1786115711	NONE	/data/data/com.termux/files/home/FREYA_ANDROID_888/00_CONTROL/REGISTRY/FINAL_ACCEPTANCE
REGISTRY	SYMLINK	NONE	192	1786115711	/data/data/com.termux/files/home/FREYA_ANDROID_888/00_CONTROL/REGISTRY/FINAL_ACCEPTANCE/RELEASES/ANDROID_FINAL_V4_AUTONOMY_20260807T151507Z_PID20290/FREYA_ANDROID_NODE_888_FINAL_ACCEPTANCE.env	/data/data/com.termux/files/home/FREYA_ANDROID_888/00_CONTROL/REGISTRY/FINAL_ACCEPTANCE/FREYA_ANDROID_FINAL_ACCEPTANCE_CURRENT
REGISTRY	DIR	NONE	3452	1786115710	NONE	/data/data/com.termux/files/home/FREYA_ANDROID_888/00_CONTROL/REGISTRY/FINAL_ACCEPTANCE/RELEASES
REGISTRY	DIR	NONE	3452	1786109545	NONE	/data/data/com.termux/files/home/FREYA_ANDROID_888/00_CONTROL/REGISTRY/FINAL_ACCEPTANCE/RELEASES/ANDROID_FINAL_20260807T133220Z_PID15191
REGISTRY	FILE	ENV	2120	1786109545	NONE	/data/data/com.termux/files/home/FREYA_ANDROID_888/00_CONTROL/REGISTRY/FINAL_ACCEPTANCE/RELEASES/ANDROID_FINAL_20260807T133220Z_PID15191/FREYA_ANDROID_NODE_888_FINAL_ACCEPTANCE.env
REGISTRY	FILE	SHA256	110	1786109545	NONE	/data/data/com.termux/files/home/FREYA_ANDROID_888/00_CONTROL/REGISTRY/FINAL_ACCEPTANCE/RELEASES/ANDROID_FINAL_20260807T133220Z_PID15191/MANIFEST.sha256
REGISTRY	DIR	NONE	3452	1786110217	NONE	/data/data/com.termux/files/home/FREYA_ANDROID_888/00_CONTROL/REGISTRY/FINAL_ACCEPTANCE/RELEASES/ANDROID_FINAL_V3_20260807T134336Z_PID19695
REGISTRY	FILE	ENV	2236	1786110217	NONE	/data/data/com.termux/files/home/FREYA_ANDROID_888/00_CONTROL/REGISTRY/FINAL_ACCEPTANCE/RELEASES/ANDROID_FINAL_V3_20260807T134336Z_PID19695/FREYA_ANDROID_NODE_888_FINAL_ACCEPTANCE.env
REGISTRY	FILE	SHA256	110	1786110217	NONE	/data/data/com.termux/files/home/FREYA_ANDROID_888/00_CONTROL/REGISTRY/FINAL_ACCEPTANCE/RELEASES/ANDROID_FINAL_V3_20260807T134336Z_PID19695/MANIFEST.sha256
REGISTRY	DIR	NONE	3452	1786115710	NONE	/data/data/com.termux/files/home/FREYA_ANDROID_888/00_CONTROL/REGISTRY/FINAL_ACCEPTANCE/RELEASES/ANDROID_FINAL_V4_AUTONOMY_20260807T151507Z_PID20290
REGISTRY	FILE	ENV	4054	1786115710	NONE	/data/data/com.termux/files/home/FREYA_ANDROID_888/00_CONTROL/REGISTRY/FINAL_ACCEPTANCE/RELEASES/ANDROID_FINAL_V4_AUTONOMY_20260807T151507Z_PID20290/FREYA_ANDROID_NODE_888_FINAL_ACCEPTANCE.env
REGISTRY	DIR	NONE	3452	1786196579	NONE	/data/data/com.termux/files/home/FREYA_ANDROID_888/00_CONTROL/REGISTRY/FINAL_PRODUCTION_SEAL
REGISTRY	FILE	ENV	1099	1786196579	NONE	/data/data/com.termux/files/home/FREYA_ANDROID_888/00_CONTROL/REGISTRY/FINAL_PRODUCTION_SEAL/CURRENT.env
REGISTRY	DIR	NONE	3452	1786196578	NONE	/data/data/com.termux/files/home/FREYA_ANDROID_888/00_CONTROL/REGISTRY/FINAL_PRODUCTION_SEAL/RELEASES
REGISTRY	DIR	NONE	3452	1786196579	NONE	/data/data/com.termux/files/home/FREYA_ANDROID_888/00_CONTROL/REGISTRY/FINAL_PRODUCTION_SEAL/RELEASES/BATCH_20_ANDROID_SOVEREIGN_FINAL_PRODUCTION_SEAL_20260808T134258Z_PID17923
REGISTRY	FILE	SHA256	568	1786196579	NONE	/data/data/com.termux/files/home/FREYA_ANDROID_888/00_CONTROL/REGISTRY/FINAL_PRODUCTION_SEAL/RELEASES/BATCH_20_ANDROID_SOVEREIGN_FINAL_PRODUCTION_SEAL_20260808T134258Z_PID17923/EVIDENCE_MANIFEST.sha256
REGISTRY	FILE	ENV	831	1786196579	NONE	/data/data/com.termux/files/home/FREYA_ANDROID_888/00_CONTROL/REGISTRY/FINAL_PRODUCTION_SEAL/RELEASES/BATCH_20_ANDROID_SOVEREIGN_FINAL_PRODUCTION_SEAL_20260808T134258Z_PID17923/POST_STATE.env
REGISTRY	FILE	ENV	847	1786196579	NONE	/data/data/com.termux/files/home/FREYA_ANDROID_888/00_CONTROL/REGISTRY/FINAL_PRODUCTION_SEAL/RELEASES/BATCH_20_ANDROID_SOVEREIGN_FINAL_PRODUCTION_SEAL_20260808T134258Z_PID17923/PRE_STATE.env
REGISTRY	FILE	ENV	1144	1786196579	NONE	/data/data/com.termux/files/home/FREYA_ANDROID_888/00_CONTROL/REGISTRY/FINAL_PRODUCTION_SEAL/RELEASES/BATCH_20_ANDROID_SOVEREIGN_FINAL_PRODUCTION_SEAL_20260808T134258Z_PID17923/REPORT.env
REGISTRY	FILE	SH	1155	1786196579	NONE	/data/data/com.termux/files/home/FREYA_ANDROID_888/00_CONTROL/REGISTRY/FINAL_PRODUCTION_SEAL/RELEASES/BATCH_20_ANDROID_SOVEREIGN_FINAL_PRODUCTION_SEAL_20260808T134258Z_PID17923/ROLLBACK.sh
REGISTRY	FILE	TXT	1845	1786196579	NONE	/data/data/com.termux/files/home/FREYA_ANDROID_888/00_CONTROL/REGISTRY/FINAL_PRODUCTION_SEAL/RELEASES/BATCH_20_ANDROID_SOVEREIGN_FINAL_PRODUCTION_SEAL_20260808T134258Z_PID17923/final_status.txt
REGISTRY	FILE	TXT	78	1786196579	NONE	/data/data/com.termux/files/home/FREYA_ANDROID_888/00_CONTROL/REGISTRY/FINAL_PRODUCTION_SEAL/RELEASES/BATCH_20_ANDROID_SOVEREIGN_FINAL_PRODUCTION_SEAL_20260808T134258Z_PID17923/final_verify.txt
REGISTRY	FILE	BEFORE	3723	1786196578	NONE	/data/data/com.termux/files/home/FREYA_ANDROID_888/00_CONTROL/REGISTRY/FINAL_PRODUCTION_SEAL/RELEASES/BATCH_20_ANDROID_SOVEREIGN_FINAL_PRODUCTION_SEAL_20260808T134258Z_PID17923/freya_center.before
REGISTRY	DIR	NONE	3452	1786210899	NONE	/data/data/com.termux/files/home/FREYA_ANDROID_888/00_CONTROL/REGISTRY/HOME_SCREEN
REGISTRY	FILE	ENV	1045	1786194343	NONE	/data/data/com.termux/files/home/FREYA_ANDROID_888/00_CONTROL/REGISTRY/HOME_SCREEN/CURRENT.env
REGISTRY	FILE	ENV	514	1786210349	NONE	/data/data/com.termux/files/home/FREYA_ANDROID_888/00_CONTROL/REGISTRY/HOME_SCREEN/HOME_SCREEN_CURRENT.env
REGISTRY	DIR	NONE	3452	1786194340	NONE	/data/data/com.termux/files/home/FREYA_ANDROID_888/00_CONTROL/REGISTRY/HOME_SCREEN/RELEASES
REGISTRY	DIR	NONE	3452	1786194343	NONE	/data/data/com.termux/files/home/FREYA_ANDROID_888/00_CONTROL/REGISTRY/HOME_SCREEN/RELEASES/BATCH_10_HOME_SCREEN_DESKTOP_PLAN_20260808T130540Z_PID26716
REGISTRY	FILE	SHA256	404	1786194343	NONE	/data/data/com.termux/files/home/FREYA_ANDROID_888/00_CONTROL/REGISTRY/HOME_SCREEN/RELEASES/BATCH_10_HOME_SCREEN_DESKTOP_PLAN_20260808T130540Z_PID26716/EVIDENCE_MANIFEST.sha256
REGISTRY	FILE	ENV	929	1786194343	NONE	/data/data/com.termux/files/home/FREYA_ANDROID_888/00_CONTROL/REGISTRY/HOME_SCREEN/RELEASES/BATCH_10_HOME_SCREEN_DESKTOP_PLAN_20260808T130540Z_PID26716/POST_STATE.env
REGISTRY	FILE	ENV	416	1786194340	NONE	/data/data/com.termux/files/home/FREYA_ANDROID_888/00_CONTROL/REGISTRY/HOME_SCREEN/RELEASES/BATCH_10_HOME_SCREEN_DESKTOP_PLAN_20260808T130540Z_PID26716/PRE_STATE.env
REGISTRY	FILE	ENV	673	1786194343	NONE	/data/data/com.termux/files/home/FREYA_ANDROID_888/00_CONTROL/REGISTRY/HOME_SCREEN/RELEASES/BATCH_10_HOME_SCREEN_DESKTOP_PLAN_20260808T130540Z_PID26716/REPORT.env
REGISTRY	FILE	SH	300	1786194341	NONE	/data/data/com.termux/files/home/FREYA_ANDROID_888/00_CONTROL/REGISTRY/HOME_SCREEN/RELEASES/BATCH_10_HOME_SCREEN_DESKTOP_PLAN_20260808T130540Z_PID26716/ROLLBACK.sh
REGISTRY	FILE	TXT	408	1786194343	NONE	/data/data/com.termux/files/home/FREYA_ANDROID_888/00_CONTROL/REGISTRY/HOME_SCREEN/RELEASES/BATCH_10_HOME_SCREEN_DESKTOP_PLAN_20260808T130540Z_PID26716/status_validation.txt
REGISTRY	FILE	ENV	370	1786210899	NONE	/data/data/com.termux/files/home/FREYA_ANDROID_888/00_CONTROL/REGISTRY/HOME_SCREEN/TERMUX_PACKAGE_MANAGER_COMPATIBILITY.env
REGISTRY	FILE	ENV	353	1786210574	NONE	/data/data/com.termux/files/home/FREYA_ANDROID_888/00_CONTROL/REGISTRY/HOME_SCREEN/TERMUX_SIGNATURE_SOURCE_DIAGNOSTIC.env
REGISTRY	FILE	ENV	328	1786210457	NONE	/data/data/com.termux/files/home/FREYA_ANDROID_888/00_CONTROL/REGISTRY/HOME_SCREEN/TERMUX_WIDGET_SOURCE_BINDING.env
REGISTRY	DIR	NONE	3452	1786193425	NONE	/data/data/com.termux/files/home/FREYA_ANDROID_888/00_CONTROL/REGISTRY/IMAGE_CONTROLLER
REGISTRY	FILE	ENV	981	1786193425	NONE	/data/data/com.termux/files/home/FREYA_ANDROID_888/00_CONTROL/REGISTRY/IMAGE_CONTROLLER/CURRENT.env
REGISTRY	DIR	NONE	3452	1786278855	NONE	/data/data/com.termux/files/home/FREYA_ANDROID_888/00_CONTROL/REGISTRY/IMAGE_CONTROLLER/RELEASES
REGISTRY	DIR	NONE	3452	1786278855	NONE	/data/data/com.termux/files/home/FREYA_ANDROID_888/00_CONTROL/REGISTRY/IMAGE_CONTROLLER/RELEASES/A020R2_20260809T123413Z_PID6084
REGISTRY	FILE	SH	486	1786278855	NONE	/data/data/com.termux/files/home/FREYA_ANDROID_888/00_CONTROL/REGISTRY/IMAGE_CONTROLLER/RELEASES/A020R2_20260809T123413Z_PID6084/ROLLBACK.sh
REGISTRY	FILE	CANDIDATE	4365	1786278855	NONE	/data/data/com.termux/files/home/FREYA_ANDROID_888/00_CONTROL/REGISTRY/IMAGE_CONTROLLER/RELEASES/A020R2_20260809T123413Z_PID6084/freya-image-controller.run.candidate
REGISTRY	DIR	NONE	3452	1786192883	NONE	/data/data/com.termux/files/home/FREYA_ANDROID_888/00_CONTROL/REGISTRY/IMAGE_CONTROLLER/RELEASES/BATCH_06R1_SELF_HEALING_SERVICE_LAYER_AND_IMAGE_CONTROLLER_CANONICAL_REBIND_20260808T124122Z_PID11648
REGISTRY	FILE	TSV	1079	1786192883	NONE	/data/data/com.termux/files/home/FREYA_ANDROID_888/00_CONTROL/REGISTRY/IMAGE_CONTROLLER/RELEASES/BATCH_06R1_SELF_HEALING_SERVICE_LAYER_AND_IMAGE_CONTROLLER_CANONICAL_REBIND_20260808T124122Z_PID11648/ARCHIVED_STALE_STATE.tsv
REGISTRY	FILE	ENV	1221	1786192883	NONE	/data/data/com.termux/files/home/FREYA_ANDROID_888/00_CONTROL/REGISTRY/IMAGE_CONTROLLER/RELEASES/BATCH_06R1_SELF_HEALING_SERVICE_LAYER_AND_IMAGE_CONTROLLER_CANONICAL_REBIND_20260808T124122Z_PID11648/PREFLIGHT.env
REGISTRY	FILE	SH	1844	1786192883	NONE	/data/data/com.termux/files/home/FREYA_ANDROID_888/00_CONTROL/REGISTRY/IMAGE_CONTROLLER/RELEASES/BATCH_06R1_SELF_HEALING_SERVICE_LAYER_AND_IMAGE_CONTROLLER_CANONICAL_REBIND_20260808T124122Z_PID11648/ROLLBACK.sh
REGISTRY	FILE	BEFORE	209	1786192883	NONE	/data/data/com.termux/files/home/FREYA_ANDROID_888/00_CONTROL/REGISTRY/IMAGE_CONTROLLER/RELEASES/BATCH_06R1_SELF_HEALING_SERVICE_LAYER_AND_IMAGE_CONTROLLER_CANONICAL_REBIND_20260808T124122Z_PID11648/log.run.before
REGISTRY	FILE	CANDIDATE	165	1786192883	NONE	/data/data/com.termux/files/home/FREYA_ANDROID_888/00_CONTROL/REGISTRY/IMAGE_CONTROLLER/RELEASES/BATCH_06R1_SELF_HEALING_SERVICE_LAYER_AND_IMAGE_CONTROLLER_CANONICAL_REBIND_20260808T124122Z_PID11648/log.run.candidate
REGISTRY	FILE	BEFORE	3041	1786192883	NONE	/data/data/com.termux/files/home/FREYA_ANDROID_888/00_CONTROL/REGISTRY/IMAGE_CONTROLLER/RELEASES/BATCH_06R1_SELF_HEALING_SERVICE_LAYER_AND_IMAGE_CONTROLLER_CANONICAL_REBIND_20260808T124122Z_PID11648/run.before
REGISTRY	FILE	CANDIDATE	3089	1786192883	NONE	/data/data/com.termux/files/home/FREYA_ANDROID_888/00_CONTROL/REGISTRY/IMAGE_CONTROLLER/RELEASES/BATCH_06R1_SELF_HEALING_SERVICE_LAYER_AND_IMAGE_CONTROLLER_CANONICAL_REBIND_20260808T124122Z_PID11648/run.candidate
REGISTRY	DIR	NONE	3452	1786193147	NONE	/data/data/com.termux/files/home/FREYA_ANDROID_888/00_CONTROL/REGISTRY/IMAGE_CONTROLLER/RELEASES/BATCH_06R3_TARGETED_IMAGE_CONTROLLER_SERVICE_CONTRACT_REPAIR_20260808T124546Z_PID13523
REGISTRY	FILE	TSV	1545	1786193147	NONE	/data/data/com.termux/files/home/FREYA_ANDROID_888/00_CONTROL/REGISTRY/IMAGE_CONTROLLER/RELEASES/BATCH_06R3_TARGETED_IMAGE_CONTROLLER_SERVICE_CONTRACT_REPAIR_20260808T124546Z_PID13523/ARCHIVED_CONTROL_STATE.tsv
REGISTRY	FILE	ENV	988	1786193147	NONE	/data/data/com.termux/files/home/FREYA_ANDROID_888/00_CONTROL/REGISTRY/IMAGE_CONTROLLER/RELEASES/BATCH_06R3_TARGETED_IMAGE_CONTROLLER_SERVICE_CONTRACT_REPAIR_20260808T124546Z_PID13523/PRE_STATE.env
REGISTRY	FILE	ENV	861	1786193147	NONE	/data/data/com.termux/files/home/FREYA_ANDROID_888/00_CONTROL/REGISTRY/IMAGE_CONTROLLER/RELEASES/BATCH_06R3_TARGETED_IMAGE_CONTROLLER_SERVICE_CONTRACT_REPAIR_20260808T124546Z_PID13523/RESOLVED_WRAPPER_PATHS.env
REGISTRY	FILE	SH	1673	1786193147	NONE	/data/data/com.termux/files/home/FREYA_ANDROID_888/00_CONTROL/REGISTRY/IMAGE_CONTROLLER/RELEASES/BATCH_06R3_TARGETED_IMAGE_CONTROLLER_SERVICE_CONTRACT_REPAIR_20260808T124546Z_PID13523/ROLLBACK.sh
REGISTRY	FILE	BEFORE	209	1786193147	NONE	/data/data/com.termux/files/home/FREYA_ANDROID_888/00_CONTROL/REGISTRY/IMAGE_CONTROLLER/RELEASES/BATCH_06R3_TARGETED_IMAGE_CONTROLLER_SERVICE_CONTRACT_REPAIR_20260808T124546Z_PID13523/log.run.before
REGISTRY	FILE	CANDIDATE	165	1786193147	NONE	/data/data/com.termux/files/home/FREYA_ANDROID_888/00_CONTROL/REGISTRY/IMAGE_CONTROLLER/RELEASES/BATCH_06R3_TARGETED_IMAGE_CONTROLLER_SERVICE_CONTRACT_REPAIR_20260808T124546Z_PID13523/log.run.candidate
REGISTRY	FILE	BEFORE	3041	1786193147	NONE	/data/data/com.termux/files/home/FREYA_ANDROID_888/00_CONTROL/REGISTRY/IMAGE_CONTROLLER/RELEASES/BATCH_06R3_TARGETED_IMAGE_CONTROLLER_SERVICE_CONTRACT_REPAIR_20260808T124546Z_PID13523/run.before
REGISTRY	FILE	CANDIDATE	3089	1786193147	NONE	/data/data/com.termux/files/home/FREYA_ANDROID_888/00_CONTROL/REGISTRY/IMAGE_CONTROLLER/RELEASES/BATCH_06R3_TARGETED_IMAGE_CONTROLLER_SERVICE_CONTRACT_REPAIR_20260808T124546Z_PID13523/run.candidate
REGISTRY	DIR	NONE	3452	1786193425	NONE	/data/data/com.termux/files/home/FREYA_ANDROID_888/00_CONTROL/REGISTRY/IMAGE_CONTROLLER/RELEASES/BATCH_06R4_PATH_IDENTITY_AWARE_IMAGE_CONTROLLER_REPAIR_20260808T125014Z_PID16730
REGISTRY	FILE	TSV	1891	1786193415	NONE	/data/data/com.termux/files/home/FREYA_ANDROID_888/00_CONTROL/REGISTRY/IMAGE_CONTROLLER/RELEASES/BATCH_06R4_PATH_IDENTITY_AWARE_IMAGE_CONTROLLER_REPAIR_20260808T125014Z_PID16730/ARCHIVED_CONTROL_STATE.tsv
REGISTRY	FILE	SHA256	656	1786193426	NONE	/data/data/com.termux/files/home/FREYA_ANDROID_888/00_CONTROL/REGISTRY/IMAGE_CONTROLLER/RELEASES/BATCH_06R4_PATH_IDENTITY_AWARE_IMAGE_CONTROLLER_REPAIR_20260808T125014Z_PID16730/EVIDENCE_MANIFEST.sha256
REGISTRY	FILE	ENV	351	1786193425	NONE	/data/data/com.termux/files/home/FREYA_ANDROID_888/00_CONTROL/REGISTRY/IMAGE_CONTROLLER/RELEASES/BATCH_06R4_PATH_IDENTITY_AWARE_IMAGE_CONTROLLER_REPAIR_20260808T125014Z_PID16730/POST_STATE.env
REGISTRY	FILE	ENV	503	1786193414	NONE	/data/data/com.termux/files/home/FREYA_ANDROID_888/00_CONTROL/REGISTRY/IMAGE_CONTROLLER/RELEASES/BATCH_06R4_PATH_IDENTITY_AWARE_IMAGE_CONTROLLER_REPAIR_20260808T125014Z_PID16730/PRE_STATE.env
REGISTRY	FILE	ENV	680	1786193425	NONE	/data/data/com.termux/files/home/FREYA_ANDROID_888/00_CONTROL/REGISTRY/IMAGE_CONTROLLER/RELEASES/BATCH_06R4_PATH_IDENTITY_AWARE_IMAGE_CONTROLLER_REPAIR_20260808T125014Z_PID16730/REPORT.env
REGISTRY	FILE	SH	1176	1786193415	NONE	/data/data/com.termux/files/home/FREYA_ANDROID_888/00_CONTROL/REGISTRY/IMAGE_CONTROLLER/RELEASES/BATCH_06R4_PATH_IDENTITY_AWARE_IMAGE_CONTROLLER_REPAIR_20260808T125014Z_PID16730/ROLLBACK.sh
REGISTRY	FILE	TXT	1975	1786193425	NONE	/data/data/com.termux/files/home/FREYA_ANDROID_888/00_CONTROL/REGISTRY/IMAGE_CONTROLLER/RELEASES/BATCH_06R4_PATH_IDENTITY_AWARE_IMAGE_CONTROLLER_REPAIR_20260808T125014Z_PID16730/controller_log_tail.txt
REGISTRY	FILE	BEFORE	3041	1786193414	NONE	/data/data/com.termux/files/home/FREYA_ANDROID_888/00_CONTROL/REGISTRY/IMAGE_CONTROLLER/RELEASES/BATCH_06R4_PATH_IDENTITY_AWARE_IMAGE_CONTROLLER_REPAIR_20260808T125014Z_PID16730/run.before
REGISTRY	FILE	CANDIDATE	3089	1786193415	NONE	/data/data/com.termux/files/home/FREYA_ANDROID_888/00_CONTROL/REGISTRY/IMAGE_CONTROLLER/RELEASES/BATCH_06R4_PATH_IDENTITY_AWARE_IMAGE_CONTROLLER_REPAIR_20260808T125014Z_PID16730/run.candidate
REGISTRY	DIR	NONE	3452	1786192562	NONE	/data/data/com.termux/files/home/FREYA_ANDROID_888/00_CONTROL/REGISTRY/IMAGE_CONTROLLER/RELEASES/BATCH_06_SELF_HEALING_SERVICE_LAYER_AND_IMAGE_CONTROLLER_CANONICAL_REBIND_20260808T123602Z_PID10706
REGISTRY	FILE	TSV	32	1786192562	NONE	/data/data/com.termux/files/home/FREYA_ANDROID_888/00_CONTROL/REGISTRY/IMAGE_CONTROLLER/RELEASES/BATCH_06_SELF_HEALING_SERVICE_LAYER_AND_IMAGE_CONTROLLER_CANONICAL_REBIND_20260808T123602Z_PID10706/ARCHIVED_STALE_STATE.tsv
REGISTRY	DIR	NONE	3452	1786210250	NONE	/data/data/com.termux/files/home/FREYA_ANDROID_888/00_CONTROL/REGISTRY/IMAGE_CONTROLLER_BINDING
REGISTRY	FILE	ENV	836	1786210250	NONE	/data/data/com.termux/files/home/FREYA_ANDROID_888/00_CONTROL/REGISTRY/IMAGE_CONTROLLER_BINDING/CANONICAL_BINDING_CURRENT.env
REGISTRY	DIR	NONE	3452	1786193006	NONE	/data/data/com.termux/files/home/FREYA_ANDROID_888/00_CONTROL/REGISTRY/IMAGE_CONTROLLER_DIAG
REGISTRY	DIR	NONE	3452	1786193006	NONE	/data/data/com.termux/files/home/FREYA_ANDROID_888/00_CONTROL/REGISTRY/IMAGE_CONTROLLER_DIAG/RELEASES
REGISTRY	DIR	NONE	3452	1786193007	NONE	/data/data/com.termux/files/home/FREYA_ANDROID_888/00_CONTROL/REGISTRY/IMAGE_CONTROLLER_DIAG/RELEASES/BATCH_06R2_IMAGE_CONTROLLER_ROOT_CAUSE_DIAGNOSIS_20260808T124326Z_PID12423
REGISTRY	FILE	SHA256	843	1786193007	NONE	/data/data/com.termux/files/home/FREYA_ANDROID_888/00_CONTROL/REGISTRY/IMAGE_CONTROLLER_DIAG/RELEASES/BATCH_06R2_IMAGE_CONTROLLER_ROOT_CAUSE_DIAGNOSIS_20260808T124326Z_PID12423/EVIDENCE_MANIFEST.sha256
REGISTRY	FILE	ENV	816	1786193007	NONE	/data/data/com.termux/files/home/FREYA_ANDROID_888/00_CONTROL/REGISTRY/IMAGE_CONTROLLER_DIAG/RELEASES/BATCH_06R2_IMAGE_CONTROLLER_ROOT_CAUSE_DIAGNOSIS_20260808T124326Z_PID12423/REPORT.env
REGISTRY	FILE	TXT	2192	1786193006	NONE	/data/data/com.termux/files/home/FREYA_ANDROID_888/00_CONTROL/REGISTRY/IMAGE_CONTROLLER_DIAG/RELEASES/BATCH_06R2_IMAGE_CONTROLLER_ROOT_CAUSE_DIAGNOSIS_20260808T124326Z_PID12423/controller_contract.txt
REGISTRY	FILE	TXT	0	1786193007	NONE	/data/data/com.termux/files/home/FREYA_ANDROID_888/00_CONTROL/REGISTRY/IMAGE_CONTROLLER_DIAG/RELEASES/BATCH_06R2_IMAGE_CONTROLLER_ROOT_CAUSE_DIAGNOSIS_20260808T124326Z_PID12423/direct_run.stderr.txt
REGISTRY	FILE	TXT	138	1786193007	NONE	/data/data/com.termux/files/home/FREYA_ANDROID_888/00_CONTROL/REGISTRY/IMAGE_CONTROLLER_DIAG/RELEASES/BATCH_06R2_IMAGE_CONTROLLER_ROOT_CAUSE_DIAGNOSIS_20260808T124326Z_PID12423/direct_run.stdout.txt
REGISTRY	FILE	TXT	60016	1786193007	NONE	/data/data/com.termux/files/home/FREYA_ANDROID_888/00_CONTROL/REGISTRY/IMAGE_CONTROLLER_DIAG/RELEASES/BATCH_06R2_IMAGE_CONTROLLER_ROOT_CAUSE_DIAGNOSIS_20260808T124326Z_PID12423/log_snapshot.txt
REGISTRY	FILE	TXT	55	1786193007	NONE	/data/data/com.termux/files/home/FREYA_ANDROID_888/00_CONTROL/REGISTRY/IMAGE_CONTROLLER_DIAG/RELEASES/BATCH_06R2_IMAGE_CONTROLLER_ROOT_CAUSE_DIAGNOSIS_20260808T124326Z_PID12423/process_post.txt
REGISTRY	FILE	TXT	55	1786193006	NONE	/data/data/com.termux/files/home/FREYA_ANDROID_888/00_CONTROL/REGISTRY/IMAGE_CONTROLLER_DIAG/RELEASES/BATCH_06R2_IMAGE_CONTROLLER_ROOT_CAUSE_DIAGNOSIS_20260808T124326Z_PID12423/process_pre.txt
REGISTRY	FILE	TXT	3135	1786193006	NONE	/data/data/com.termux/files/home/FREYA_ANDROID_888/00_CONTROL/REGISTRY/IMAGE_CONTROLLER_DIAG/RELEASES/BATCH_06R2_IMAGE_CONTROLLER_ROOT_CAUSE_DIAGNOSIS_20260808T124326Z_PID12423/run_script.txt
REGISTRY	FILE	TSV	1064	1786193007	NONE	/data/data/com.termux/files/home/FREYA_ANDROID_888/00_CONTROL/REGISTRY/IMAGE_CONTROLLER_DIAG/RELEASES/BATCH_06R2_IMAGE_CONTROLLER_ROOT_CAUSE_DIAGNOSIS_20260808T124326Z_PID12423/temp_state_map.tsv
REGISTRY	FILE	TXT	1781	1786193007	NONE	/data/data/com.termux/files/home/FREYA_ANDROID_888/00_CONTROL/REGISTRY/IMAGE_CONTROLLER_DIAG/RELEASES/BATCH_06R2_IMAGE_CONTROLLER_ROOT_CAUSE_DIAGNOSIS_20260808T124326Z_PID12423/worker_contract.txt
REGISTRY	DIR	NONE	3452	1786195851	NONE	/data/data/com.termux/files/home/FREYA_ANDROID_888/00_CONTROL/REGISTRY/INTEGRATED_CONTROL
REGISTRY	FILE	ENV	940	1786195851	NONE	/data/data/com.termux/files/home/FREYA_ANDROID_888/00_CONTROL/REGISTRY/INTEGRATED_CONTROL/CURRENT.env
REGISTRY	DIR	NONE	3452	1786195844	NONE	/data/data/com.termux/files/home/FREYA_ANDROID_888/00_CONTROL/REGISTRY/INTEGRATED_CONTROL/RELEASES
REGISTRY	DIR	NONE	3452	1786195851	NONE	/data/data/com.termux/files/home/FREYA_ANDROID_888/00_CONTROL/REGISTRY/INTEGRATED_CONTROL/RELEASES/BATCH_17_DASHBOARD_APPLICATION_INTEGRATION_20260808T133044Z_PID9973
REGISTRY	FILE	SHA256	837	1786195851	NONE	/data/data/com.termux/files/home/FREYA_ANDROID_888/00_CONTROL/REGISTRY/INTEGRATED_CONTROL/RELEASES/BATCH_17_DASHBOARD_APPLICATION_INTEGRATION_20260808T133044Z_PID9973/EVIDENCE_MANIFEST.sha256
REGISTRY	FILE	ENV	1155	1786195851	NONE	/data/data/com.termux/files/home/FREYA_ANDROID_888/00_CONTROL/REGISTRY/INTEGRATED_CONTROL/RELEASES/BATCH_17_DASHBOARD_APPLICATION_INTEGRATION_20260808T133044Z_PID9973/POST_STATE.env
REGISTRY	FILE	ENV	540	1786195844	NONE	/data/data/com.termux/files/home/FREYA_ANDROID_888/00_CONTROL/REGISTRY/INTEGRATED_CONTROL/RELEASES/BATCH_17_DASHBOARD_APPLICATION_INTEGRATION_20260808T133044Z_PID9973/PRE_STATE.env
REGISTRY	FILE	ENV	931	1786195851	NONE	/data/data/com.termux/files/home/FREYA_ANDROID_888/00_CONTROL/REGISTRY/INTEGRATED_CONTROL/RELEASES/BATCH_17_DASHBOARD_APPLICATION_INTEGRATION_20260808T133044Z_PID9973/REPORT.env
REGISTRY	FILE	SH	1896	1786195851	NONE	/data/data/com.termux/files/home/FREYA_ANDROID_888/00_CONTROL/REGISTRY/INTEGRATED_CONTROL/RELEASES/BATCH_17_DASHBOARD_APPLICATION_INTEGRATION_20260808T133044Z_PID9973/ROLLBACK.sh
REGISTRY	FILE	TXT	288	1786195851	NONE	/data/data/com.termux/files/home/FREYA_ANDROID_888/00_CONTROL/REGISTRY/INTEGRATED_CONTROL/RELEASES/BATCH_17_DASHBOARD_APPLICATION_INTEGRATION_20260808T133044Z_PID9973/control_issues.txt
REGISTRY	FILE	TXT	507	1786195849	NONE	/data/data/com.termux/files/home/FREYA_ANDROID_888/00_CONTROL/REGISTRY/INTEGRATED_CONTROL/RELEASES/BATCH_17_DASHBOARD_APPLICATION_INTEGRATION_20260808T133044Z_PID9973/control_matrix.txt
REGISTRY	FILE	TXT	1162	1786195846	NONE	/data/data/com.termux/files/home/FREYA_ANDROID_888/00_CONTROL/REGISTRY/INTEGRATED_CONTROL/RELEASES/BATCH_17_DASHBOARD_APPLICATION_INTEGRATION_20260808T133044Z_PID9973/control_status.txt
REGISTRY	FILE	BEFORE	3345	1786195844	NONE	/data/data/com.termux/files/home/FREYA_ANDROID_888/00_CONTROL/REGISTRY/INTEGRATED_CONTROL/RELEASES/BATCH_17_DASHBOARD_APPLICATION_INTEGRATION_20260808T133044Z_PID9973/freya_center.before
REGISTRY	FILE	BEFORE	186	1786195844	NONE	/data/data/com.termux/files/home/FREYA_ANDROID_888/00_CONTROL/REGISTRY/INTEGRATED_CONTROL/RELEASES/BATCH_17_DASHBOARD_APPLICATION_INTEGRATION_20260808T133044Z_PID9973/freya_control_shortcut.before
REGISTRY	FILE	BEFORE	427	1786195844	NONE	/data/data/com.termux/files/home/FREYA_ANDROID_888/00_CONTROL/REGISTRY/INTEGRATED_CONTROL/RELEASES/BATCH_17_DASHBOARD_APPLICATION_INTEGRATION_20260808T133044Z_PID9973/freya_home.before
REGISTRY	DIR	NONE	3452	1786195078	NONE	/data/data/com.termux/files/home/FREYA_ANDROID_888/00_CONTROL/REGISTRY/MEDIA_CONTROL
REGISTRY	FILE	ENV	1553	1786195078	NONE	/data/data/com.termux/files/home/FREYA_ANDROID_888/00_CONTROL/REGISTRY/MEDIA_CONTROL/CURRENT.env
REGISTRY	DIR	NONE	3452	1786195076	NONE	/data/data/com.termux/files/home/FREYA_ANDROID_888/00_CONTROL/REGISTRY/MEDIA_CONTROL/RELEASES
REGISTRY	DIR	NONE	3452	1786195078	NONE	/data/data/com.termux/files/home/FREYA_ANDROID_888/00_CONTROL/REGISTRY/MEDIA_CONTROL/RELEASES/BATCH_14_MEDIA_SCREENSHOT_CONTROL_20260808T131756Z_PID32084
REGISTRY	FILE	SHA256	761	1786195078	NONE	/data/data/com.termux/files/home/FREYA_ANDROID_888/00_CONTROL/REGISTRY/MEDIA_CONTROL/RELEASES/BATCH_14_MEDIA_SCREENSHOT_CONTROL_20260808T131756Z_PID32084/EVIDENCE_MANIFEST.sha256
REGISTRY	FILE	ENV	938	1786195078	NONE	/data/data/com.termux/files/home/FREYA_ANDROID_888/00_CONTROL/REGISTRY/MEDIA_CONTROL/RELEASES/BATCH_14_MEDIA_SCREENSHOT_CONTROL_20260808T131756Z_PID32084/POST_STATE.env
REGISTRY	FILE	ENV	598	1786195077	NONE	/data/data/com.termux/files/home/FREYA_ANDROID_888/00_CONTROL/REGISTRY/MEDIA_CONTROL/RELEASES/BATCH_14_MEDIA_SCREENSHOT_CONTROL_20260808T131756Z_PID32084/PRE_STATE.env
REGISTRY	FILE	ENV	796	1786195078	NONE	/data/data/com.termux/files/home/FREYA_ANDROID_888/00_CONTROL/REGISTRY/MEDIA_CONTROL/RELEASES/BATCH_14_MEDIA_SCREENSHOT_CONTROL_20260808T131756Z_PID32084/REPORT.env
REGISTRY	FILE	SH	1090	1786195078	NONE	/data/data/com.termux/files/home/FREYA_ANDROID_888/00_CONTROL/REGISTRY/MEDIA_CONTROL/RELEASES/BATCH_14_MEDIA_SCREENSHOT_CONTROL_20260808T131756Z_PID32084/ROLLBACK.sh
REGISTRY	FILE	TXT	588	1786195078	NONE	/data/data/com.termux/files/home/FREYA_ANDROID_888/00_CONTROL/REGISTRY/MEDIA_CONTROL/RELEASES/BATCH_14_MEDIA_SCREENSHOT_CONTROL_20260808T131756Z_PID32084/cmd_freya_media_status.txt
REGISTRY	FILE	TXT	186	1786195078	NONE	/data/data/com.termux/files/home/FREYA_ANDROID_888/00_CONTROL/REGISTRY/MEDIA_CONTROL/RELEASES/BATCH_14_MEDIA_SCREENSHOT_CONTROL_20260808T131756Z_PID32084/cmd_media_controller.txt
REGISTRY	FILE	TXT	532	1786195078	NONE	/data/data/com.termux/files/home/FREYA_ANDROID_888/00_CONTROL/REGISTRY/MEDIA_CONTROL/RELEASES/BATCH_14_MEDIA_SCREENSHOT_CONTROL_20260808T131756Z_PID32084/cmd_media_pending.txt
REGISTRY	FILE	TXT	588	1786195078	NONE	/data/data/com.termux/files/home/FREYA_ANDROID_888/00_CONTROL/REGISTRY/MEDIA_CONTROL/RELEASES/BATCH_14_MEDIA_SCREENSHOT_CONTROL_20260808T131756Z_PID32084/cmd_media_status.txt
REGISTRY	FILE	BEFORE	3111	1786195077	NONE	/data/data/com.termux/files/home/FREYA_ANDROID_888/00_CONTROL/REGISTRY/MEDIA_CONTROL/RELEASES/BATCH_14_MEDIA_SCREENSHOT_CONTROL_20260808T131756Z_PID32084/freya_center.before
REGISTRY	DIR	NONE	3452	1786043745	NONE	/data/data/com.termux/files/home/FREYA_ANDROID_888/00_CONTROL/REGISTRY/NODE_STATUS
REGISTRY	FILE	ENV	1108	1786043745	NONE	/data/data/com.termux/files/home/FREYA_ANDROID_888/00_CONTROL/REGISTRY/NODE_STATUS/FREYA_ANDROID_NODE_888_OPERATIONAL_20260806T191545Z_PID24303.env
REGISTRY	DIR	NONE	3452	1786110217	NONE	/data/data/com.termux/files/home/FREYA_ANDROID_888/00_CONTROL/REGISTRY/OBSIDIAN_AUTHORITY
REGISTRY	SYMLINK	NONE	174	1786110217	/data/data/com.termux/files/home/FREYA_ANDROID_888/00_CONTROL/REGISTRY/OBSIDIAN_AUTHORITY/RELEASES/AUTHORITY_V1_20260807T134336Z_PID19695/FREYA_ANDROID_OBSIDIAN_AUTHORITY.env	/data/data/com.termux/files/home/FREYA_ANDROID_888/00_CONTROL/REGISTRY/OBSIDIAN_AUTHORITY/FREYA_ANDROID_OBSIDIAN_AUTHORITY_CURRENT
REGISTRY	DIR	NONE	3452	1786110216	NONE	/data/data/com.termux/files/home/FREYA_ANDROID_888/00_CONTROL/REGISTRY/OBSIDIAN_AUTHORITY/RELEASES
REGISTRY	DIR	NONE	3452	1786110216	NONE	/data/data/com.termux/files/home/FREYA_ANDROID_888/00_CONTROL/REGISTRY/OBSIDIAN_AUTHORITY/RELEASES/AUTHORITY_V1_20260807T134336Z_PID19695
REGISTRY	FILE	ENV	765	1786110216	NONE	/data/data/com.termux/files/home/FREYA_ANDROID_888/00_CONTROL/REGISTRY/OBSIDIAN_AUTHORITY/RELEASES/AUTHORITY_V1_20260807T134336Z_PID19695/FREYA_ANDROID_OBSIDIAN_AUTHORITY.env
REGISTRY	FILE	SHA256	103	1786110216	NONE	/data/data/com.termux/files/home/FREYA_ANDROID_888/00_CONTROL/REGISTRY/OBSIDIAN_AUTHORITY/RELEASES/AUTHORITY_V1_20260807T134336Z_PID19695/MANIFEST.sha256
REGISTRY	DIR	NONE	3452	1786106371	NONE	/data/data/com.termux/files/home/FREYA_ANDROID_888/00_CONTROL/REGISTRY/PIPELINE_BINDINGS
REGISTRY	FILE	ENV	2035	1786106371	NONE	/data/data/com.termux/files/home/FREYA_ANDROID_888/00_CONTROL/REGISTRY/PIPELINE_BINDINGS/FREYA_ANDROID_PIPELINE_BINDING_20260807T123925Z_PID27437.env
REGISTRY	DIR	NONE	3452	1786216480	NONE	/data/data/com.termux/files/home/FREYA_ANDROID_888/00_CONTROL/REGISTRY/ROOT_COMPATIBILITY_ALIASES
REGISTRY	DIR	NONE	3452	1786216480	NONE	/data/data/com.termux/files/home/FREYA_ANDROID_888/00_CONTROL/REGISTRY/ROOT_COMPATIBILITY_ALIASES/RELEASES
REGISTRY	DIR	NONE	3452	1786216480	NONE	/data/data/com.termux/files/home/FREYA_ANDROID_888/00_CONTROL/REGISTRY/ROOT_COMPATIBILITY_ALIASES/RELEASES/ANDROID_REPAIR_BATCH_02_20260808T191440Z_PID16934
REGISTRY	FILE	TSV	49	1786216480	NONE	/data/data/com.termux/files/home/FREYA_ANDROID_888/00_CONTROL/REGISTRY/ROOT_COMPATIBILITY_ALIASES/RELEASES/ANDROID_REPAIR_BATCH_02_20260808T191440Z_PID16934/ALIAS_MANIFEST.tsv
REGISTRY	FILE	SH	196	1786216480	NONE	/data/data/com.termux/files/home/FREYA_ANDROID_888/00_CONTROL/REGISTRY/ROOT_COMPATIBILITY_ALIASES/RELEASES/ANDROID_REPAIR_BATCH_02_20260808T191440Z_PID16934/ROLLBACK.sh
REGISTRY	DIR	NONE	3452	1786193610	NONE	/data/data/com.termux/files/home/FREYA_ANDROID_888/00_CONTROL/REGISTRY/STORAGE_PROTECTION
REGISTRY	FILE	ENV	675	1786193610	NONE	/data/data/com.termux/files/home/FREYA_ANDROID_888/00_CONTROL/REGISTRY/STORAGE_PROTECTION/CURRENT.env
REGISTRY	FILE	ENV	498	1786193610	NONE	/data/data/com.termux/files/home/FREYA_ANDROID_888/00_CONTROL/REGISTRY/STORAGE_PROTECTION/POLICY.env
REGISTRY	DIR	NONE	3452	1786193609	NONE	/data/data/com.termux/files/home/FREYA_ANDROID_888/00_CONTROL/REGISTRY/STORAGE_PROTECTION/RELEASES
REGISTRY	DIR	NONE	3452	1786193610	NONE	/data/data/com.termux/files/home/FREYA_ANDROID_888/00_CONTROL/REGISTRY/STORAGE_PROTECTION/RELEASES/BATCH_07_STORAGE_PROTECTION_20260808T125329Z_PID18243
REGISTRY	FILE	SHA256	493	1786193610	NONE	/data/data/com.termux/files/home/FREYA_ANDROID_888/00_CONTROL/REGISTRY/STORAGE_PROTECTION/RELEASES/BATCH_07_STORAGE_PROTECTION_20260808T125329Z_PID18243/EVIDENCE_MANIFEST.sha256
REGISTRY	FILE	ENV	451	1786193610	NONE	/data/data/com.termux/files/home/FREYA_ANDROID_888/00_CONTROL/REGISTRY/STORAGE_PROTECTION/RELEASES/BATCH_07_STORAGE_PROTECTION_20260808T125329Z_PID18243/REPORT.env
REGISTRY	FILE	SH	362	1786193610	NONE	/data/data/com.termux/files/home/FREYA_ANDROID_888/00_CONTROL/REGISTRY/STORAGE_PROTECTION/RELEASES/BATCH_07_STORAGE_PROTECTION_20260808T125329Z_PID18243/ROLLBACK.sh
REGISTRY	FILE	ENV	820	1786193610	NONE	/data/data/com.termux/files/home/FREYA_ANDROID_888/00_CONTROL/REGISTRY/STORAGE_PROTECTION/RELEASES/BATCH_07_STORAGE_PROTECTION_20260808T125329Z_PID18243/STORAGE_POST_STATE.env
REGISTRY	FILE	ENV	463	1786193609	NONE	/data/data/com.termux/files/home/FREYA_ANDROID_888/00_CONTROL/REGISTRY/STORAGE_PROTECTION/RELEASES/BATCH_07_STORAGE_PROTECTION_20260808T125329Z_PID18243/STORAGE_PRE_STATE.env
REGISTRY	FILE	AFTER	2597	1786193610	NONE	/data/data/com.termux/files/home/FREYA_ANDROID_888/00_CONTROL/REGISTRY/STORAGE_PROTECTION/RELEASES/BATCH_07_STORAGE_PROTECTION_20260808T125329Z_PID18243/crontab.after
REGISTRY	FILE	BEFORE	2455	1786193610	NONE	/data/data/com.termux/files/home/FREYA_ANDROID_888/00_CONTROL/REGISTRY/STORAGE_PROTECTION/RELEASES/BATCH_07_STORAGE_PROTECTION_20260808T125329Z_PID18243/crontab.before
REGISTRY	DIR	NONE	3452	1786196327	NONE	/data/data/com.termux/files/home/FREYA_ANDROID_888/00_CONTROL/REGISTRY/TERMUX_RUNTIME
REGISTRY	FILE	ENV	1293	1786196327	NONE	/data/data/com.termux/files/home/FREYA_ANDROID_888/00_CONTROL/REGISTRY/TERMUX_RUNTIME/CURRENT.env
REGISTRY	DIR	NONE	3452	1786196327	NONE	/data/data/com.termux/files/home/FREYA_ANDROID_888/00_CONTROL/REGISTRY/TERMUX_RUNTIME/RELEASES
REGISTRY	DIR	NONE	3452	1786192385	NONE	/data/data/com.termux/files/home/FREYA_ANDROID_888/00_CONTROL/REGISTRY/TERMUX_RUNTIME/RELEASES/BATCH_05_TERMUX_RUNTIME_REPAIR_AND_SAFE_LEGACY_REBIND_PREFLIGHT_20260808T123305Z_PID9011
REGISTRY	FILE	SHA256	548	1786192385	NONE	/data/data/com.termux/files/home/FREYA_ANDROID_888/00_CONTROL/REGISTRY/TERMUX_RUNTIME/RELEASES/BATCH_05_TERMUX_RUNTIME_REPAIR_AND_SAFE_LEGACY_REBIND_PREFLIGHT_20260808T123305Z_PID9011/EVIDENCE_MANIFEST.sha256
REGISTRY	FILE	TSV	660	1786192385	NONE	/data/data/com.termux/files/home/FREYA_ANDROID_888/00_CONTROL/REGISTRY/TERMUX_RUNTIME/RELEASES/BATCH_05_TERMUX_RUNTIME_REPAIR_AND_SAFE_LEGACY_REBIND_PREFLIGHT_20260808T123305Z_PID9011/IMAGE_CONTROLLER_CONTRACT.tsv
REGISTRY	FILE	TSV	37	1786192385	NONE	/data/data/com.termux/files/home/FREYA_ANDROID_888/00_CONTROL/REGISTRY/TERMUX_RUNTIME/RELEASES/BATCH_05_TERMUX_RUNTIME_REPAIR_AND_SAFE_LEGACY_REBIND_PREFLIGHT_20260808T123305Z_PID9011/IMAGE_CONTROLLER_REFERENCED_FILES.tsv
REGISTRY	FILE	ENV	1299	1786192385	NONE	/data/data/com.termux/files/home/FREYA_ANDROID_888/00_CONTROL/REGISTRY/TERMUX_RUNTIME/RELEASES/BATCH_05_TERMUX_RUNTIME_REPAIR_AND_SAFE_LEGACY_REBIND_PREFLIGHT_20260808T123305Z_PID9011/REPORT.env
REGISTRY	FILE	SH	564	1786192385	NONE	/data/data/com.termux/files/home/FREYA_ANDROID_888/00_CONTROL/REGISTRY/TERMUX_RUNTIME/RELEASES/BATCH_05_TERMUX_RUNTIME_REPAIR_AND_SAFE_LEGACY_REBIND_PREFLIGHT_20260808T123305Z_PID9011/ROLLBACK.sh
REGISTRY	FILE	TSV	901	1786192385	NONE	/data/data/com.termux/files/home/FREYA_ANDROID_888/00_CONTROL/REGISTRY/TERMUX_RUNTIME/RELEASES/BATCH_05_TERMUX_RUNTIME_REPAIR_AND_SAFE_LEGACY_REBIND_PREFLIGHT_20260808T123305Z_PID9011/STALE_CONTROL_STATE.tsv
REGISTRY	FILE	CANDIDATE	3281	1786192385	NONE	/data/data/com.termux/files/home/FREYA_ANDROID_888/00_CONTROL/REGISTRY/TERMUX_RUNTIME/RELEASES/BATCH_05_TERMUX_RUNTIME_REPAIR_AND_SAFE_LEGACY_REBIND_PREFLIGHT_20260808T123305Z_PID9011/freya-image-controller.run.candidate
REGISTRY	DIR	NONE	3452	1786196327	NONE	/data/data/com.termux/files/home/FREYA_ANDROID_888/00_CONTROL/REGISTRY/TERMUX_RUNTIME/RELEASES/BATCH_19R2_TERMUX_RUNTIME_REGISTRY_REPAIR_20260808T133841Z_PID15718
REGISTRY	FILE	ENV	1293	1786196327	NONE	/data/data/com.termux/files/home/FREYA_ANDROID_888/00_CONTROL/REGISTRY/TERMUX_RUNTIME/RELEASES/BATCH_19R2_TERMUX_RUNTIME_REGISTRY_REPAIR_20260808T133841Z_PID15718/CURRENT.env
REGISTRY	FILE	SHA256	241	1786196327	NONE	/data/data/com.termux/files/home/FREYA_ANDROID_888/00_CONTROL/REGISTRY/TERMUX_RUNTIME/RELEASES/BATCH_19R2_TERMUX_RUNTIME_REGISTRY_REPAIR_20260808T133841Z_PID15718/EVIDENCE_MANIFEST.sha256
REGISTRY	FILE	TSV	9591	1784912709	NONE	/data/data/com.termux/files/home/FREYA_ANDROID_888/03_HASH_REGISTERS/33_SYSTEM_SHA256.tsv
REGISTRY	DIR	NONE	3452	1785844986	NONE	/data/data/com.termux/files/home/FREYA_ANDROID_888/03_HASH_REGISTERS/ANDROID_SOVEREIGN_V2
REGISTRY	DIR	NONE	3452	1785844986	NONE	/data/data/com.termux/files/home/FREYA_ANDROID_888/03_HASH_REGISTERS/ANDROID_SOVEREIGN_V2/DUPLICATE_SIGNALS
REGISTRY	DIR	NONE	3452	1785844987	NONE	/data/data/com.termux/files/home/FREYA_ANDROID_888/03_HASH_REGISTERS/ANDROID_SOVEREIGN_V2/DUPLICATE_SIGNALS/ADS_METAL_TURKEY
REGISTRY	FILE	SHA256	242	1785844987	NONE	/data/data/com.termux/files/home/FREYA_ANDROID_888/03_HASH_REGISTERS/ANDROID_SOVEREIGN_V2/DUPLICATE_SIGNALS/ADS_METAL_TURKEY/DUPLICATE_VERSION_MANIFEST.20260804T120305Z_PID13366.sha256
REGISTRY	FILE	JSONL	0	1785844986	NONE	/data/data/com.termux/files/home/FREYA_ANDROID_888/03_HASH_REGISTERS/ANDROID_SOVEREIGN_V2/DUPLICATE_SIGNALS/ADS_METAL_TURKEY/EXACT_DUPLICATE_GROUPS.20260804T120305Z_PID13366.jsonl
REGISTRY	FILE	JSONL	0	1785844986	NONE	/data/data/com.termux/files/home/FREYA_ANDROID_888/03_HASH_REGISTERS/ANDROID_SOVEREIGN_V2/DUPLICATE_SIGNALS/ADS_METAL_TURKEY/VERSION_FAMILY_SIGNALS.20260804T120305Z_PID13366.jsonl
REGISTRY	DIR	NONE	3452	1785844986	NONE	/data/data/com.termux/files/home/FREYA_ANDROID_888/03_HASH_REGISTERS/ANDROID_SOVEREIGN_V2/DUPLICATE_SIGNALS/ARS_METAL_INDUSTRIES_DOO
REGISTRY	FILE	SHA256	242	1785844986	NONE	/data/data/com.termux/files/home/FREYA_ANDROID_888/03_HASH_REGISTERS/ANDROID_SOVEREIGN_V2/DUPLICATE_SIGNALS/ARS_METAL_INDUSTRIES_DOO/DUPLICATE_VERSION_MANIFEST.20260804T120305Z_PID13366.sha256
REGISTRY	FILE	JSONL	0	1785844986	NONE	/data/data/com.termux/files/home/FREYA_ANDROID_888/03_HASH_REGISTERS/ANDROID_SOVEREIGN_V2/DUPLICATE_SIGNALS/ARS_METAL_INDUSTRIES_DOO/EXACT_DUPLICATE_GROUPS.20260804T120305Z_PID13366.jsonl
REGISTRY	FILE	JSONL	0	1785844986	NONE	/data/data/com.termux/files/home/FREYA_ANDROID_888/03_HASH_REGISTERS/ANDROID_SOVEREIGN_V2/DUPLICATE_SIGNALS/ARS_METAL_INDUSTRIES_DOO/VERSION_FAMILY_SIGNALS.20260804T120305Z_PID13366.jsonl
REGISTRY	DIR	NONE	3452	1785844987	NONE	/data/data/com.termux/files/home/FREYA_ANDROID_888/03_HASH_REGISTERS/ANDROID_SOVEREIGN_V2/DUPLICATE_SIGNALS/ECO_TRANSFORMER_DOO
REGISTRY	FILE	SHA256	242	1785844987	NONE	/data/data/com.termux/files/home/FREYA_ANDROID_888/03_HASH_REGISTERS/ANDROID_SOVEREIGN_V2/DUPLICATE_SIGNALS/ECO_TRANSFORMER_DOO/DUPLICATE_VERSION_MANIFEST.20260804T120305Z_PID13366.sha256
REGISTRY	FILE	JSONL	0	1785844986	NONE	/data/data/com.termux/files/home/FREYA_ANDROID_888/03_HASH_REGISTERS/ANDROID_SOVEREIGN_V2/DUPLICATE_SIGNALS/ECO_TRANSFORMER_DOO/EXACT_DUPLICATE_GROUPS.20260804T120305Z_PID13366.jsonl
REGISTRY	FILE	JSONL	0	1785844986	NONE	/data/data/com.termux/files/home/FREYA_ANDROID_888/03_HASH_REGISTERS/ANDROID_SOVEREIGN_V2/DUPLICATE_SIGNALS/ECO_TRANSFORMER_DOO/VERSION_FAMILY_SIGNALS.20260804T120305Z_PID13366.jsonl
REGISTRY	DIR	NONE	3452	1785844987	NONE	/data/data/com.termux/files/home/FREYA_ANDROID_888/03_HASH_REGISTERS/ANDROID_SOVEREIGN_V2/DUPLICATE_SIGNALS/FREYA
REGISTRY	FILE	SHA256	242	1785844987	NONE	/data/data/com.termux/files/home/FREYA_ANDROID_888/03_HASH_REGISTERS/ANDROID_SOVEREIGN_V2/DUPLICATE_SIGNALS/FREYA/DUPLICATE_VERSION_MANIFEST.20260804T120305Z_PID13366.sha256
REGISTRY	FILE	JSONL	0	1785844986	NONE	/data/data/com.termux/files/home/FREYA_ANDROID_888/03_HASH_REGISTERS/ANDROID_SOVEREIGN_V2/DUPLICATE_SIGNALS/FREYA/EXACT_DUPLICATE_GROUPS.20260804T120305Z_PID13366.jsonl
REGISTRY	FILE	JSONL	0	1785844986	NONE	/data/data/com.termux/files/home/FREYA_ANDROID_888/03_HASH_REGISTERS/ANDROID_SOVEREIGN_V2/DUPLICATE_SIGNALS/FREYA/VERSION_FAMILY_SIGNALS.20260804T120305Z_PID13366.jsonl
REGISTRY	DIR	NONE	3452	1785844987	NONE	/data/data/com.termux/files/home/FREYA_ANDROID_888/03_HASH_REGISTERS/ANDROID_SOVEREIGN_V2/DUPLICATE_SIGNALS/MAREL_ENGINEERING_DOO
REGISTRY	FILE	SHA256	242	1785844987	NONE	/data/data/com.termux/files/home/FREYA_ANDROID_888/03_HASH_REGISTERS/ANDROID_SOVEREIGN_V2/DUPLICATE_SIGNALS/MAREL_ENGINEERING_DOO/DUPLICATE_VERSION_MANIFEST.20260804T120305Z_PID13366.sha256
REGISTRY	FILE	JSONL	0	1785844986	NONE	/data/data/com.termux/files/home/FREYA_ANDROID_888/03_HASH_REGISTERS/ANDROID_SOVEREIGN_V2/DUPLICATE_SIGNALS/MAREL_ENGINEERING_DOO/EXACT_DUPLICATE_GROUPS.20260804T120305Z_PID13366.jsonl
REGISTRY	FILE	JSONL	0	1785844986	NONE	/data/data/com.termux/files/home/FREYA_ANDROID_888/03_HASH_REGISTERS/ANDROID_SOVEREIGN_V2/DUPLICATE_SIGNALS/MAREL_ENGINEERING_DOO/VERSION_FAMILY_SIGNALS.20260804T120305Z_PID13366.jsonl
REGISTRY	DIR	NONE	3452	1785844988	NONE	/data/data/com.termux/files/home/FREYA_ANDROID_888/03_HASH_REGISTERS/ANDROID_SOVEREIGN_V2/DUPLICATE_SIGNALS/UNRESOLVED
REGISTRY	FILE	SHA256	242	1785844988	NONE	/data/data/com.termux/files/home/FREYA_ANDROID_888/03_HASH_REGISTERS/ANDROID_SOVEREIGN_V2/DUPLICATE_SIGNALS/UNRESOLVED/DUPLICATE_VERSION_MANIFEST.20260804T120305Z_PID13366.sha256
REGISTRY	FILE	JSONL	18283	1785844986	NONE	/data/data/com.termux/files/home/FREYA_ANDROID_888/03_HASH_REGISTERS/ANDROID_SOVEREIGN_V2/DUPLICATE_SIGNALS/UNRESOLVED/EXACT_DUPLICATE_GROUPS.20260804T120305Z_PID13366.jsonl
REGISTRY	FILE	JSONL	22165	1785844986	NONE	/data/data/com.termux/files/home/FREYA_ANDROID_888/03_HASH_REGISTERS/ANDROID_SOVEREIGN_V2/DUPLICATE_SIGNALS/UNRESOLVED/VERSION_FAMILY_SIGNALS.20260804T120305Z_PID13366.jsonl
REGISTRY	DIR	NONE	3452	1785844290	NONE	/data/data/com.termux/files/home/FREYA_ANDROID_888/03_HASH_REGISTERS/ANDROID_SOVEREIGN_V2/UNRESOLVED
REGISTRY	FILE	JSONL	308659	1785844290	NONE	/data/data/com.termux/files/home/FREYA_ANDROID_888/03_HASH_REGISTERS/ANDROID_SOVEREIGN_V2/UNRESOLVED/HASH_LEDGER.20260804T115128Z_PID10345.jsonl
REGISTRY	FILE	TSV	92422	1785946162	NONE	/data/data/com.termux/files/home/FREYA_ANDROID_888/06_DAILY_PACKAGES/.A23R4_A26_DERIVED_PACKAGE_ACCEPTANCE_STAGE_20260805T165057Z_PID25522/PAYLOAD/03_INVENTORY/CLASSIFICATION_REGISTRY.tsv
REGISTRY	FILE	XLSX	6002	1783105668	NONE	/data/data/com.termux/files/home/FREYA_ANDROID_888/06_DAILY_PACKAGES/ANDROID_ARS7_20260802T193649Z_3580/FILES/02_ARS_P1_VDR_REGISTER_20260703_210747.xlsx
REGISTRY	FILE	TSV	2198	1785699409	NONE	/data/data/com.termux/files/home/FREYA_ANDROID_888/06_DAILY_PACKAGES/ANDROID_ARS7_20260802T193649Z_3580/HASH_REGISTRY.tsv
REGISTRY	FILE	TSV	92422	1785946162	NONE	/data/data/com.termux/files/home/FREYA_ANDROID_888/06_DAILY_PACKAGES/ANDROID_ARS_RECOVERY_20260805T160922Z/PAYLOAD/03_INVENTORY/CLASSIFICATION_REGISTRY.tsv
REGISTRY	FILE	TSV	92422	1785946162	NONE	/data/data/com.termux/files/home/FREYA_ANDROID_888/06_DAILY_PACKAGES/ANDROID_ARS_RECOVERY_DERIVED_20260805T170007Z_A23R4/PAYLOAD/03_INVENTORY/CLASSIFICATION_REGISTRY.tsv
REGISTRY	FILE	XLSX	6002	1783105668	NONE	/data/data/com.termux/files/home/FREYA_ANDROID_888/15_RUNTIME/ARCHIVE_EXTRACT_RELEASES/F08_20260807T172440Z_PID17083/UNPACKED/06_5c6276ab0ad1acf4/ARS_P1_VDR_REGISTER_20260703_210747.xlsx
REGISTRY	FILE	TSV	6736	1786124722	NONE	/data/data/com.termux/files/home/FREYA_ANDROID_888/15_RUNTIME/RECOVERED_CONTENT_RELEASES/F13_20260807T174517Z_PID8281/METADATA/OBJECT_REGISTRY.tsv
REGISTRY	FILE	TSV	16324	1786124723	NONE	/data/data/com.termux/files/home/FREYA_ANDROID_888/15_RUNTIME/RECOVERED_CONTENT_RELEASES/F13_20260807T174517Z_PID8281/METADATA/PROVENANCE_REGISTRY.tsv
REGISTRY	FILE	JSONL	0	1785844784	NONE	/data/data/com.termux/files/home/FREYA_ANDROID_888/24_CLASSIFICATION/ANDROID_SOVEREIGN_V2/PRIVACY/ADS_METAL_TURKEY/PRIVACY_REGISTER.20260804T115944Z_PID12078.jsonl
REGISTRY	FILE	JSONL	0	1785844784	NONE	/data/data/com.termux/files/home/FREYA_ANDROID_888/24_CLASSIFICATION/ANDROID_SOVEREIGN_V2/PRIVACY/ARS_METAL_INDUSTRIES_DOO/PRIVACY_REGISTER.20260804T115944Z_PID12078.jsonl
REGISTRY	FILE	JSONL	0	1785844784	NONE	/data/data/com.termux/files/home/FREYA_ANDROID_888/24_CLASSIFICATION/ANDROID_SOVEREIGN_V2/PRIVACY/ECO_TRANSFORMER_DOO/PRIVACY_REGISTER.20260804T115944Z_PID12078.jsonl
REGISTRY	FILE	JSONL	1450	1785844785	NONE	/data/data/com.termux/files/home/FREYA_ANDROID_888/24_CLASSIFICATION/ANDROID_SOVEREIGN_V2/PRIVACY/FREYA/PRIVACY_REGISTER.20260804T115944Z_PID12078.jsonl
REGISTRY	FILE	JSONL	0	1785844785	NONE	/data/data/com.termux/files/home/FREYA_ANDROID_888/24_CLASSIFICATION/ANDROID_SOVEREIGN_V2/PRIVACY/MAREL_ENGINEERING_DOO/PRIVACY_REGISTER.20260804T115944Z_PID12078.jsonl
REGISTRY	FILE	JSONL	283240	1785844785	NONE	/data/data/com.termux/files/home/FREYA_ANDROID_888/24_CLASSIFICATION/ANDROID_SOVEREIGN_V2/PRIVACY/UNRESOLVED/PRIVACY_REGISTER.20260804T115944Z_PID12078.jsonl
SEARCH	FILE	TXT	116	1785761432	NONE	/data/data/com.termux/files/home/FREYA_ANDROID_888/00_CONTROL/BATCHES/ANDROID_A02_SCRIPT_AND_AUTOSTART_FORENSIC_AUDIT/ANDROID_A02_SCRIPT_AND_AUTOSTART_FORENSIC_AUDIT_20260803T125032Z_PID3425/SEARCH_ROOTS.txt
SEARCH	FILE	TXT	84	1785761701	NONE	/data/data/com.termux/files/home/FREYA_ANDROID_888/00_CONTROL/BATCHES/ANDROID_A02_SCRIPT_AND_AUTOSTART_FORENSIC_AUDIT/ANDROID_A02_SCRIPT_AND_AUTOSTART_FORENSIC_AUDIT_20260803T125500Z_PID8223/SEARCH_ROOTS.txt
SEARCH	FILE	TXT	66	1785799193	NONE	/data/data/com.termux/files/home/FREYA_ANDROID_888/00_CONTROL/BATCHES/ANDROID_R02R3_MANIFEST_VARIANCE_RECOVERY_AND_CAPABILITY_AUDIT_CLOSURE/20260803T231952Z_PID19518/TERMUX_PACKAGE_QUERY.txt
SEARCH	FILE	TXT	66	1785798820	NONE	/data/data/com.termux/files/home/FREYA_ANDROID_888/00_CONTROL/BATCHES/ANDROID_R02_LOCAL_ANDROID_BUILD_AND_CAPABILITY_AUDIT/20260803T231340Z_PID17735/ANDROID_TERMUX_PACKAGE_QUERY.txt
